smiles,heavy_atoms,is_ism,ism_name,ism_year,post2021
C,1,1,methane,1991,
N,1,1,ammonia,1968,
O,1,1,water,1969,
C#C,2,1,acetylene,1976,
C#N,2,1,hydrogen cyanide,1971,
C=C,2,1,ethylene,1981,
C=N,2,1,methanimine,1973,
C=O,2,1,formaldehyde,1969,
CC,2,0,,0,
CN,2,1,methylamine,1974,
CO,2,1,methanol,1970,
N#N,2,1,molecular nitrogen,2004,
N=N,2,0,,0,
N=O,2,1,nitroxyl HNO,1977,
NN,2,0,,0,
NO,2,1,hydroxylamine,2020,
O=O,2,1,molecular oxygen,2007,
OO,2,1,hydrogen peroxide,2011,
C#CC,3,1,propyne,1973,
C#CN,3,0,,0,
C#CO,3,0,,0,
C1#CC1,3,0,,0,
C1#CN1,3,0,,0,
C1#CO1,3,0,,0,
C1=C=C=1,3,0,,0,
C1=CC1,3,0,,0,
C1=CC=1,3,0,,0,
C1=CN1,3,0,,0,
C1=CN=1,3,0,,0,
C1=CO1,3,0,,0,
C1=NC1,3,0,,0,
C1=NN1,3,0,,0,
C1=NN=1,3,0,,0,
C1=NO1,3,0,,0,
C1CC1,3,0,,0,
C1CN1,3,0,,0,
C1CO1,3,1,ethylene oxide,1997,
C1N=N1,3,0,,0,
C1NN1,3,0,,0,
C1NO1,3,0,,0,
C1OO1,3,0,,0,
C=C=C,3,0,,0,
C=C=N,3,1,ketenimine,2006,
C=C=O,3,1,ketene,1977,
C=CC,3,1,propene,2007,
C=CN,3,1,vinylamine,2021,
C=CO,3,1,vinyl alcohol,2001,
C=NC,3,0,,0,
C=NN,3,0,,0,
C=NO,3,0,,0,
CC#N,3,1,acetonitrile,1971,
CC=N,3,1,ethanimine,2013,
CC=O,3,1,acetaldehyde,1973,
CCC,3,0,,0,
CCN,3,0,,0,
CCO,3,1,ethanol,1975,
CN=N,3,0,,0,
CN=O,3,0,,0,
CNC,3,0,,0,
CNN,3,0,,0,
CNO,3,0,,0,
COC,3,1,dimethyl ether,1974,
CON,3,0,,0,
COO,3,0,,0,
N#CN,3,1,cyanamide,1975,
N#CO,3,1,cyanic acid HOCN,2009,
N1=NN1,3,0,,0,
N1=NO1,3,0,,0,
N=C=N,3,1,carbodiimide,2012,
N=C=O,3,1,isocyanic acid HNCO,1972,
N=CN,3,0,,0,
N=CO,3,0,,0,
N=NN,3,0,,0,
N=NO,3,0,,0,
NC=O,3,1,formamide,1971,
NCN,3,0,,0,
NCO,3,0,,0,
NN=O,3,0,,0,
NNN,3,0,,0,
NNO,3,0,,0,
NON,3,0,,0,
NOO,3,0,,0,
O=C=O,3,1,carbon dioxide,1989,
O=CO,3,1,formic acid,1971,
O=NO,3,1,nitrous acid HONO,2019,
OCO,3,0,,0,
ONO,3,0,,0,
OOO,3,0,,0,
[nH]1[nH][nH]1,3,0,,0,
[nH]1[nH]o1,3,0,,0,
[nH]1oo1,3,0,,0,
o1oo1,3,0,,0,
C#CC#C,4,1,diacetylene,2001,
C#CC#N,4,1,cyanoacetylene,1971,
C#CC=C,4,1,vinylacetylene,2021,
C#CC=N,4,1,propargylimine,2020,
C#CC=O,4,1,propynal,1988,
C#CCC,4,0,,0,
C#CCN,4,0,,0,
C#CCO,4,0,,0,
C#CN=C,4,0,,0,
C#CN=N,4,0,,0,
C#CN=O,4,0,,0,
C#CNC,4,0,,0,
C#CNN,4,0,,0,
C#CNO,4,0,,0,
C#COC,4,0,,0,
C#CON,4,0,,0,
C#COO,4,0,,0,
C1#CC#C1,4,0,,0,
C1#CC=C1,4,0,,0,
C1#CCC1,4,0,,0,
C1#CN=C1,4,0,,0,
C1#CN=N1,4,0,,0,
C1#CNC1,4,0,,0,
C1#COC1,4,0,,0,
C12=C3C1=C23,4,0,,0,
C12=C3C1C23,4,0,,0,
C12=C3C1N23,4,0,,0,
C12C3C1C23,4,0,,0,
C12C3C1N23,4,0,,0,
C12C3N1N23,4,0,,0,
C12n3n1n32,4,0,,0,
C1=C2C=C12,4,0,,0,
C1=C2CC12,4,0,,0,
C1=C2CC=12,4,0,,0,
C1=C2CN12,4,0,,0,
C1=C2N=C12,4,0,,0,
C1=C2NC12,4,0,,0,
C1=C2NC=12,4,0,,0,
C1=C2OC12,4,0,,0,
C1=C2OC=12,4,0,,0,
C1=C=C=C=1,4,0,,0,
C1=C=CC=1,4,0,,0,
C1=C=NC=1,4,0,,0,
C1=C=NN=1,4,0,,0,
C1=CC=C1,4,0,,0,
C1=CCC1,4,0,,0,
C1=CCC=1,4,0,,0,
C1=CCN=1,4,0,,0,
C1=CN=C1,4,0,,0,
C1=CN=N1,4,0,,0,
C1=CNC1,4,0,,0,
C1=CNC=1,4,0,,0,
C1=CNN=1,4,0,,0,
C1=COC1,4,0,,0,
C1=COC=1,4,0,,0,
C1=CON=1,4,0,,0,
C1=NC=N1,4,0,,0,
C1=NCC1,4,0,,0,
C1=NCN1,4,0,,0,
C1=NCN=1,4,0,,0,
C1=NCO1,4,0,,0,
C1=NN=C1,4,0,,0,
C1=NN=N1,4,0,,0,
C1=NNC1,4,0,,0,
C1=NNN=1,4,0,,0,
C1=NOC1,4,0,,0,
C1=NON=1,4,0,,0,
C1C2=C1C2,4,0,,0,
C1C2=C1N2,4,0,,0,
C1C2=C1O2,4,0,,0,
C1C2=NC12,4,0,,0,
C1C2=NN12,4,0,,0,
C1C2CC12,4,0,,0,
C1C2CN12,4,0,,0,
C1C2NC12,4,0,,0,
C1C2NN12,4,0,,0,
C1C2OC12,4,0,,0,
C1C2ON12,4,0,,0,
C1CCC1,4,0,,0,
C1CN=N1,4,0,,0,
C1CNC1,4,0,,0,
C1CNN1,4,0,,0,
C1COC1,4,0,,0,
C1CON1,4,0,,0,
C1COO1,4,0,,0,
C1N2CN12,4,0,,0,
C1N=NN1,4,0,,0,
C1N=NO1,4,0,,0,
C1NCN1,4,0,,0,
C1NCO1,4,0,,0,
C1NNN1,4,0,,0,
C1NNO1,4,0,,0,
C1NON1,4,0,,0,
C1NOO1,4,0,,0,
C1OCO1,4,0,,0,
C1ONO1,4,0,,0,
C1OOO1,4,0,,0,
C1n2[nH]n21,4,0,,0,
C1n2on21,4,0,,0,
C=C(C)C,4,0,,0,
C=C(C)N,4,0,,0,
C=C(C)O,4,0,,0,
C=C(N)N,4,0,,0,
C=C(N)O,4,0,,0,
C=C(O)O,4,0,,0,
C=C1C#C1,4,0,,0,
C=C1C=C1,4,0,,0,
C=C1C=N1,4,0,,0,
C=C1CC1,4,0,,0,
C=C1CN1,4,0,,0,
C=C1CO1,4,0,,0,
C=C1N=N1,4,0,,0,
C=C1NN1,4,0,,0,
C=C1NO1,4,0,,0,
C=C1OO1,4,0,,0,
C=C=C=C,4,0,,0,
C=C=C=N,4,0,,0,
C=C=C=O,4,0,,0,
C=C=CC,4,0,,0,
C=C=CN,4,0,,0,
C=C=CO,4,0,,0,
C=C=NC,4,0,,0,
C=C=NN,4,0,,0,
C=C=NO,4,0,,0,
C=CC#N,4,1,vinyl cyanide,1975,
C=CC=C,4,0,,0,
C=CC=N,4,0,,0,
C=CC=O,4,1,propenal,2004,
C=CCC,4,0,,0,
C=CCN,4,0,,0,
C=CCO,4,0,,0,
C=CN=C,4,0,,0,
C=CN=N,4,0,,0,
C=CN=O,4,0,,0,
C=CNC,4,0,,0,
C=CNN,4,0,,0,
C=CNO,4,0,,0,
C=COC,4,0,,0,
C=CON,4,0,,0,
C=COO,4,0,,0,
C=NC#N,4,0,,0,
C=NC=N,4,0,,0,
C=NC=O,4,0,,0,
C=NCC,4,0,,0,
C=NCN,4,0,,0,
C=NCO,4,0,,0,
C=NN=C,4,0,,0,
C=NN=N,4,0,,0,
C=NN=O,4,0,,0,
C=NNC,4,0,,0,
C=NNN,4,0,,0,
C=NNO,4,0,,0,
C=NOC,4,0,,0,
C=NON,4,0,,0,
C=NOO,4,0,,0,
CC#CC,4,0,,0,
CC#CN,4,0,,0,
CC#CO,4,0,,0,
CC(=N)N,4,0,,0,
CC(=N)O,4,0,,0,
CC(=O)O,4,1,acetic acid,1997,
CC(C)=N,4,0,,0,
CC(C)=O,4,1,acetone,1987,
CC(C)C,4,0,,0,
CC(C)N,4,0,,0,
CC(C)O,4,0,,0,isopropanol
CC(N)=O,4,1,acetamide,2006,
CC(N)N,4,0,,0,
CC(N)O,4,0,,0,
CC(O)O,4,0,,0,
CC1=C=C1,4,0,,0,
CC1=C=N1,4,0,,0,
CC1=CC1,4,0,,0,
CC1=CN1,4,0,,0,
CC1=CO1,4,0,,0,
CC1=NC1,4,0,,0,
CC1=NN1,4,0,,0,
CC1=NO1,4,0,,0,
CC1C#C1,4,0,,0,
CC1C=C1,4,0,,0,
CC1C=N1,4,0,,0,
CC1CC1,4,0,,0,
CC1CN1,4,0,,0,
CC1CO1,4,1,propylene oxide,2016,
CC1N=N1,4,0,,0,
CC1NN1,4,0,,0,
CC1NO1,4,0,,0,
CC1OO1,4,0,,0,
CC=C=N,4,0,,0,
CC=C=O,4,0,,0,methyl ketene
CC=CC,4,0,,0,
CC=CN,4,0,,0,
CC=CO,4,0,,0,
CC=NC,4,0,,0,
CC=NN,4,0,,0,
CC=NO,4,0,,0,
CCC#N,4,1,ethyl cyanide,1977,
CCC=N,4,0,,0,
CCC=O,4,1,propanal,2004,
CCCC,4,0,,0,
CCCN,4,0,,0,
CCCO,4,0,,0,n-propanol
CCN=N,4,0,,0,
CCN=O,4,0,,0,
CCNC,4,0,,0,
CCNN,4,0,,0,
CCNO,4,0,,0,
CCOC,4,1,ethyl methyl ether,2018,
CCON,4,0,,0,
CCOO,4,0,,0,
CN(C)C,4,0,,0,
CN(C)N,4,0,,0,
CN(C)O,4,0,,0,
CN(N)N,4,0,,0,
CN(N)O,4,0,,0,
CN(O)O,4,0,,0,
CN1C#C1,4,0,,0,
CN1C=C1,4,0,,0,
CN1C=N1,4,0,,0,
CN1CC1,4,0,,0,
CN1CN1,4,0,,0,
CN1CO1,4,0,,0,
CN1N=N1,4,0,,0,
CN=C=N,4,0,,0,
CN=C=O,4,1,methyl isocyanate,2015,
CN=CN,4,0,,0,
CN=CO,4,0,,0,
CN=NC,4,0,,0,
CN=NN,4,0,,0,
CN=NO,4,0,,0,
CNC#N,4,0,,0,
CNC=N,4,0,,0,
CNC=O,4,1,N-methylformamide,2021,
CNCN,4,0,,0,
CNCO,4,0,,0,
CNN=N,4,0,,0,
CNN=O,4,0,,0,
CNNC,4,0,,0,
CNNN,4,0,,0,
CNNO,4,0,,0,
CNOC,4,0,,0,
CNON,4,0,,0,
CNOO,4,0,,0,
COC#N,4,0,,0,
COC=N,4,0,,0,
COC=O,4,1,methyl formate,1975,
COCN,4,0,,0,
COCO,4,1,methoxymethanol,2017,
CON=N,4,0,,0,
CON=O,4,0,,0,
CONN,4,0,,0,
CONO,4,0,,0,
COOC,4,0,,0,
COON,4,0,,0,
COOO,4,0,,0,
Cn1[nH][nH]1,4,0,,0,
Cn1[nH]o1,4,0,,0,
Cn1oo1,4,0,,0,
N#CC#N,4,0,,0,
N#CC=N,4,1,E-cyanomethanimine,2013,
N#CC=O,4,1,cyanoformaldehyde,2007,
N#CCN,4,1,aminoacetonitrile,2008,
N#CCO,4,1,glycolonitrile,2019,
N#CN=N,4,0,,0,
N#CN=O,4,0,,0,
N#CNN,4,0,,0,
N#CNO,4,0,,0,
N#CON,4,0,,0,
N#COO,4,0,,0,
N1=C2N=C12,4,0,,0,
N1=C2NC12,4,0,,0,
N1=C2OC12,4,0,,0,
N1=NN=N1,4,0,,0,
N1C2NC12,4,0,,0,
N1C2NN12,4,0,,0,
N1C2OC12,4,0,,0,
N1C2ON12,4,0,,0,
N1NNN1,4,0,,0,
N1NON1,4,0,,0,
N1NOO1,4,0,,0,
N1ONO1,4,0,,0,
N1OOO1,4,0,,0,
N=C(N)N,4,0,,0,
N=C(N)O,4,0,,0,
N=C(O)O,4,0,,0,
N=C1CC1,4,0,,0,
N=C1CN1,4,0,,0,
N=C1CO1,4,0,,0,
N=C1NN1,4,0,,0,
N=C1NO1,4,0,,0,
N=C1OO1,4,0,,0,
N=C=C=N,4,0,,0,
N=C=C=O,4,0,,0,
N=C=CN,4,0,,0,
N=C=CO,4,0,,0,
N=C=NN,4,0,,0,
N=C=NO,4,0,,0,
N=CC=N,4,0,,0,
N=CC=O,4,0,,0,
N=CCN,4,0,,0,
N=CCO,4,0,,0,
N=CN=N,4,0,,0,
N=CN=O,4,0,,0,
N=CNN,4,0,,0,
N=CNO,4,0,,0,
N=CON,4,0,,0,
N=COO,4,0,,0,
N=NC=O,4,0,,0,
N=NCN,4,0,,0,
N=NCO,4,0,,0,
N=NN=N,4,0,,0,
N=NN=O,4,0,,0,
N=NNN,4,0,,0,
N=NNO,4,0,,0,
N=NON,4,0,,0,
N=NOO,4,0,,0,
N=c1c#c1,4,0,,0,
N=c1cc1,4,0,,0,
N=c1cn1,4,0,,0,
N=c1nn1,4,0,,0,
NC#CN,4,0,,0,
NC#CO,4,0,,0,
NC(=O)O,4,0,,0,
NC(N)=O,4,1,urea,2019,
NC(N)N,4,0,,0,
NC(N)O,4,0,,0,
NC(O)O,4,0,,0,
NC1=C=C1,4,0,,0,
NC1=C=N1,4,0,,0,
NC1=CC1,4,0,,0,
NC1=CN1,4,0,,0,
NC1=CO1,4,0,,0,
NC1=NC1,4,0,,0,
NC1=NN1,4,0,,0,
NC1=NO1,4,0,,0,
NC1C#C1,4,0,,0,
NC1C=C1,4,0,,0,
NC1C=N1,4,0,,0,
NC1CC1,4,0,,0,
NC1CN1,4,0,,0,
NC1CO1,4,0,,0,
NC1N=N1,4,0,,0,
NC1NN1,4,0,,0,
NC1NO1,4,0,,0,
NC1OO1,4,0,,0,
NC=C=O,4,0,,0,
NC=CN,4,0,,0,
NC=CO,4,0,,0,
NC=NN,4,0,,0,
NC=NO,4,0,,0,
NCC=O,4,0,,0,
NCCN,4,0,,0,
NCCO,4,1,ethanolamine,2021,
NCN=O,4,0,,0,
NCNN,4,0,,0,
NCNO,4,0,,0,
NCON,4,0,,0,
NCOO,4,0,,0,
NN(N)N,4,0,,0,
NN(N)O,4,0,,0,
NN(O)O,4,0,,0,
NN1C#C1,4,0,,0,
NN1C=C1,4,0,,0,
NN1C=N1,4,0,,0,
NN1CC1,4,0,,0,
NN1CN1,4,0,,0,
NN1CO1,4,0,,0,
NN1N=N1,4,0,,0,
NN=C=O,4,0,,0,
NN=CO,4,0,,0,
NN=NN,4,0,,0,
NN=NO,4,0,,0,
NNC=O,4,0,,0,
NNCO,4,0,,0,
NNN=O,4,0,,0,
NNNN,4,0,,0,
NNNO,4,0,,0,
NNON,4,0,,0,
NNOO,4,0,,0,
NOC=O,4,0,,0,
NOCO,4,0,,0,
NON=O,4,0,,0,
NONO,4,0,,0,
NOON,4,0,,0,
NOOO,4,0,,0,
Nn1[nH][nH]1,4,0,,0,
Nn1[nH]o1,4,0,,0,
Nn1oo1,4,0,,0,
O1C2OC12,4,0,,0,
O1C2ON12,4,0,,0,
O1OOO1,4,0,,0,
O=C(O)O,4,0,,0,
O=C1CC1,4,0,,0,
O=C1CN1,4,0,,0,
O=C1CO1,4,0,,0,
O=C1NN1,4,0,,0,
O=C1NO1,4,0,,0,
O=C1OO1,4,0,,0,
O=C=C=O,4,0,,0,
O=C=CO,4,0,,0,
O=C=NO,4,0,,0,
O=CC=O,4,0,,0,
O=CCO,4,1,glycolaldehyde,2000,
O=CN=O,4,0,,0,
O=CNO,4,0,,0,
O=COO,4,0,,0,
O=NCO,4,0,,0,
O=NN=O,4,0,,0,
O=NNO,4,0,,0,
O=NOO,4,0,,0,
O=c1c#c1,4,0,,0,
O=c1cc1,4,1,cyclopropenone,2006,
O=c1cn1,4,0,,0,
O=c1nn1,4,0,,0,
OC#CO,4,0,,0,
OC(O)O,4,0,,0,
OC1=C=C1,4,0,,0,
OC1=C=N1,4,0,,0,
OC1=CC1,4,0,,0,
OC1=CN1,4,0,,0,
OC1=CO1,4,0,,0,
OC1=NC1,4,0,,0,
OC1=NN1,4,0,,0,
OC1=NO1,4,0,,0,
OC1C#C1,4,0,,0,
OC1C=C1,4,0,,0,
OC1C=N1,4,0,,0,
OC1CC1,4,0,,0,
OC1CN1,4,0,,0,
OC1CO1,4,0,,0,
OC1N=N1,4,0,,0,
OC1NN1,4,0,,0,
OC1NO1,4,0,,0,
OC1OO1,4,0,,0,
OC=CO,4,0,,0,"1,2-ethenediol"
OC=NO,4,0,,0,
OCCO,4,1,ethylene glycol,2002,
OCNO,4,0,,0,
OCOO,4,0,,0,
ON(O)O,4,0,,0,
ON1C#C1,4,0,,0,
ON1C=C1,4,0,,0,
ON1C=N1,4,0,,0,
ON1CC1,4,0,,0,
ON1CN1,4,0,,0,
ON1CO1,4,0,,0,
ON1N=N1,4,0,,0,
ON=NO,4,0,,0,
ONNO,4,0,,0,
ONOO,4,0,,0,
OOOO,4,0,,0,
On1[nH][nH]1,4,0,,0,
On1[nH]o1,4,0,,0,
On1oo1,4,0,,0,
[nH]1c2[nH]c1=2,4,0,,0,
[nH]1c2oc1=2,4,0,,0,
[nH]1n2[nH]n12,4,0,,0,
[nH]1n2on12,4,0,,0,
c12c3n1n23,4,0,,0,
c1[nH][nH]c#1,4,0,,0,
c1[nH]oc#1,4,0,,0,
c1c2[nH]n1-2,4,0,,0,
c1c2on1-2,4,0,,0,
c1c[nH][nH]1,4,0,,0,
c1co[nH]1,4,0,,0,
c1coo1,4,0,,0,
c1n[nH][nH]1,4,0,,0,
c1n[nH]o1,4,0,,0,
c1no[nH]1,4,0,,0,
c1noo1,4,0,,0,
c1ooc#1,4,0,,0,
n12n3n1n23,4,0,,0,
n1c2[nH]n1-2,4,0,,0,
n1c2on1-2,4,0,,0,
n1n[nH][nH]1,4,0,,0,
n1no[nH]1,4,0,,0,
n1noo1,4,0,,0,
o1c2oc1=2,4,0,,0,
o1n2on12,4,0,,0,
C#CC#CC,5,1,methyldiacetylene,1984,
C#CC#CN,5,0,,0,
C#CC#CO,5,0,,0,
C#CC(=C)C,5,0,,0,
C#CC(=C)N,5,0,,0,
C#CC(=C)O,5,0,,0,
C#CC(=N)N,5,0,,0,
C#CC(=N)O,5,0,,0,
C#CC(=O)O,5,0,,0,
C#CC(C)=N,5,0,,0,
C#CC(C)=O,5,0,,0,
C#CC(C)C,5,0,,0,
C#CC(C)N,5,0,,0,
C#CC(C)O,5,0,,0,
C#CC(N)=O,5,0,,0,
C#CC(N)N,5,0,,0,
C#CC(N)O,5,0,,0,
C#CC(O)O,5,0,,0,
C#CC1=C=C1,5,0,,0,
C#CC1=C=N1,5,0,,0,
C#CC1=CC1,5,0,,0,
C#CC1=CN1,5,0,,0,
C#CC1=CO1,5,0,,0,
C#CC1=NC1,5,0,,0,
C#CC1=NN1,5,0,,0,
C#CC1=NO1,5,0,,0,
C#CC1C#C1,5,0,,0,
C#CC1C=C1,5,0,,0,
C#CC1C=N1,5,0,,0,
C#CC1CC1,5,0,,0,
C#CC1CN1,5,0,,0,
C#CC1CO1,5,0,,0,
C#CC1N=N1,5,0,,0,
C#CC1NN1,5,0,,0,
C#CC1NO1,5,0,,0,
C#CC1OO1,5,0,,0,
C#CC=C=C,5,1,allenyl acetylene,2021,
C#CC=C=N,5,0,,0,
C#CC=C=O,5,0,,0,
C#CC=CC,5,0,,0,
C#CC=CN,5,0,,0,
C#CC=CO,5,0,,0,
C#CC=NC,5,0,,0,
C#CC=NN,5,0,,0,
C#CC=NO,5,0,,0,
C#CCC#C,5,0,,0,
C#CCC#N,5,1,propargyl cyanide,2020,
C#CCC=C,5,0,,0,
C#CCC=N,5,0,,0,
C#CCC=O,5,0,,0,
C#CCCC,5,0,,0,
C#CCCN,5,0,,0,
C#CCCO,5,0,,0,
C#CCN=C,5,0,,0,
C#CCN=N,5,0,,0,
C#CCN=O,5,0,,0,
C#CCNC,5,0,,0,
C#CCNN,5,0,,0,
C#CCNO,5,0,,0,
C#CCOC,5,0,,0,
C#CCON,5,0,,0,
C#CCOO,5,0,,0,
C#CN(C)C,5,0,,0,
C#CN(C)N,5,0,,0,
C#CN(C)O,5,0,,0,
C#CN(N)N,5,0,,0,
C#CN(N)O,5,0,,0,
C#CN(O)O,5,0,,0,
C#CN1C#C1,5,0,,0,
C#CN1C=C1,5,0,,0,
C#CN1C=N1,5,0,,0,
C#CN1CC1,5,0,,0,
C#CN1CN1,5,0,,0,
C#CN1CO1,5,0,,0,
C#CN1N=N1,5,0,,0,
C#CN=C=C,5,0,,0,
C#CN=C=N,5,0,,0,
C#CN=C=O,5,0,,0,
C#CN=CC,5,0,,0,
C#CN=CN,5,0,,0,
C#CN=CO,5,0,,0,
C#CN=NC,5,0,,0,
C#CN=NN,5,0,,0,
C#CN=NO,5,0,,0,
C#CNC#C,5,0,,0,
C#CNC#N,5,0,,0,
C#CNC=C,5,0,,0,
C#CNC=N,5,0,,0,
C#CNC=O,5,0,,0,
C#CNCC,5,0,,0,
C#CNCN,5,0,,0,
C#CNCO,5,0,,0,
C#CNN=C,5,0,,0,
C#CNN=N,5,0,,0,
C#CNN=O,5,0,,0,
C#CNNC,5,0,,0,
C#CNNN,5,0,,0,
C#CNNO,5,0,,0,
C#CNOC,5,0,,0,
C#CNON,5,0,,0,
C#CNOO,5,0,,0,
C#COC#C,5,0,,0,
C#COC#N,5,0,,0,
C#COC=C,5,0,,0,
C#COC=N,5,0,,0,
C#COC=O,5,0,,0,
C#COCC,5,0,,0,
C#COCN,5,0,,0,
C#COCO,5,0,,0,
C#CON=C,5,0,,0,
C#CON=N,5,0,,0,
C#CON=O,5,0,,0,
C#CONC,5,0,,0,
C#CONN,5,0,,0,
C#CONO,5,0,,0,
C#COOC,5,0,,0,
C#COON,5,0,,0,
C#COOO,5,0,,0,
C#Cn1[nH][nH]1,5,0,,0,
C#Cn1[nH]o1,5,0,,0,
C#Cn1oo1,5,0,,0,
C1#CC12C#C2,5,0,,0,
C1#CC12C=C2,5,0,,0,
C1#CC12C=N2,5,0,,0,
C1#CC12CC2,5,0,,0,
C1#CC12CN2,5,0,,0,
C1#CC12CO2,5,0,,0,
C1#CC12N=N2,5,0,,0,
C1#CC12NN2,5,0,,0,
C1#CC12NO2,5,0,,0,
C1#CC12OO2,5,0,,0,
C1#CC2=C1C2,5,0,,0,
C1#CC2C=C12,5,0,,0,
C1#CC2CC12,5,0,,0,
C1#CC2N=C12,5,0,,0,
C1#CC2NC12,5,0,,0,
C1#CC2OC12,5,0,,0,
C1#CCC#C1,5,0,,0,
C1#CCC=C1,5,0,,0,
C1#CCCC1,5,0,,0,
C1#CCN=C1,5,0,,0,
C1#CCNC1,5,0,,0,
C1#CCOC1,5,0,,0,
C1#CN2CC12,5,0,,0,
C1#CN2NC12,5,0,,0,
C1#CN2OC12,5,0,,0,
C1#CN=CC1,5,0,,0,
C1#CN=NC1,5,0,,0,
C1#CNCC1,5,0,,0,
C1#CNCN1,5,0,,0,
C1#CNNC1,5,0,,0,
C1#CNNN1,5,0,,0,
C1#CNOC1,5,0,,0,
C1#CNON1,5,0,,0,
C1#COCC1,5,0,,0,
C1#COCN1,5,0,,0,
C1#COCO1,5,0,,0,
C1#CONC1,5,0,,0,
C1#CONN1,5,0,,0,
C1#CONO1,5,0,,0,
C1#COOC1,5,0,,0,
C1#COON1,5,0,,0,
C1#COOO1,5,0,,0,
C123C45C16C24C356,5,0,,0,
C12=C3C4=C1C234,5,0,,0,
C12=C3C4C1C234,5,0,,0,
C12=C3N4C1C234,5,0,,0,
C12=C3N4N1C234,5,0,,0,
C12C34C5C13C254,5,0,,0,
C12C34N5C13C254,5,0,,0,
C12C3C4C1C234,5,0,,0,
C12C3N4C1C234,5,0,,0,
C12C3N4N1C234,5,0,,0,
C12N3C4N1C243,5,0,,0,
C12N3N4N1C234,5,0,,0,
C1=C2C#CC=12,5,0,,0,
C1=C2C3=C1C23,5,0,,0,
C1=C2C3=C2C13,5,0,,0,
C1=C2C3=C2C=13,5,0,,0,
C1=C2C3=CC123,5,0,,0,
C1=C2C3=NC123,5,0,,0,
C1=C2C3C1C23,5,0,,0,
C1=C2C3C1N23,5,0,,0,
C1=C2C3C2N13,5,0,,0,
C1=C2C3C=1C23,5,0,,0,
C1=C2C3C=1N23,5,0,,0,
C1=C2C3CC123,5,0,,0,
C1=C2C3NC123,5,0,,0,
C1=C2C3OC123,5,0,,0,
C1=C2C=C1C2,5,0,,0,
C1=C2C=C1N2,5,0,,0,
C1=C2C=C1O2,5,0,,0,
C1=C2C=C2C1,5,0,,0,
C1=C2C=CC=12,5,0,,0,
C1=C2C=NC=12,5,0,,0,
C1=C2CC1=N2,5,0,,0,
C1=C2CC1C2,5,0,,0,
C1=C2CC1N2,5,0,,0,
C1=C2CC1O2,5,0,,0,
C1=C2CC2=C1,5,0,,0,
C1=C2CC2=N1,5,0,,0,
C1=C2CC2C1,5,0,,0,
C1=C2CC2N1,5,0,,0,
C1=C2CC2O1,5,0,,0,
C1=C2CC=1C2,5,0,,0,
C1=C2CC=1N2,5,0,,0,
C1=C2CC=1O2,5,0,,0,
C1=C2CCC12,5,0,,0,
C1=C2CCC=12,5,0,,0,
C1=C2CCN12,5,0,,0,
C1=C2CN1C2,5,0,,0,
C1=C2CN2C1,5,0,,0,
C1=C2CN=C12,5,0,,0,
C1=C2CNC12,5,0,,0,
C1=C2CNC=12,5,0,,0,
C1=C2CNN12,5,0,,0,
C1=C2COC12,5,0,,0,
C1=C2COC=12,5,0,,0,
C1=C2CON12,5,0,,0,
C1=C2N3C1N23,5,0,,0,
C1=C2N3CC123,5,0,,0,
C1=C2N3NC123,5,0,,0,
C1=C2N3OC123,5,0,,0,
C1=C2N=C1N2,5,0,,0,
C1=C2N=C1O2,5,0,,0,
C1=C2N=C2C1,5,0,,0,
C1=C2N=NC12,5,0,,0,
C1=C2N=NC=12,5,0,,0,
C1=C2NC1N2,5,0,,0,
C1=C2NC1O2,5,0,,0,
C1=C2NC2C1,5,0,,0,
C1=C2NC2N1,5,0,,0,
C1=C2NC2O1,5,0,,0,
C1=C2NCC12,5,0,,0,
C1=C2NCN12,5,0,,0,
C1=C2NN2C1,5,0,,0,
C1=C2NNC12,5,0,,0,
C1=C2NNN12,5,0,,0,
C1=C2NOC12,5,0,,0,
C1=C2NON12,5,0,,0,
C1=C2OC1O2,5,0,,0,
C1=C2OC2C1,5,0,,0,
C1=C2OC2N1,5,0,,0,
C1=C2OC2O1,5,0,,0,
C1=C2OCC12,5,0,,0,
C1=C2OCN12,5,0,,0,
C1=C2ON2C1,5,0,,0,
C1=C2ONC12,5,0,,0,
C1=C2ONN12,5,0,,0,
C1=C2OOC12,5,0,,0,
C1=C2OON12,5,0,,0,
C1=C=C2CC=12,5,0,,0,
C1=C=C2NC=12,5,0,,0,
C1=C=C2OC=12,5,0,,0,
C1=C=C=C=C=1,5,0,,0,
C1=C=CC=C=1,5,0,,0,
C1=C=CCC=1,5,0,,0,
C1=C=CN=C=1,5,0,,0,
C1=C=CNC=1,5,0,,0,
C1=C=COC=1,5,0,,0,
C1=C=NCC=1,5,0,,0,
C1=C=NCN=1,5,0,,0,
C1=C=NN=C=1,5,0,,0,
C1=C=NNC=1,5,0,,0,
C1=C=NNN=1,5,0,,0,
C1=C=NOC=1,5,0,,0,
C1=C=NON=1,5,0,,0,
C1=CC#CC=1,5,0,,0,
C1=CC#CN=1,5,0,,0,
C1=CC12C=C2,5,0,,0,
C1=CC12C=N2,5,0,,0,
C1=CC12CC2,5,0,,0,
C1=CC12CN2,5,0,,0,
C1=CC12CO2,5,0,,0,
C1=CC12N=N2,5,0,,0,
C1=CC12NN2,5,0,,0,
C1=CC12NO2,5,0,,0,
C1=CC12OO2,5,0,,0,
C1=CC2=C1C2,5,0,,0,
C1=CC2=CC=12,5,0,,0,
C1=CC2=NC=12,5,0,,0,
C1=CC2C=C12,5,0,,0,
C1=CC2CC12,5,0,,0,
C1=CC2CC=12,5,0,,0,
C1=CC2N=C12,5,0,,0,
C1=CC2NC12,5,0,,0,
C1=CC2NC=12,5,0,,0,
C1=CC2OC12,5,0,,0,
C1=CC2OC=12,5,0,,0,
C1=CC=CC=1,5,0,,0,
C1=CC=CN=1,5,0,,0,
C1=CC=NC=1,5,0,,0,
C1=CC=NN=1,5,0,,0,
C1=CCC=C1,5,1,cyclopentadiene,2021,
C1=CCCC1,5,0,,0,
C1=CCCC=1,5,0,,0,
C1=CCCN=1,5,0,,0,
C1=CCN=C1,5,0,,0,
C1=CCNC1,5,0,,0,
C1=CCNC=1,5,0,,0,
C1=CCNN=1,5,0,,0,
C1=CCOC1,5,0,,0,
C1=CCOC=1,5,0,,0,
C1=CCON=1,5,0,,0,
C1=CN2CC12,5,0,,0,
C1=CN2CC=12,5,0,,0,
C1=CN2NC12,5,0,,0,
C1=CN2NC=12,5,0,,0,
C1=CN2OC12,5,0,,0,
C1=CN2OC=12,5,0,,0,
C1=CN=CC1,5,0,,0,
C1=CN=CN=1,5,0,,0,
C1=CN=NC1,5,0,,0,
C1=CN=NC=1,5,0,,0,
C1=CN=NN=1,5,0,,0,
C1=CNCC1,5,0,,0,
C1=CNCN1,5,0,,0,
C1=CNCN=1,5,0,,0,
C1=CNNC1,5,0,,0,
C1=CNNC=1,5,0,,0,
C1=CNNN1,5,0,,0,
C1=CNNN=1,5,0,,0,
C1=CNOC1,5,0,,0,
C1=CNOC=1,5,0,,0,
C1=CNON1,5,0,,0,
C1=CNON=1,5,0,,0,
C1=COCC1,5,0,,0,
C1=COCN1,5,0,,0,
C1=COCN=1,5,0,,0,
C1=COCO1,5,0,,0,
C1=CONC1,5,0,,0,
C1=CONN1,5,0,,0,
C1=CONN=1,5,0,,0,
C1=CONO1,5,0,,0,
C1=COOC1,5,0,,0,
C1=COOC=1,5,0,,0,
C1=COON1,5,0,,0,
C1=COON=1,5,0,,0,
C1=COOO1,5,0,,0,
C1=NC#CN=1,5,0,,0,
C1=NC12C=N2,5,0,,0,
C1=NC12CC2,5,0,,0,
C1=NC12CN2,5,0,,0,
C1=NC12CO2,5,0,,0,
C1=NC12N=N2,5,0,,0,
C1=NC12NN2,5,0,,0,
C1=NC12NO2,5,0,,0,
C1=NC12OO2,5,0,,0,
C1=NC2=C1C2,5,0,,0,
C1=NC2=CC12,5,0,,0,
C1=NC2=CC=12,5,0,,0,
C1=NC2=NC12,5,0,,0,
C1=NC2=NC=12,5,0,,0,
C1=NC2C=C12,5,0,,0,
C1=NC2CC12,5,0,,0,
C1=NC2CC=12,5,0,,0,
C1=NC2CN12,5,0,,0,
C1=NC2N=C12,5,0,,0,
C1=NC2NC12,5,0,,0,
C1=NC2NC=12,5,0,,0,
C1=NC2NN12,5,0,,0,
C1=NC2OC12,5,0,,0,
C1=NC2OC=12,5,0,,0,
C1=NC2ON12,5,0,,0,
C1=NC=CN=1,5,0,,0,
C1=NC=NC1,5,0,,0,
C1=NC=NN=1,5,0,,0,
C1=NCCC1,5,0,,0,
C1=NCCN1,5,0,,0,
C1=NCCN=1,5,0,,0,
C1=NCCO1,5,0,,0,
C1=NCN=C1,5,0,,0,
C1=NCN=N1,5,0,,0,
C1=NCNC1,5,0,,0,
C1=NCNN1,5,0,,0,
C1=NCNN=1,5,0,,0,
C1=NCNO1,5,0,,0,
C1=NCOC1,5,0,,0,
C1=NCON1,5,0,,0,
C1=NCON=1,5,0,,0,
C1=NCOO1,5,0,,0,
C1=NN2CC12,5,0,,0,
C1=NN2CC=12,5,0,,0,
C1=NN2NC12,5,0,,0,
C1=NN2NC=12,5,0,,0,
C1=NN2OC12,5,0,,0,
C1=NN2OC=12,5,0,,0,
C1=NN=CC1,5,0,,0,
C1=NN=NC1,5,0,,0,
C1=NN=NN=1,5,0,,0,
C1=NNCC1,5,0,,0,
C1=NNCN1,5,0,,0,
C1=NNCO1,5,0,,0,
C1=NNNC1,5,0,,0,
C1=NNNN1,5,0,,0,
C1=NNNN=1,5,0,,0,
C1=NNNO1,5,0,,0,
C1=NNOC1,5,0,,0,
C1=NNON1,5,0,,0,
C1=NNON=1,5,0,,0,
C1=NNOO1,5,0,,0,
C1=NOCC1,5,0,,0,
C1=NOCN1,5,0,,0,
C1=NOCO1,5,0,,0,
C1=NONC1,5,0,,0,
C1=NONN1,5,0,,0,
C1=NONO1,5,0,,0,
C1=NOOC1,5,0,,0,
C1=NOON1,5,0,,0,
C1=NOON=1,5,0,,0,
C1=NOOO1,5,0,,0,
C1=c2[nH][nH]c2=1,5,0,,0,
C1=c2[nH]c=1[nH]2,5,0,,0,
C1=c2[nH]c=1o2,5,0,,0,
C1=c2[nH]oc2=1,5,0,,0,
C1=c2n3c=1n2-3,5,0,,0,
C1=c2oc=1o2,5,0,,0,
C1=c2ooc2=1,5,0,,0,
C1C23C4=C2C143,5,0,,0,
C1C23C4C2C143,5,0,,0,
C1C23C4N2C143,5,0,,0,
C1C23CC12C3,5,0,,0,
C1C23CC12N3,5,0,,0,
C1C23CC12O3,5,0,,0,
C1C23N4N2C143,5,0,,0,
C1C23NC12N3,5,0,,0,
C1C23NC12O3,5,0,,0,
C1C23OC12O3,5,0,,0,
C1C2=C1N=N2,5,0,,0,
C1C2=C3C1=C23,5,0,,0,
C1C2=C3C1C23,5,0,,0,
C1C2=C3C1N23,5,0,,0,
C1C2=C3C2N13,5,0,,0,
C1C2=C3CC123,5,0,,0,
C1C2=C3NC123,5,0,,0,
C1C2=C3OC123,5,0,,0,
C1C2=NC1=N2,5,0,,0,
C1C2=NC1C2,5,0,,0,
C1C2=NC1N2,5,0,,0,
C1C2=NC1O2,5,0,,0,
C1C2=NN1C2,5,0,,0,
C1C2=NN=C12,5,0,,0,
C1C2=NNC12,5,0,,0,
C1C2=NOC12,5,0,,0,
C1C2C3=C2C13,5,0,,0,
C1C2C3=C2N13,5,0,,0,
C1C2C3=NC132,5,0,,0,
C1C2C3C1C23,5,0,,0,
C1C2C3C1N23,5,0,,0,
C1C2C3C2N13,5,0,,0,
C1C2C3CC123,5,0,,0,
C1C2C3N1N23,5,0,,0,
C1C2C3NC123,5,0,,0,
C1C2C3OC123,5,0,,0,
C1C2CC1C2,5,0,,0,
C1C2CC1N2,5,0,,0,
C1C2CC1O2,5,0,,0,
C1C2CN1C2,5,0,,0,
C1C2CN1N2,5,0,,0,
C1C2CN1O2,5,0,,0,
C1C2N3C1N23,5,0,,0,
C1C2N3CC123,5,0,,0,
C1C2N3NC123,5,0,,0,
C1C2N3OC123,5,0,,0,
C1C2N=NC12,5,0,,0,
C1C2N=NN12,5,0,,0,
C1C2NC1N2,5,0,,0,
C1C2NC1O2,5,0,,0,
C1C2NN1N2,5,0,,0,
C1C2NN1O2,5,0,,0,
C1C2NNC12,5,0,,0,
C1C2NNN12,5,0,,0,
C1C2NOC12,5,0,,0,
C1C2NON12,5,0,,0,
C1C2OC1O2,5,0,,0,
C1C2ON1O2,5,0,,0,
C1C2ONN12,5,0,,0,
C1C2OOC12,5,0,,0,
C1C2OON12,5,0,,0,
C1C2n3n1n32,5,0,,0,
C1CC12CC2,5,0,,0,
C1CC12CN2,5,0,,0,
C1CC12CO2,5,0,,0,
C1CC12N=N2,5,0,,0,
C1CC12NN2,5,0,,0,
C1CC12NO2,5,0,,0,
C1CC12OO2,5,0,,0,
C1CC2=C1C2,5,0,,0,
C1CC2=C1N2,5,0,,0,
C1CC2=C1O2,5,0,,0,
C1CC2CC12,5,0,,0,
C1CC2N=C12,5,0,,0,
C1CC2NC12,5,0,,0,
C1CC2OC12,5,0,,0,
C1CCCC1,5,0,,0,
C1CCNC1,5,0,,0,
C1CCOC1,5,0,,0,
C1CN2CC12,5,0,,0,
C1CN2CN12,5,0,,0,
C1CN2N=C12,5,0,,0,
C1CN2NC12,5,0,,0,
C1CN2OC12,5,0,,0,
C1CN=NC1,5,0,,0,
C1CNCN1,5,0,,0,
C1CNN=N1,5,0,,0,
C1CNNC1,5,0,,0,
C1CNNN1,5,0,,0,
C1CNOC1,5,0,,0,
C1CNON1,5,0,,0,
C1COCN1,5,0,,0,
C1COCO1,5,0,,0,
C1CON=N1,5,0,,0,
C1CONN1,5,0,,0,
C1CONO1,5,0,,0,
C1COOC1,5,0,,0,
C1COON1,5,0,,0,
C1COOO1,5,0,,0,
C1Cn2[nH]n21,5,0,,0,
C1Cn2on21,5,0,,0,
C1N2C3=NC132,5,0,,0,
C1N2C3C2N13,5,0,,0,
C1N2C3N1N32,5,0,,0,
C1N2C3NC132,5,0,,0,
C1N2C3OC132,5,0,,0,
C1N2CN1C2,5,0,,0,
C1N2CN1N2,5,0,,0,
C1N2CN1O2,5,0,,0,
C1N2N3CC123,5,0,,0,
C1N2N3NC123,5,0,,0,
C1N2N3OC123,5,0,,0,
C1N2NN1N2,5,0,,0,
C1N2NN1O2,5,0,,0,
C1N2NNN12,5,0,,0,
C1N2NON12,5,0,,0,
C1N2ON1O2,5,0,,0,
C1N2OON12,5,0,,0,
C1N=C2CC12,5,0,,0,
C1N=C2CN12,5,0,,0,
C1N=C2N=C12,5,0,,0,
C1N=C2NC12,5,0,,0,
C1N=C2NN12,5,0,,0,
C1N=C2OC12,5,0,,0,
C1N=C2ON12,5,0,,0,
C1N=NCN1,5,0,,0,
C1N=NCO1,5,0,,0,
C1N=NN=N1,5,0,,0,
C1N=NNN1,5,0,,0,
C1N=NNO1,5,0,,0,
C1N=NON1,5,0,,0,
C1N=NOO1,5,0,,0,
C1NC12CN2,5,0,,0,
C1NC12CO2,5,0,,0,
C1NC12N=N2,5,0,,0,
C1NC12NN2,5,0,,0,
C1NC12NO2,5,0,,0,
C1NC12OO2,5,0,,0,
C1NC2=C1C2,5,0,,0,
C1NC2=C1N2,5,0,,0,
C1NC2=C1O2,5,0,,0,
C1NC2=NC12,5,0,,0,
C1NC2=NN12,5,0,,0,
C1NC2CC12,5,0,,0,
C1NC2CN12,5,0,,0,
C1NC2N=C12,5,0,,0,
C1NC2NC12,5,0,,0,
C1NC2NN12,5,0,,0,
C1NC2OC12,5,0,,0,
C1NC2ON12,5,0,,0,
C1NCNN1,5,0,,0,
C1NCON1,5,0,,0,
C1NCOO1,5,0,,0,
C1NN2CC12,5,0,,0,
C1NN2CN12,5,0,,0,
C1NN2N=C12,5,0,,0,
C1NN2NC12,5,0,,0,
C1NN2OC12,5,0,,0,
C1NN=NN1,5,0,,0,
C1NN=NO1,5,0,,0,
C1NNCO1,5,0,,0,
C1NNNN1,5,0,,0,
C1NNNO1,5,0,,0,
C1NNON1,5,0,,0,
C1NNOO1,5,0,,0,
C1NOCO1,5,0,,0,
C1NONO1,5,0,,0,
C1NOON1,5,0,,0,
C1NOOO1,5,0,,0,
C1Nn2[nH]n21,5,0,,0,
C1Nn2on21,5,0,,0,
C1OC12CO2,5,0,,0,
C1OC12N=N2,5,0,,0,
C1OC12NN2,5,0,,0,
C1OC12NO2,5,0,,0,
C1OC12OO2,5,0,,0,
C1OC2=C1C2,5,0,,0,
C1OC2=C1N2,5,0,,0,
C1OC2=C1O2,5,0,,0,
C1OC2=NC12,5,0,,0,
C1OC2=NN12,5,0,,0,
C1OC2CC12,5,0,,0,
C1OC2CN12,5,0,,0,
C1OC2N=C12,5,0,,0,
C1OC2NC12,5,0,,0,
C1OC2NN12,5,0,,0,
C1OC2OC12,5,0,,0,
C1OC2ON12,5,0,,0,
C1OCOO1,5,0,,0,
C1ON2CC12,5,0,,0,
C1ON2CN12,5,0,,0,
C1ON2N=C12,5,0,,0,
C1ON2NC12,5,0,,0,
C1ON2OC12,5,0,,0,
C1ON=NO1,5,0,,0,
C1ONNO1,5,0,,0,
C1ONOO1,5,0,,0,
C1OOOO1,5,0,,0,
C1On2[nH]n21,5,0,,0,
C1On2on21,5,0,,0,
C1c2[nH][nH]c21,5,0,,0,
C1c2[nH]oc21,5,0,,0,
C1c2c3n1n2-3,5,0,,0,
C1c2n[nH]n21,5,0,,0,
C1c2nn1[nH]2,5,0,,0,
C1c2nn1o2,5,0,,0,
C1c2non21,5,0,,0,
C1c2ooc21,5,0,,0,
C1n2c3n1c2=3,5,0,,0,
C1n2n3n1n23,5,0,,0,
C1n2nnn21,5,0,,0,
C=C(C)C#N,5,0,,0,methacrylonitrile
C=C(C)C=N,5,0,,0,
C=C(C)C=O,5,0,,0,
C=C(C)CC,5,0,,0,
C=C(C)CN,5,0,,0,
C=C(C)CO,5,0,,0,
C=C(C)N=N,5,0,,0,
C=C(C)N=O,5,0,,0,
C=C(C)NC,5,0,,0,
C=C(C)NN,5,0,,0,
C=C(C)NO,5,0,,0,
C=C(C)OC,5,0,,0,
C=C(C)ON,5,0,,0,
C=C(C)OO,5,0,,0,
C=C(N)C#N,5,0,,0,
C=C(N)C=N,5,0,,0,
C=C(N)C=O,5,0,,0,
C=C(N)CC,5,0,,0,
C=C(N)CN,5,0,,0,
C=C(N)CO,5,0,,0,
C=C(N)N=N,5,0,,0,
C=C(N)N=O,5,0,,0,
C=C(N)NC,5,0,,0,
C=C(N)NN,5,0,,0,
C=C(N)NO,5,0,,0,
C=C(N)OC,5,0,,0,
C=C(N)ON,5,0,,0,
C=C(N)OO,5,0,,0,
C=C(O)C#N,5,0,,0,
C=C(O)C=N,5,0,,0,
C=C(O)C=O,5,0,,0,
C=C(O)CC,5,0,,0,
C=C(O)CN,5,0,,0,
C=C(O)CO,5,0,,0,
C=C(O)N=N,5,0,,0,
C=C(O)N=O,5,0,,0,
C=C(O)NC,5,0,,0,
C=C(O)NN,5,0,,0,
C=C(O)NO,5,0,,0,
C=C(O)OC,5,0,,0,
C=C(O)ON,5,0,,0,
C=C(O)OO,5,0,,0,
C=C1C#CC1,5,0,,0,
C=C1C#CN1,5,0,,0,
C=C1C#CO1,5,0,,0,
C=C1C2=C1C2,5,0,,0,
C=C1C2=C1N2,5,0,,0,
C=C1C2=C1O2,5,0,,0,
C=C1C2=C=C12,5,0,,0,
C=C1C2=CC12,5,0,,0,
C=C1C2=CN12,5,0,,0,
C=C1C2=NC12,5,0,,0,
C=C1C2=NN12,5,0,,0,
C=C1C2CC12,5,0,,0,
C=C1C2CN12,5,0,,0,
C=C1C2NC12,5,0,,0,
C=C1C2NN12,5,0,,0,
C=C1C2OC12,5,0,,0,
C=C1C2ON12,5,0,,0,
C=C1C=C1C,5,0,,0,
C=C1C=C1N,5,0,,0,
C=C1C=C1O,5,0,,0,
C=C1C=C=C1,5,0,,0,
C=C1C=C=N1,5,0,,0,
C=C1C=CC1,5,0,,0,
C=C1C=CN1,5,0,,0,
C=C1C=CO1,5,0,,0,
C=C1C=NC1,5,0,,0,
C=C1C=NN1,5,0,,0,
C=C1C=NO1,5,0,,0,
C=C1CC1=C,5,0,,0,
C=C1CC1=N,5,0,,0,
C=C1CC1=O,5,0,,0,
C=C1CC1C,5,0,,0,
C=C1CC1N,5,0,,0,
C=C1CC1O,5,0,,0,
C=C1CC=N1,5,0,,0,
C=C1CCC1,5,0,,0,
C=C1CCN1,5,0,,0,
C=C1CCO1,5,0,,0,
C=C1CN1C,5,0,,0,
C=C1CN1N,5,0,,0,
C=C1CN1O,5,0,,0,
C=C1CN=N1,5,0,,0,
C=C1CNC1,5,0,,0,
C=C1CNN1,5,0,,0,
C=C1CNO1,5,0,,0,
C=C1COC1,5,0,,0,
C=C1CON1,5,0,,0,
C=C1COO1,5,0,,0,
C=C1N2CN12,5,0,,0,
C=C1N=C1C,5,0,,0,
C=C1N=C1N,5,0,,0,
C=C1N=C1O,5,0,,0,
C=C1N=C=N1,5,0,,0,
C=C1N=CN1,5,0,,0,
C=C1N=CO1,5,0,,0,
C=C1N=NN1,5,0,,0,
C=C1N=NO1,5,0,,0,
C=C1NC1=C,5,0,,0,
C=C1NC1=N,5,0,,0,
C=C1NC1=O,5,0,,0,
C=C1NC1C,5,0,,0,
C=C1NC1N,5,0,,0,
C=C1NC1O,5,0,,0,
C=C1NCN1,5,0,,0,
C=C1NCO1,5,0,,0,
C=C1NN1C,5,0,,0,
C=C1NN1N,5,0,,0,
C=C1NN1O,5,0,,0,
C=C1NNN1,5,0,,0,
C=C1NNO1,5,0,,0,
C=C1NON1,5,0,,0,
C=C1NOO1,5,0,,0,
C=C1OC1=C,5,0,,0,
C=C1OC1=N,5,0,,0,
C=C1OC1=O,5,0,,0,
C=C1OC1C,5,0,,0,
C=C1OC1N,5,0,,0,
C=C1OC1O,5,0,,0,
C=C1OCO1,5,0,,0,
C=C1ON1C,5,0,,0,
C=C1ON1N,5,0,,0,
C=C1ON1O,5,0,,0,
C=C1ONO1,5,0,,0,
C=C1OOO1,5,0,,0,
C=C1n2[nH]n21,5,0,,0,
C=C1n2on21,5,0,,0,
C=C=C(C)C,5,0,,0,
C=C=C(C)N,5,0,,0,
C=C=C(C)O,5,0,,0,
C=C=C(N)N,5,0,,0,
C=C=C(N)O,5,0,,0,
C=C=C(O)O,5,0,,0,
C=C=C1C#C1,5,0,,0,
C=C=C1C=C1,5,0,,0,
C=C=C1C=N1,5,0,,0,
C=C=C1CC1,5,0,,0,
C=C=C1CN1,5,0,,0,
C=C=C1CO1,5,0,,0,
C=C=C1N=N1,5,0,,0,
C=C=C1NN1,5,0,,0,
C=C=C1NO1,5,0,,0,
C=C=C1OO1,5,0,,0,
C=C=C=C=C,5,0,,0,
C=C=C=C=N,5,0,,0,
C=C=C=C=O,5,0,,0,
C=C=C=CC,5,0,,0,
C=C=C=CN,5,0,,0,
C=C=C=CO,5,0,,0,
C=C=C=NC,5,0,,0,
C=C=C=NN,5,0,,0,
C=C=C=NO,5,0,,0,
C=C=CC#N,5,1,cyanoallene,2006,
C=C=CC=C,5,0,,0,
C=C=CC=N,5,0,,0,
C=C=CC=O,5,0,,0,
C=C=CCC,5,0,,0,
C=C=CCN,5,0,,0,
C=C=CCO,5,0,,0,
C=C=CN=C,5,0,,0,
C=C=CN=N,5,0,,0,
C=C=CN=O,5,0,,0,
C=C=CNC,5,0,,0,
C=C=CNN,5,0,,0,
C=C=CNO,5,0,,0,
C=C=COC,5,0,,0,
C=C=CON,5,0,,0,
C=C=COO,5,0,,0,
C=C=NC#N,5,0,,0,
C=C=NC=C,5,0,,0,
C=C=NC=N,5,0,,0,
C=C=NC=O,5,0,,0,
C=C=NCC,5,0,,0,
C=C=NCN,5,0,,0,
C=C=NCO,5,0,,0,
C=C=NN=C,5,0,,0,
C=C=NN=N,5,0,,0,
C=C=NN=O,5,0,,0,
C=C=NNC,5,0,,0,
C=C=NNN,5,0,,0,
C=C=NNO,5,0,,0,
C=C=NOC,5,0,,0,
C=C=NON,5,0,,0,
C=C=NOO,5,0,,0,
C=CC#CC,5,0,,0,
C=CC#CN,5,0,,0,
C=CC#CO,5,0,,0,
C=CC(=C)C,5,0,,0,
C=CC(=C)N,5,0,,0,
C=CC(=C)O,5,0,,0,
C=CC(=N)N,5,0,,0,
C=CC(=N)O,5,0,,0,
C=CC(=O)O,5,0,,0,
C=CC(C)=N,5,0,,0,
C=CC(C)=O,5,0,,0,
C=CC(C)C,5,0,,0,
C=CC(C)N,5,0,,0,
C=CC(C)O,5,0,,0,
C=CC(N)=O,5,0,,0,
C=CC(N)N,5,0,,0,
C=CC(N)O,5,0,,0,
C=CC(O)O,5,0,,0,
C=CC1=C=C1,5,0,,0,
C=CC1=C=N1,5,0,,0,
C=CC1=CC1,5,0,,0,
C=CC1=CN1,5,0,,0,
C=CC1=CO1,5,0,,0,
C=CC1=NC1,5,0,,0,
C=CC1=NN1,5,0,,0,
C=CC1=NO1,5,0,,0,
C=CC1C#C1,5,0,,0,
C=CC1C=C1,5,0,,0,
C=CC1C=N1,5,0,,0,
C=CC1CC1,5,0,,0,
C=CC1CN1,5,0,,0,
C=CC1CO1,5,0,,0,
C=CC1N=N1,5,0,,0,
C=CC1NN1,5,0,,0,
C=CC1NO1,5,0,,0,
C=CC1OO1,5,0,,0,
C=CC=C=N,5,0,,0,
C=CC=C=O,5,0,,0,
C=CC=CC,5,0,,0,
C=CC=CN,5,0,,0,
C=CC=CO,5,0,,0,
C=CC=NC,5,0,,0,
C=CC=NN,5,0,,0,
C=CC=NO,5,0,,0,
C=CCC#N,5,0,,0,allyl cyanide
C=CCC=C,5,0,,0,
C=CCC=N,5,0,,0,
C=CCC=O,5,0,,0,
C=CCCC,5,0,,0,
C=CCCN,5,0,,0,
C=CCCO,5,0,,0,
C=CCN=C,5,0,,0,
C=CCN=N,5,0,,0,
C=CCN=O,5,0,,0,
C=CCNC,5,0,,0,
C=CCNN,5,0,,0,
C=CCNO,5,0,,0,
C=CCOC,5,0,,0,
C=CCON,5,0,,0,
C=CCOO,5,0,,0,
C=CN(C)C,5,0,,0,
C=CN(C)N,5,0,,0,
C=CN(C)O,5,0,,0,
C=CN(N)N,5,0,,0,
C=CN(N)O,5,0,,0,
C=CN(O)O,5,0,,0,
C=CN1C#C1,5,0,,0,
C=CN1C=C1,5,0,,0,
C=CN1C=N1,5,0,,0,
C=CN1CC1,5,0,,0,
C=CN1CN1,5,0,,0,
C=CN1CO1,5,0,,0,
C=CN1N=N1,5,0,,0,
C=CN=C=N,5,0,,0,
C=CN=C=O,5,0,,0,
C=CN=CC,5,0,,0,
C=CN=CN,5,0,,0,
C=CN=CO,5,0,,0,
C=CN=NC,5,0,,0,
C=CN=NN,5,0,,0,
C=CN=NO,5,0,,0,
C=CNC#N,5,0,,0,
C=CNC=C,5,0,,0,
C=CNC=N,5,0,,0,
C=CNC=O,5,0,,0,
C=CNCC,5,0,,0,
C=CNCN,5,0,,0,
C=CNCO,5,0,,0,
C=CNN=C,5,0,,0,
C=CNN=N,5,0,,0,
C=CNN=O,5,0,,0,
C=CNNC,5,0,,0,
C=CNNN,5,0,,0,
C=CNNO,5,0,,0,
C=CNOC,5,0,,0,
C=CNON,5,0,,0,
C=CNOO,5,0,,0,
C=COC#N,5,0,,0,
C=COC=C,5,0,,0,
C=COC=N,5,0,,0,
C=COC=O,5,0,,0,
C=COCC,5,0,,0,
C=COCN,5,0,,0,
C=COCO,5,0,,0,
C=CON=C,5,0,,0,
C=CON=N,5,0,,0,
C=CON=O,5,0,,0,
C=CONC,5,0,,0,
C=CONN,5,0,,0,
C=CONO,5,0,,0,
C=COOC,5,0,,0,
C=COON,5,0,,0,
C=COOO,5,0,,0,
C=Cn1[nH][nH]1,5,0,,0,
C=Cn1[nH]o1,5,0,,0,
C=Cn1oo1,5,0,,0,
C=NC#CC,5,0,,0,
C=NC#CN,5,0,,0,
C=NC#CO,5,0,,0,
C=NC(=C)C,5,0,,0,
C=NC(=C)N,5,0,,0,
C=NC(=C)O,5,0,,0,
C=NC(=N)N,5,0,,0,
C=NC(=N)O,5,0,,0,
C=NC(=O)O,5,0,,0,
C=NC(C)=N,5,0,,0,
C=NC(C)=O,5,0,,0,
C=NC(C)C,5,0,,0,
C=NC(C)N,5,0,,0,
C=NC(C)O,5,0,,0,
C=NC(N)=O,5,0,,0,
C=NC(N)N,5,0,,0,
C=NC(N)O,5,0,,0,
C=NC(O)O,5,0,,0,
C=NC1=C=C1,5,0,,0,
C=NC1=C=N1,5,0,,0,
C=NC1=CC1,5,0,,0,
C=NC1=CN1,5,0,,0,
C=NC1=CO1,5,0,,0,
C=NC1=NC1,5,0,,0,
C=NC1=NN1,5,0,,0,
C=NC1=NO1,5,0,,0,
C=NC1C#C1,5,0,,0,
C=NC1C=C1,5,0,,0,
C=NC1C=N1,5,0,,0,
C=NC1CC1,5,0,,0,
C=NC1CN1,5,0,,0,
C=NC1CO1,5,0,,0,
C=NC1N=N1,5,0,,0,
C=NC1NN1,5,0,,0,
C=NC1NO1,5,0,,0,
C=NC1OO1,5,0,,0,
C=NC=C=N,5,0,,0,
C=NC=C=O,5,0,,0,
C=NC=CC,5,0,,0,
C=NC=CN,5,0,,0,
C=NC=CO,5,0,,0,
C=NC=NC,5,0,,0,
C=NC=NN,5,0,,0,
C=NC=NO,5,0,,0,
C=NCC#N,5,0,,0,
C=NCC=N,5,0,,0,
C=NCC=O,5,0,,0,
C=NCCC,5,0,,0,
C=NCCN,5,0,,0,
C=NCCO,5,0,,0,
C=NCN=C,5,0,,0,
C=NCN=N,5,0,,0,
C=NCN=O,5,0,,0,
C=NCNC,5,0,,0,
C=NCNN,5,0,,0,
C=NCNO,5,0,,0,
C=NCOC,5,0,,0,
C=NCON,5,0,,0,
C=NCOO,5,0,,0,
C=NN(C)C,5,0,,0,
C=NN(C)N,5,0,,0,
C=NN(C)O,5,0,,0,
C=NN(N)N,5,0,,0,
C=NN(N)O,5,0,,0,
C=NN(O)O,5,0,,0,
C=NN1C#C1,5,0,,0,
C=NN1C=C1,5,0,,0,
C=NN1C=N1,5,0,,0,
C=NN1CC1,5,0,,0,
C=NN1CN1,5,0,,0,
C=NN1CO1,5,0,,0,
C=NN1N=N1,5,0,,0,
C=NN=C=N,5,0,,0,
C=NN=C=O,5,0,,0,
C=NN=CC,5,0,,0,
C=NN=CN,5,0,,0,
C=NN=CO,5,0,,0,
C=NN=NC,5,0,,0,
C=NN=NN,5,0,,0,
C=NN=NO,5,0,,0,
C=NNC#N,5,0,,0,
C=NNC=N,5,0,,0,
C=NNC=O,5,0,,0,
C=NNCC,5,0,,0,
C=NNCN,5,0,,0,
C=NNCO,5,0,,0,
C=NNN=C,5,0,,0,
C=NNN=N,5,0,,0,
C=NNN=O,5,0,,0,
C=NNNC,5,0,,0,
C=NNNN,5,0,,0,
C=NNNO,5,0,,0,
C=NNOC,5,0,,0,
C=NNON,5,0,,0,
C=NNOO,5,0,,0,
C=NOC#N,5,0,,0,
C=NOC=N,5,0,,0,
C=NOC=O,5,0,,0,
C=NOCC,5,0,,0,
C=NOCN,5,0,,0,
C=NOCO,5,0,,0,
C=NON=C,5,0,,0,
C=NON=N,5,0,,0,
C=NON=O,5,0,,0,
C=NONC,5,0,,0,
C=NONN,5,0,,0,
C=NONO,5,0,,0,
C=NOOC,5,0,,0,
C=NOON,5,0,,0,
C=NOOO,5,0,,0,
C=Nn1[nH][nH]1,5,0,,0,
C=Nn1[nH]o1,5,0,,0,
C=Nn1oo1,5,0,,0,
CC#CC#N,5,1,methyl cyanoacetylene,1984,
CC#CC=N,5,0,,0,
CC#CC=O,5,0,,0,
CC#CCC,5,0,,0,
CC#CCN,5,0,,0,
CC#CCO,5,0,,0,
CC#CN=N,5,0,,0,
CC#CN=O,5,0,,0,
CC#CNC,5,0,,0,
CC#CNN,5,0,,0,
CC#CNO,5,0,,0,
CC#COC,5,0,,0,
CC#CON,5,0,,0,
CC#COO,5,0,,0,
CC(=N)C#N,5,0,,0,
CC(=N)C=N,5,0,,0,
CC(=N)C=O,5,0,,0,
CC(=N)CN,5,0,,0,
CC(=N)CO,5,0,,0,
CC(=N)N=N,5,0,,0,
CC(=N)N=O,5,0,,0,
CC(=N)NN,5,0,,0,
CC(=N)NO,5,0,,0,
CC(=N)ON,5,0,,0,
CC(=N)OO,5,0,,0,
CC(=O)C#N,5,0,,0,
CC(=O)C=N,5,0,,0,
CC(=O)C=O,5,0,,0,
CC(=O)CN,5,0,,0,
CC(=O)CO,5,1,hydroxyacetone,2020,
CC(=O)N=N,5,0,,0,
CC(=O)N=O,5,0,,0,
CC(=O)NN,5,0,,0,
CC(=O)NO,5,0,,0,
CC(=O)ON,5,0,,0,
CC(=O)OO,5,0,,0,
CC(C)(C)C,5,0,,0,
CC(C)(C)N,5,0,,0,
CC(C)(C)O,5,0,,0,
CC(C)(N)N,5,0,,0,
CC(C)(N)O,5,0,,0,
CC(C)(O)O,5,0,,0,
CC(C)=C=N,5,0,,0,
CC(C)=C=O,5,0,,0,
CC(C)=CN,5,0,,0,
CC(C)=CO,5,0,,0,
CC(C)=NN,5,0,,0,
CC(C)=NO,5,0,,0,
CC(C)C#N,5,1,isopropyl cyanide,2014,
CC(C)C=N,5,0,,0,
CC(C)C=O,5,0,,0,
CC(C)CN,5,0,,0,
CC(C)CO,5,0,,0,
CC(C)N=N,5,0,,0,
CC(C)N=O,5,0,,0,
CC(C)NN,5,0,,0,
CC(C)NO,5,0,,0,
CC(C)ON,5,0,,0,
CC(C)OO,5,0,,0,
CC(N)(N)N,5,0,,0,
CC(N)(N)O,5,0,,0,
CC(N)(O)O,5,0,,0,
CC(N)=C=N,5,0,,0,
CC(N)=C=O,5,0,,0,
CC(N)=CN,5,0,,0,
CC(N)=CO,5,0,,0,
CC(N)=NN,5,0,,0,
CC(N)=NO,5,0,,0,
CC(N)C#N,5,0,,0,
CC(N)C=N,5,0,,0,
CC(N)C=O,5,0,,0,
CC(N)CN,5,0,,0,
CC(N)CO,5,0,,0,
CC(N)N=N,5,0,,0,
CC(N)N=O,5,0,,0,
CC(N)NN,5,0,,0,
CC(N)NO,5,0,,0,
CC(N)ON,5,0,,0,
CC(N)OO,5,0,,0,
CC(O)(O)O,5,0,,0,
CC(O)=C=N,5,0,,0,
CC(O)=C=O,5,0,,0,
CC(O)=CN,5,0,,0,
CC(O)=CO,5,0,,0,
CC(O)=NN,5,0,,0,
CC(O)=NO,5,0,,0,
CC(O)C#N,5,0,,0,
CC(O)C=N,5,0,,0,
CC(O)C=O,5,0,,0,
CC(O)CN,5,0,,0,
CC(O)CO,5,0,,0,
CC(O)N=N,5,0,,0,
CC(O)N=O,5,0,,0,
CC(O)NN,5,0,,0,
CC(O)NO,5,0,,0,
CC(O)ON,5,0,,0,
CC(O)OO,5,0,,0,
CC1(C)C#C1,5,0,,0,
CC1(C)C=C1,5,0,,0,
CC1(C)C=N1,5,0,,0,
CC1(C)CC1,5,0,,0,
CC1(C)CN1,5,0,,0,
CC1(C)CO1,5,0,,0,
CC1(C)N=N1,5,0,,0,
CC1(C)NN1,5,0,,0,
CC1(C)NO1,5,0,,0,
CC1(C)OO1,5,0,,0,
CC1(N)C#C1,5,0,,0,
CC1(N)C=C1,5,0,,0,
CC1(N)C=N1,5,0,,0,
CC1(N)CC1,5,0,,0,
CC1(N)CN1,5,0,,0,
CC1(N)CO1,5,0,,0,
CC1(N)N=N1,5,0,,0,
CC1(N)NN1,5,0,,0,
CC1(N)NO1,5,0,,0,
CC1(N)OO1,5,0,,0,
CC1(O)C#C1,5,0,,0,
CC1(O)C=C1,5,0,,0,
CC1(O)C=N1,5,0,,0,
CC1(O)CC1,5,0,,0,
CC1(O)CN1,5,0,,0,
CC1(O)CO1,5,0,,0,
CC1(O)N=N1,5,0,,0,
CC1(O)NN1,5,0,,0,
CC1(O)NO1,5,0,,0,
CC1(O)OO1,5,0,,0,
CC12C3=C1C32,5,0,,0,
CC12C3=C1N32,5,0,,0,
CC12C3C1C32,5,0,,0,
CC12C3C1N32,5,0,,0,
CC12C3N1N32,5,0,,0,
CC12C=C1C2,5,0,,0,
CC12C=C1N2,5,0,,0,
CC12C=C1O2,5,0,,0,
CC12CC1=N2,5,0,,0,
CC12CC1C2,5,0,,0,
CC12CC1N2,5,0,,0,
CC12CC1O2,5,0,,0,
CC12CN1C2,5,0,,0,
CC12CN1N2,5,0,,0,
CC12CN1O2,5,0,,0,
CC12N=C1N2,5,0,,0,
CC12N=C1O2,5,0,,0,
CC12NC1N2,5,0,,0,
CC12NC1O2,5,0,,0,
CC12NN1N2,5,0,,0,
CC12NN1O2,5,0,,0,
CC12OC1O2,5,0,,0,
CC12ON1O2,5,0,,0,
CC12n3n1n32,5,0,,0,
CC1=C(C)C1,5,0,,0,
CC1=C(C)N1,5,0,,0,
CC1=C(C)O1,5,0,,0,
CC1=C(N)C1,5,0,,0,
CC1=C(N)N1,5,0,,0,
CC1=C(N)O1,5,0,,0,
CC1=C(O)C1,5,0,,0,
CC1=C(O)N1,5,0,,0,
CC1=C(O)O1,5,0,,0,
CC1=C2C=C12,5,0,,0,
CC1=C2CC12,5,0,,0,
CC1=C2CN12,5,0,,0,
CC1=C2N=C12,5,0,,0,
CC1=C2NC12,5,0,,0,
CC1=C2OC12,5,0,,0,
CC1=C=C1C,5,0,,0,
CC1=C=C1N,5,0,,0,
CC1=C=C1O,5,0,,0,
CC1=C=C=C1,5,0,,0,
CC1=C=C=N1,5,0,,0,
CC1=C=CC1,5,0,,0,
CC1=C=CN1,5,0,,0,
CC1=C=CO1,5,0,,0,
CC1=C=NC1,5,0,,0,
CC1=C=NN1,5,0,,0,
CC1=C=NO1,5,0,,0,
CC1=CC#C1,5,0,,0,
CC1=CC1C,5,0,,0,
CC1=CC1N,5,0,,0,
CC1=CC1O,5,0,,0,
CC1=CC=C1,5,0,,0,
CC1=CC=N1,5,0,,0,
CC1=CCC1,5,0,,0,
CC1=CCN1,5,0,,0,
CC1=CCO1,5,0,,0,
CC1=CN1C,5,0,,0,
CC1=CN1N,5,0,,0,
CC1=CN1O,5,0,,0,
CC1=CN=C1,5,0,,0,
CC1=CN=N1,5,0,,0,
CC1=CNC1,5,0,,0,
CC1=COC1,5,0,,0,
CC1=NC#C1,5,0,,0,
CC1=NC1C,5,0,,0,
CC1=NC1N,5,0,,0,
CC1=NC1O,5,0,,0,
CC1=NC=C1,5,0,,0,
CC1=NC=N1,5,0,,0,
CC1=NCC1,5,0,,0,
CC1=NCN1,5,0,,0,
CC1=NCO1,5,0,,0,
CC1=NN1C,5,0,,0,
CC1=NN1N,5,0,,0,
CC1=NN1O,5,0,,0,
CC1=NN=C1,5,0,,0,
CC1=NN=N1,5,0,,0,
CC1=NNC1,5,0,,0,
CC1=NOC1,5,0,,0,
CC1C#CC1,5,0,,0,
CC1C#CN1,5,0,,0,
CC1C#CO1,5,0,,0,
CC1C2=C1C2,5,0,,0,
CC1C2=C1N2,5,0,,0,
CC1C2=C1O2,5,0,,0,
CC1C2=C=C21,5,0,,0,
CC1C2=CC21,5,0,,0,
CC1C2=CN21,5,0,,0,
CC1C2=NC21,5,0,,0,
CC1C2=NN21,5,0,,0,
CC1C2CC12,5,0,,0,
CC1C2CN12,5,0,,0,
CC1C2NC12,5,0,,0,
CC1C2NN12,5,0,,0,
CC1C2OC12,5,0,,0,
CC1C2ON12,5,0,,0,
CC1C=C1N,5,0,,0,
CC1C=C1O,5,0,,0,
CC1C=C=C1,5,0,,0,
CC1C=C=N1,5,0,,0,
CC1C=CC1,5,0,,0,
CC1C=CN1,5,0,,0,
CC1C=CO1,5,0,,0,
CC1C=NC1,5,0,,0,
CC1C=NN1,5,0,,0,
CC1C=NO1,5,0,,0,
CC1CC1=N,5,0,,0,
CC1CC1=O,5,0,,0,
CC1CC1C,5,0,,0,
CC1CC1N,5,0,,0,
CC1CC1O,5,0,,0,
CC1CC=N1,5,0,,0,
CC1CCC1,5,0,,0,
CC1CCN1,5,0,,0,
CC1CCO1,5,0,,0,
CC1CN1C,5,0,,0,
CC1CN1N,5,0,,0,
CC1CN1O,5,0,,0,
CC1CN=N1,5,0,,0,
CC1CNC1,5,0,,0,
CC1CNN1,5,0,,0,
CC1CNO1,5,0,,0,
CC1COC1,5,0,,0,
CC1CON1,5,0,,0,
CC1COO1,5,0,,0,
CC1N2CN12,5,0,,0,
CC1N=C1N,5,0,,0,
CC1N=C1O,5,0,,0,
CC1N=C=N1,5,0,,0,
CC1N=CN1,5,0,,0,
CC1N=CO1,5,0,,0,
CC1N=NN1,5,0,,0,
CC1N=NO1,5,0,,0,
CC1NC1=N,5,0,,0,
CC1NC1=O,5,0,,0,
CC1NC1C,5,0,,0,
CC1NC1N,5,0,,0,
CC1NC1O,5,0,,0,
CC1NCN1,5,0,,0,
CC1NCO1,5,0,,0,
CC1NN1C,5,0,,0,
CC1NN1N,5,0,,0,
CC1NN1O,5,0,,0,
CC1NNN1,5,0,,0,
CC1NNO1,5,0,,0,
CC1NON1,5,0,,0,
CC1NOO1,5,0,,0,
CC1OC1=N,5,0,,0,
CC1OC1=O,5,0,,0,
CC1OC1C,5,0,,0,
CC1OC1N,5,0,,0,
CC1OC1O,5,0,,0,
CC1OCO1,5,0,,0,
CC1ON1C,5,0,,0,
CC1ON1N,5,0,,0,
CC1ON1O,5,0,,0,
CC1ONO1,5,0,,0,
CC1OOO1,5,0,,0,
CC1n2[nH]n21,5,0,,0,
CC1n2on21,5,0,,0,
CC=C(C)C,5,0,,0,
CC=C(C)N,5,0,,0,
CC=C(C)O,5,0,,0,
CC=C(N)N,5,0,,0,
CC=C(N)O,5,0,,0,
CC=C(O)O,5,0,,0,
CC=C1C#C1,5,0,,0,
CC=C1C=C1,5,0,,0,
CC=C1C=N1,5,0,,0,
CC=C1CC1,5,0,,0,
CC=C1CN1,5,0,,0,
CC=C1CO1,5,0,,0,
CC=C1N=N1,5,0,,0,
CC=C1NN1,5,0,,0,
CC=C1NO1,5,0,,0,
CC=C1OO1,5,0,,0,
CC=C=C=N,5,0,,0,
CC=C=C=O,5,0,,0,
CC=C=CC,5,0,,0,
CC=C=CN,5,0,,0,
CC=C=CO,5,0,,0,
CC=C=NC,5,0,,0,
CC=C=NN,5,0,,0,
CC=C=NO,5,0,,0,
CC=CC#N,5,0,,0,crotononitrile
CC=CC=N,5,0,,0,
CC=CC=O,5,0,,0,
CC=CCC,5,0,,0,
CC=CCN,5,0,,0,
CC=CCO,5,0,,0,
CC=CN=N,5,0,,0,
CC=CN=O,5,0,,0,
CC=CNC,5,0,,0,
CC=CNN,5,0,,0,
CC=CNO,5,0,,0,
CC=COC,5,0,,0,
CC=CON,5,0,,0,
CC=COO,5,0,,0,
CC=NC#N,5,0,,0,
CC=NC=N,5,0,,0,
CC=NC=O,5,0,,0,
CC=NCC,5,0,,0,
CC=NCN,5,0,,0,
CC=NCO,5,0,,0,
CC=NN=N,5,0,,0,
CC=NN=O,5,0,,0,
CC=NNC,5,0,,0,
CC=NNN,5,0,,0,
CC=NNO,5,0,,0,
CC=NOC,5,0,,0,
CC=NON,5,0,,0,
CC=NOO,5,0,,0,
CCC#CN,5,0,,0,
CCC#CO,5,0,,0,
CCC(=N)N,5,0,,0,
CCC(=N)O,5,0,,0,
CCC(=O)O,5,0,,0,
CCC(C)=N,5,0,,0,
CCC(C)=O,5,0,,0,
CCC(C)C,5,0,,0,
CCC(C)N,5,0,,0,
CCC(C)O,5,0,,0,
CCC(N)=O,5,0,,0,
CCC(N)N,5,0,,0,
CCC(N)O,5,0,,0,
CCC(O)O,5,0,,0,
CCC1=C=C1,5,0,,0,
CCC1=C=N1,5,0,,0,
CCC1=CC1,5,0,,0,
CCC1=CN1,5,0,,0,
CCC1=CO1,5,0,,0,
CCC1=NC1,5,0,,0,
CCC1=NN1,5,0,,0,
CCC1=NO1,5,0,,0,
CCC1C#C1,5,0,,0,
CCC1C=C1,5,0,,0,
CCC1C=N1,5,0,,0,
CCC1CC1,5,0,,0,
CCC1CN1,5,0,,0,
CCC1CO1,5,0,,0,
CCC1N=N1,5,0,,0,
CCC1NN1,5,0,,0,
CCC1NO1,5,0,,0,
CCC1OO1,5,0,,0,
CCC=C=N,5,0,,0,
CCC=C=O,5,0,,0,
CCC=CN,5,0,,0,
CCC=CO,5,0,,0,
CCC=NC,5,0,,0,
CCC=NN,5,0,,0,
CCC=NO,5,0,,0,
CCCC#N,5,1,n-propyl cyanide,2009,
CCCC=N,5,0,,0,
CCCC=O,5,0,,0,
CCCCC,5,0,,0,
CCCCN,5,0,,0,
CCCCO,5,0,,0,
CCCN=N,5,0,,0,
CCCN=O,5,0,,0,
CCCNC,5,0,,0,
CCCNN,5,0,,0,
CCCNO,5,0,,0,
CCCOC,5,0,,0,
CCCON,5,0,,0,
CCCOO,5,0,,0,
CCN(C)C,5,0,,0,
CCN(C)N,5,0,,0,
CCN(C)O,5,0,,0,
CCN(N)N,5,0,,0,
CCN(N)O,5,0,,0,
CCN(O)O,5,0,,0,
CCN1C#C1,5,0,,0,
CCN1C=C1,5,0,,0,
CCN1C=N1,5,0,,0,
CCN1CC1,5,0,,0,
CCN1CN1,5,0,,0,
CCN1CO1,5,0,,0,
CCN1N=N1,5,0,,0,
CCN=C=N,5,0,,0,
CCN=C=O,5,1,ethyl isocyanate,2021,
CCN=CN,5,0,,0,
CCN=CO,5,0,,0,
CCN=NC,5,0,,0,
CCN=NN,5,0,,0,
CCN=NO,5,0,,0,
CCNC#N,5,0,,0,
CCNC=N,5,0,,0,
CCNC=O,5,0,,0,
CCNCC,5,0,,0,
CCNCN,5,0,,0,
CCNCO,5,0,,0,
CCNN=N,5,0,,0,
CCNN=O,5,0,,0,
CCNNC,5,0,,0,
CCNNN,5,0,,0,
CCNNO,5,0,,0,
CCNOC,5,0,,0,
CCNON,5,0,,0,
CCNOO,5,0,,0,
CCOC#N,5,0,,0,
CCOC=N,5,0,,0,
CCOC=O,5,1,ethyl formate,2009,
CCOCC,5,0,,0,
CCOCN,5,0,,0,
CCOCO,5,0,,0,
CCON=N,5,0,,0,
CCON=O,5,0,,0,
CCONC,5,0,,0,
CCONN,5,0,,0,
CCONO,5,0,,0,
CCOOC,5,0,,0,
CCOON,5,0,,0,
CCOOO,5,0,,0,
CCn1[nH][nH]1,5,0,,0,
CCn1[nH]o1,5,0,,0,
CCn1oo1,5,0,,0,
CN(C)C#N,5,0,,0,
CN(C)C=N,5,0,,0,
CN(C)C=O,5,0,,0,
CN(C)CN,5,0,,0,
CN(C)CO,5,0,,0,
CN(C)N=N,5,0,,0,
CN(C)N=O,5,0,,0,
CN(C)NN,5,0,,0,
CN(C)NO,5,0,,0,
CN(C)ON,5,0,,0,
CN(C)OO,5,0,,0,
CN(N)C#N,5,0,,0,
CN(N)C=N,5,0,,0,
CN(N)C=O,5,0,,0,
CN(N)CN,5,0,,0,
CN(N)CO,5,0,,0,
CN(N)N=N,5,0,,0,
CN(N)N=O,5,0,,0,
CN(N)NN,5,0,,0,
CN(N)NO,5,0,,0,
CN(N)ON,5,0,,0,
CN(N)OO,5,0,,0,
CN(O)C#N,5,0,,0,
CN(O)C=N,5,0,,0,
CN(O)C=O,5,0,,0,
CN(O)CN,5,0,,0,
CN(O)CO,5,0,,0,
CN(O)N=N,5,0,,0,
CN(O)N=O,5,0,,0,
CN(O)NN,5,0,,0,
CN(O)NO,5,0,,0,
CN(O)ON,5,0,,0,
CN(O)OO,5,0,,0,
CN1C#CC1,5,0,,0,
CN1C2=C1C2,5,0,,0,
CN1C2=C=C21,5,0,,0,
CN1C2=CC21,5,0,,0,
CN1C2=NC21,5,0,,0,
CN1C2CC21,5,0,,0,
CN1C2CN21,5,0,,0,
CN1C2NC21,5,0,,0,
CN1C2NN21,5,0,,0,
CN1C2OC21,5,0,,0,
CN1C2ON21,5,0,,0,
CN1C=C1N,5,0,,0,
CN1C=C1O,5,0,,0,
CN1C=C=C1,5,0,,0,
CN1C=C=N1,5,0,,0,
CN1C=CC1,5,0,,0,
CN1C=NC1,5,0,,0,
CN1CC1=N,5,0,,0,
CN1CC1=O,5,0,,0,
CN1CC1N,5,0,,0,
CN1CC1O,5,0,,0,
CN1CC=N1,5,0,,0,
CN1CCC1,5,0,,0,
CN1CCN1,5,0,,0,
CN1CCO1,5,0,,0,
CN1CN1C,5,0,,0,
CN1CN1N,5,0,,0,
CN1CN1O,5,0,,0,
CN1CN=N1,5,0,,0,
CN1CNC1,5,0,,0,
CN1CNN1,5,0,,0,
CN1CNO1,5,0,,0,
CN1COC1,5,0,,0,
CN1CON1,5,0,,0,
CN1COO1,5,0,,0,
CN1N=C1N,5,0,,0,
CN1N=C1O,5,0,,0,
CN1N=C=N1,5,0,,0,
CN1NC1=N,5,0,,0,
CN1NC1=O,5,0,,0,
CN1NC1N,5,0,,0,
CN1NC1O,5,0,,0,
CN1NCN1,5,0,,0,
CN1NCO1,5,0,,0,
CN1NNN1,5,0,,0,
CN1NNO1,5,0,,0,
CN1NON1,5,0,,0,
CN1NOO1,5,0,,0,
CN1OC1=N,5,0,,0,
CN1OC1=O,5,0,,0,
CN1OC1N,5,0,,0,
CN1OC1O,5,0,,0,
CN1OCO1,5,0,,0,
CN1ONO1,5,0,,0,
CN1OOO1,5,0,,0,
CN=C(C)C,5,0,,0,
CN=C(C)N,5,0,,0,
CN=C(C)O,5,0,,0,
CN=C(N)N,5,0,,0,
CN=C(N)O,5,0,,0,
CN=C(O)O,5,0,,0,
CN=C1CC1,5,0,,0,
CN=C1CN1,5,0,,0,
CN=C1CO1,5,0,,0,
CN=C1NN1,5,0,,0,
CN=C1NO1,5,0,,0,
CN=C1OO1,5,0,,0,
CN=C=C=N,5,0,,0,
CN=C=C=O,5,0,,0,
CN=C=CN,5,0,,0,
CN=C=CO,5,0,,0,
CN=C=NC,5,0,,0,
CN=C=NN,5,0,,0,
CN=C=NO,5,0,,0,
CN=CC#N,5,0,,0,
CN=CC=N,5,0,,0,
CN=CC=O,5,0,,0,
CN=CCN,5,0,,0,
CN=CCO,5,0,,0,
CN=CN=N,5,0,,0,
CN=CN=O,5,0,,0,
CN=CNC,5,0,,0,
CN=CNN,5,0,,0,
CN=CNO,5,0,,0,
CN=COC,5,0,,0,
CN=CON,5,0,,0,
CN=COO,5,0,,0,
CN=NC#N,5,0,,0,
CN=NC=N,5,0,,0,
CN=NC=O,5,0,,0,
CN=NCN,5,0,,0,
CN=NCO,5,0,,0,
CN=NN=N,5,0,,0,
CN=NN=O,5,0,,0,
CN=NNC,5,0,,0,
CN=NNN,5,0,,0,
CN=NNO,5,0,,0,
CN=NOC,5,0,,0,
CN=NON,5,0,,0,
CN=NOO,5,0,,0,
CN=c1c#c1,5,0,,0,
CN=c1cc1,5,0,,0,
CN=c1cn1,5,0,,0,
CN=c1nn1,5,0,,0,
CNC#CN,5,0,,0,
CNC#CO,5,0,,0,
CNC(=N)N,5,0,,0,
CNC(=N)O,5,0,,0,
CNC(=O)O,5,0,,0,
CNC(C)=N,5,0,,0,
CNC(C)=O,5,0,,0,
CNC(C)C,5,0,,0,
CNC(C)N,5,0,,0,
CNC(C)O,5,0,,0,
CNC(N)=O,5,0,,0,
CNC(N)N,5,0,,0,
CNC(N)O,5,0,,0,
CNC(O)O,5,0,,0,
CNC1=C=C1,5,0,,0,
CNC1=C=N1,5,0,,0,
CNC1=CC1,5,0,,0,
CNC1=CN1,5,0,,0,
CNC1=CO1,5,0,,0,
CNC1=NC1,5,0,,0,
CNC1=NN1,5,0,,0,
CNC1=NO1,5,0,,0,
CNC1C#C1,5,0,,0,
CNC1C=C1,5,0,,0,
CNC1C=N1,5,0,,0,
CNC1CC1,5,0,,0,
CNC1CN1,5,0,,0,
CNC1CO1,5,0,,0,
CNC1N=N1,5,0,,0,
CNC1NN1,5,0,,0,
CNC1NO1,5,0,,0,
CNC1OO1,5,0,,0,
CNC=C=N,5,0,,0,
CNC=C=O,5,0,,0,
CNC=CN,5,0,,0,
CNC=CO,5,0,,0,
CNC=NN,5,0,,0,
CNC=NO,5,0,,0,
CNCC#N,5,0,,0,
CNCC=N,5,0,,0,
CNCC=O,5,0,,0,
CNCCN,5,0,,0,
CNCCO,5,0,,0,
CNCN=N,5,0,,0,
CNCN=O,5,0,,0,
CNCNC,5,0,,0,
CNCNN,5,0,,0,
CNCNO,5,0,,0,
CNCOC,5,0,,0,
CNCON,5,0,,0,
CNCOO,5,0,,0,
CNN(C)C,5,0,,0,
CNN(C)N,5,0,,0,
CNN(C)O,5,0,,0,
CNN(N)N,5,0,,0,
CNN(N)O,5,0,,0,
CNN(O)O,5,0,,0,
CNN1C#C1,5,0,,0,
CNN1C=C1,5,0,,0,
CNN1C=N1,5,0,,0,
CNN1CC1,5,0,,0,
CNN1CN1,5,0,,0,
CNN1CO1,5,0,,0,
CNN1N=N1,5,0,,0,
CNN=C=N,5,0,,0,
CNN=C=O,5,0,,0,
CNN=CN,5,0,,0,
CNN=CO,5,0,,0,
CNN=NN,5,0,,0,
CNN=NO,5,0,,0,
CNNC#N,5,0,,0,
CNNC=N,5,0,,0,
CNNC=O,5,0,,0,
CNNCN,5,0,,0,
CNNCO,5,0,,0,
CNNN=N,5,0,,0,
CNNN=O,5,0,,0,
CNNNC,5,0,,0,
CNNNN,5,0,,0,
CNNNO,5,0,,0,
CNNOC,5,0,,0,
CNNON,5,0,,0,
CNNOO,5,0,,0,
CNOC#N,5,0,,0,
CNOC=N,5,0,,0,
CNOC=O,5,0,,0,
CNOCN,5,0,,0,
CNOCO,5,0,,0,
CNON=N,5,0,,0,
CNON=O,5,0,,0,
CNONC,5,0,,0,
CNONN,5,0,,0,
CNONO,5,0,,0,
CNOOC,5,0,,0,
CNOON,5,0,,0,
CNOOO,5,0,,0,
CNn1[nH][nH]1,5,0,,0,
CNn1[nH]o1,5,0,,0,
CNn1oo1,5,0,,0,
COC#CN,5,0,,0,
COC#CO,5,0,,0,
COC(=N)N,5,0,,0,
COC(=N)O,5,0,,0,
COC(=O)O,5,0,,0,
COC(C)=N,5,0,,0,
COC(C)=O,5,1,methyl acetate,2013,
COC(C)C,5,0,,0,
COC(C)N,5,0,,0,
COC(C)O,5,0,,0,
COC(N)=O,5,0,,0,
COC(N)N,5,0,,0,
COC(N)O,5,0,,0,
COC(O)O,5,0,,0,
COC1=C=C1,5,0,,0,
COC1=C=N1,5,0,,0,
COC1=CC1,5,0,,0,
COC1=CN1,5,0,,0,
COC1=CO1,5,0,,0,
COC1=NC1,5,0,,0,
COC1=NN1,5,0,,0,
COC1=NO1,5,0,,0,
COC1C#C1,5,0,,0,
COC1C=C1,5,0,,0,
COC1C=N1,5,0,,0,
COC1CC1,5,0,,0,
COC1CN1,5,0,,0,
COC1CO1,5,0,,0,
COC1N=N1,5,0,,0,
COC1NN1,5,0,,0,
COC1NO1,5,0,,0,
COC1OO1,5,0,,0,
COC=C=N,5,0,,0,
COC=C=O,5,0,,0,
COC=CN,5,0,,0,
COC=CO,5,0,,0,
COC=NN,5,0,,0,
COC=NO,5,0,,0,
COCC#N,5,0,,0,
COCC=N,5,0,,0,
COCC=O,5,0,,0,
COCCN,5,0,,0,
COCCO,5,0,,0,
COCN=N,5,0,,0,
COCN=O,5,0,,0,
COCNN,5,0,,0,
COCNO,5,0,,0,
COCOC,5,0,,0,
COCON,5,0,,0,
COCOO,5,0,,0,
CON(C)C,5,0,,0,
CON(C)N,5,0,,0,
CON(C)O,5,0,,0,
CON(N)N,5,0,,0,
CON(N)O,5,0,,0,
CON(O)O,5,0,,0,
CON1C#C1,5,0,,0,
CON1C=C1,5,0,,0,
CON1C=N1,5,0,,0,
CON1CC1,5,0,,0,
CON1CN1,5,0,,0,
CON1CO1,5,0,,0,
CON1N=N1,5,0,,0,
CON=C=N,5,0,,0,
CON=C=O,5,0,,0,
CON=CN,5,0,,0,
CON=CO,5,0,,0,
CON=NN,5,0,,0,
CON=NO,5,0,,0,
CONC#N,5,0,,0,
CONC=N,5,0,,0,
CONC=O,5,0,,0,
CONCN,5,0,,0,
CONCO,5,0,,0,
CONN=N,5,0,,0,
CONN=O,5,0,,0,
CONNN,5,0,,0,
CONNO,5,0,,0,
CONOC,5,0,,0,
CONON,5,0,,0,
CONOO,5,0,,0,
COOC#N,5,0,,0,
COOC=N,5,0,,0,
COOC=O,5,0,,0,
COOCN,5,0,,0,
COOCO,5,0,,0,
COON=N,5,0,,0,
COON=O,5,0,,0,
COONN,5,0,,0,
COONO,5,0,,0,
COOOC,5,0,,0,
COOON,5,0,,0,
COOOO,5,0,,0,
COn1[nH][nH]1,5,0,,0,
COn1[nH]o1,5,0,,0,
COn1oo1,5,0,,0,
Cc1c2[nH]n1-2,5,0,,0,
Cc1c2on1-2,5,0,,0,
Cc1c[nH][nH]1,5,0,,0,
Cc1c[nH]o1,5,0,,0,
Cc1cc1=N,5,0,,0,
Cc1cc1=O,5,0,,0,
Cc1co[nH]1,5,0,,0,
Cc1coo1,5,0,,0,
Cc1n[nH][nH]1,5,0,,0,
Cc1n[nH]o1,5,0,,0,
Cc1nc1=N,5,0,,0,
Cc1nc1=O,5,0,,0,
Cc1no[nH]1,5,0,,0,
Cc1noo1,5,0,,0,
Cn1[nH]n1C,5,0,,0,
Cn1[nH]n1N,5,0,,0,
Cn1[nH]n1O,5,0,,0,
Cn1c#c[nH]1,5,0,,0,
Cn1c#co1,5,0,,0,
Cn1c2[nH]c1=2,5,0,,0,
Cn1c2cn1-2,5,0,,0,
Cn1c2nn1-2,5,0,,0,
Cn1c2oc1=2,5,0,,0,
Cn1cc[nH]1,5,0,,0,
Cn1cco1,5,0,,0,
Cn1cn[nH]1,5,0,,0,
Cn1cno1,5,0,,0,
Cn1n2[nH]n12,5,0,,0,
Cn1n2n1C2,5,0,,0,
Cn1n2on12,5,0,,0,
Cn1nc[nH]1,5,0,,0,
Cn1nco1,5,0,,0,
Cn1nn[nH]1,5,0,,0,
Cn1nno1,5,0,,0,
Cn1on1C,5,0,,0,
Cn1on1N,5,0,,0,
Cn1on1O,5,0,,0,
N#CC#CN,5,0,,0,
N#CC#CO,5,0,,0,
N#CC(=N)N,5,0,,0,
N#CC(=N)O,5,0,,0,
N#CC(=O)O,5,0,,0,
N#CC(N)=O,5,0,,0,
N#CC(N)N,5,0,,0,
N#CC(N)O,5,0,,0,
N#CC(O)O,5,0,,0,
N#CC1=C=C1,5,0,,0,
N#CC1=C=N1,5,0,,0,
N#CC1=CC1,5,0,,0,
N#CC1=CN1,5,0,,0,
N#CC1=CO1,5,0,,0,
N#CC1=NC1,5,0,,0,
N#CC1=NN1,5,0,,0,
N#CC1=NO1,5,0,,0,
N#CC1C#C1,5,0,,0,
N#CC1C=C1,5,0,,0,
N#CC1C=N1,5,0,,0,
N#CC1CC1,5,0,,0,
N#CC1CN1,5,0,,0,
N#CC1CO1,5,0,,0,
N#CC1N=N1,5,0,,0,
N#CC1NN1,5,0,,0,
N#CC1NO1,5,0,,0,
N#CC1OO1,5,0,,0,
N#CC=C=N,5,0,,0,
N#CC=C=O,5,0,,0,
N#CC=CN,5,0,,0,
N#CC=CO,5,0,,0,
N#CC=NN,5,0,,0,
N#CC=NO,5,0,,0,
N#CCC#N,5,0,,0,
N#CCC=N,5,0,,0,
N#CCC=O,5,0,,0,
N#CCCN,5,0,,0,
N#CCCO,5,0,,0,
N#CCN=N,5,0,,0,
N#CCN=O,5,0,,0,
N#CCNN,5,0,,0,
N#CCNO,5,0,,0,
N#CCON,5,0,,0,
N#CCOO,5,0,,0,
N#CN(N)N,5,0,,0,
N#CN(N)O,5,0,,0,
N#CN(O)O,5,0,,0,
N#CN1C#C1,5,0,,0,
N#CN1C=C1,5,0,,0,
N#CN1C=N1,5,0,,0,
N#CN1CC1,5,0,,0,
N#CN1CN1,5,0,,0,
N#CN1CO1,5,0,,0,
N#CN1N=N1,5,0,,0,
N#CN=C=N,5,0,,0,
N#CN=C=O,5,0,,0,
N#CN=CN,5,0,,0,
N#CN=CO,5,0,,0,
N#CN=NN,5,0,,0,
N#CN=NO,5,0,,0,
N#CNC#N,5,0,,0,
N#CNC=N,5,0,,0,
N#CNC=O,5,0,,0,
N#CNCN,5,0,,0,
N#CNCO,5,0,,0,
N#CNN=N,5,0,,0,
N#CNN=O,5,0,,0,
N#CNNN,5,0,,0,
N#CNNO,5,0,,0,
N#CNON,5,0,,0,
N#CNOO,5,0,,0,
N#COC#N,5,0,,0,
N#COC=N,5,0,,0,
N#COC=O,5,0,,0,
N#COCN,5,0,,0,
N#COCO,5,0,,0,
N#CON=N,5,0,,0,
N#CON=O,5,0,,0,
N#CONN,5,0,,0,
N#CONO,5,0,,0,
N#COON,5,0,,0,
N#COOO,5,0,,0,
N#Cn1[nH][nH]1,5,0,,0,
N#Cn1[nH]o1,5,0,,0,
N#Cn1oo1,5,0,,0,
N12C34N5C13C254,5,0,,0,
N12N3N4N1C234,5,0,,0,
N1=C2C3=C1C23,5,0,,0,
N1=C2C3=C2C13,5,0,,0,
N1=C2C3=NC123,5,0,,0,
N1=C2C3C1C23,5,0,,0,
N1=C2C3C1N23,5,0,,0,
N1=C2C3C2N13,5,0,,0,
N1=C2C3NC123,5,0,,0,
N1=C2C3OC123,5,0,,0,
N1=C2N3C1N23,5,0,,0,
N1=C2N3NC123,5,0,,0,
N1=C2N3OC123,5,0,,0,
N1=C2N=C1N2,5,0,,0,
N1=C2N=C1O2,5,0,,0,
N1=C2NC1N2,5,0,,0,
N1=C2NC1O2,5,0,,0,
N1=C2NC2N1,5,0,,0,
N1=C2NC2O1,5,0,,0,
N1=C2NNC12,5,0,,0,
N1=C2NNN12,5,0,,0,
N1=C2NOC12,5,0,,0,
N1=C2NON12,5,0,,0,
N1=C2OC1O2,5,0,,0,
N1=C2OC2N1,5,0,,0,
N1=C2OC2O1,5,0,,0,
N1=C2ONC12,5,0,,0,
N1=C2ONN12,5,0,,0,
N1=C2OOC12,5,0,,0,
N1=C2OON12,5,0,,0,
N1=NC12N=N2,5,0,,0,
N1=NC12NN2,5,0,,0,
N1=NC12NO2,5,0,,0,
N1=NC12OO2,5,0,,0,
N1=NC2N=C12,5,0,,0,
N1=NC2NC12,5,0,,0,
N1=NC2OC12,5,0,,0,
N1=NN2NC12,5,0,,0,
N1=NN2OC12,5,0,,0,
N1=NNNN1,5,0,,0,
N1=NNON1,5,0,,0,
N1=NONN1,5,0,,0,
N1=NONO1,5,0,,0,
N1=NOON1,5,0,,0,
N1=NOOO1,5,0,,0,
N1C23C4=C2C143,5,0,,0,
N1C23C4C2C143,5,0,,0,
N1C23C4N2C143,5,0,,0,
N1C23N4N2C143,5,0,,0,
N1C23NC12N3,5,0,,0,
N1C23NC12O3,5,0,,0,
N1C23OC12O3,5,0,,0,
N1C2=C3C1C23,5,0,,0,
N1C2=C3C1N23,5,0,,0,
N1C2=C3NC123,5,0,,0,
N1C2=C3OC123,5,0,,0,
N1C2C3=C2C13,5,0,,0,
N1C2C3=C2N13,5,0,,0,
N1C2C3C1C23,5,0,,0,
N1C2C3C1N23,5,0,,0,
N1C2C3C2N13,5,0,,0,
N1C2C3N1N23,5,0,,0,
N1C2C3NC123,5,0,,0,
N1C2C3OC123,5,0,,0,
N1C2N3C1N23,5,0,,0,
N1C2N3NC123,5,0,,0,
N1C2N3OC123,5,0,,0,
N1C2NC1N2,5,0,,0,
N1C2NC1O2,5,0,,0,
N1C2NN1N2,5,0,,0,
N1C2NN1O2,5,0,,0,
N1C2OC1O2,5,0,,0,
N1C2ON1O2,5,0,,0,
N1C2OOC12,5,0,,0,
N1C2OON12,5,0,,0,
N1C2n3n1n32,5,0,,0,
N1N2C3C2N13,5,0,,0,
N1N2C3N1N32,5,0,,0,
N1N2C3OC132,5,0,,0,
N1N2N3NC123,5,0,,0,
N1N2N3OC123,5,0,,0,
N1N2NN1N2,5,0,,0,
N1N2NN1O2,5,0,,0,
N1N2ON1O2,5,0,,0,
N1NC12NN2,5,0,,0,
N1NC12NO2,5,0,,0,
N1NC12OO2,5,0,,0,
N1NC2NC12,5,0,,0,
N1NC2OC12,5,0,,0,
N1NN2NC12,5,0,,0,
N1NN2OC12,5,0,,0,
N1OC12NO2,5,0,,0,
N1OC12OO2,5,0,,0,
N1OC2NC12,5,0,,0,
N1OC2NN12,5,0,,0,
N1OC2OC12,5,0,,0,
N1OC2ON12,5,0,,0,
N1ON2NC12,5,0,,0,
N1ON2OC12,5,0,,0,
N1c2[nH][nH]c21,5,0,,0,
N1c2[nH]oc21,5,0,,0,
N1c2ooc21,5,0,,0,
N1n2c3c2n31,5,0,,0,
N=C(N)C=O,5,0,,0,
N=C(N)CN,5,0,,0,
N=C(N)CO,5,0,,0,
N=C(N)N=O,5,0,,0,
N=C(N)NN,5,0,,0,
N=C(N)NO,5,0,,0,
N=C(N)ON,5,0,,0,
N=C(N)OO,5,0,,0,
N=C(O)C=O,5,0,,0,
N=C(O)CN,5,0,,0,
N=C(O)CO,5,0,,0,
N=C(O)N=O,5,0,,0,
N=C(O)NN,5,0,,0,
N=C(O)NO,5,0,,0,
N=C(O)ON,5,0,,0,
N=C(O)OO,5,0,,0,
N=C1C#CC1,5,0,,0,
N=C1C#CN1,5,0,,0,
N=C1C#CO1,5,0,,0,
N=C1C2=CC12,5,0,,0,
N=C1C2=CN12,5,0,,0,
N=C1C2=NC12,5,0,,0,
N=C1C2=NN12,5,0,,0,
N=C1C2CC12,5,0,,0,
N=C1C2CN12,5,0,,0,
N=C1C2NC12,5,0,,0,
N=C1C2NN12,5,0,,0,
N=C1C2OC12,5,0,,0,
N=C1C2ON12,5,0,,0,
N=C1C=C=C1,5,0,,0,
N=C1C=C=N1,5,0,,0,
N=C1C=CC1,5,0,,0,
N=C1C=CN1,5,0,,0,
N=C1C=CO1,5,0,,0,
N=C1C=NC1,5,0,,0,
N=C1C=NN1,5,0,,0,
N=C1C=NO1,5,0,,0,
N=C1CC1=N,5,0,,0,
N=C1CC1=O,5,0,,0,
N=C1CC1N,5,0,,0,
N=C1CC1O,5,0,,0,
N=C1CC=N1,5,0,,0,
N=C1CCC1,5,0,,0,
N=C1CCN1,5,0,,0,
N=C1CCO1,5,0,,0,
N=C1CN1N,5,0,,0,
N=C1CN1O,5,0,,0,
N=C1CN=N1,5,0,,0,
N=C1CNC1,5,0,,0,
N=C1CNN1,5,0,,0,
N=C1CNO1,5,0,,0,
N=C1COC1,5,0,,0,
N=C1CON1,5,0,,0,
N=C1COO1,5,0,,0,
N=C1N2CN12,5,0,,0,
N=C1N=C=N1,5,0,,0,
N=C1N=CN1,5,0,,0,
N=C1N=CO1,5,0,,0,
N=C1N=NN1,5,0,,0,
N=C1N=NO1,5,0,,0,
N=C1NC1N,5,0,,0,
N=C1NC1O,5,0,,0,
N=C1NCN1,5,0,,0,
N=C1NCO1,5,0,,0,
N=C1NN1N,5,0,,0,
N=C1NN1O,5,0,,0,
N=C1OC1N,5,0,,0,
N=C1OC1O,5,0,,0,
N=C1OCO1,5,0,,0,
N=C1ON1N,5,0,,0,
N=C1ON1O,5,0,,0,
N=C=C(N)N,5,0,,0,
N=C=C(N)O,5,0,,0,
N=C=C(O)O,5,0,,0,
N=C=C1C#C1,5,0,,0,
N=C=C1C=C1,5,0,,0,
N=C=C1C=N1,5,0,,0,
N=C=C1CC1,5,0,,0,
N=C=C1CN1,5,0,,0,
N=C=C1CO1,5,0,,0,
N=C=C1N=N1,5,0,,0,
N=C=C1NN1,5,0,,0,
N=C=C1NO1,5,0,,0,
N=C=C1OO1,5,0,,0,
N=C=C=C=N,5,0,,0,
N=C=C=C=O,5,0,,0,
N=C=C=CN,5,0,,0,
N=C=C=CO,5,0,,0,
N=C=C=NN,5,0,,0,
N=C=C=NO,5,0,,0,
N=C=CC=N,5,0,,0,
N=C=CC=O,5,0,,0,
N=C=CCN,5,0,,0,
N=C=CCO,5,0,,0,
N=C=CN=N,5,0,,0,
N=C=CN=O,5,0,,0,
N=C=CNN,5,0,,0,
N=C=CNO,5,0,,0,
N=C=CON,5,0,,0,
N=C=COO,5,0,,0,
N=C=NC=N,5,0,,0,
N=C=NC=O,5,0,,0,
N=C=NCN,5,0,,0,
N=C=NCO,5,0,,0,
N=C=NN=N,5,0,,0,
N=C=NN=O,5,0,,0,
N=C=NNN,5,0,,0,
N=C=NNO,5,0,,0,
N=C=NON,5,0,,0,
N=C=NOO,5,0,,0,
N=CC#CN,5,0,,0,
N=CC#CO,5,0,,0,
N=CC(=N)N,5,0,,0,
N=CC(=N)O,5,0,,0,
N=CC(=O)O,5,0,,0,
N=CC(N)=O,5,0,,0,
N=CC(N)N,5,0,,0,
N=CC(N)O,5,0,,0,
N=CC(O)O,5,0,,0,
N=CC1=C=C1,5,0,,0,
N=CC1=C=N1,5,0,,0,
N=CC1=CC1,5,0,,0,
N=CC1=CN1,5,0,,0,
N=CC1=CO1,5,0,,0,
N=CC1=NC1,5,0,,0,
N=CC1=NN1,5,0,,0,
N=CC1=NO1,5,0,,0,
N=CC1C#C1,5,0,,0,
N=CC1C=C1,5,0,,0,
N=CC1C=N1,5,0,,0,
N=CC1CC1,5,0,,0,
N=CC1CN1,5,0,,0,
N=CC1CO1,5,0,,0,
N=CC1N=N1,5,0,,0,
N=CC1NN1,5,0,,0,
N=CC1NO1,5,0,,0,
N=CC1OO1,5,0,,0,
N=CC=C=O,5,0,,0,
N=CC=CN,5,0,,0,
N=CC=CO,5,0,,0,
N=CC=NN,5,0,,0,
N=CC=NO,5,0,,0,
N=CCC=N,5,0,,0,
N=CCC=O,5,0,,0,
N=CCCN,5,0,,0,
N=CCCO,5,0,,0,
N=CCN=N,5,0,,0,
N=CCN=O,5,0,,0,
N=CCNN,5,0,,0,
N=CCNO,5,0,,0,
N=CCON,5,0,,0,
N=CCOO,5,0,,0,
N=CN(N)N,5,0,,0,
N=CN(N)O,5,0,,0,
N=CN(O)O,5,0,,0,
N=CN1C#C1,5,0,,0,
N=CN1C=C1,5,0,,0,
N=CN1C=N1,5,0,,0,
N=CN1CC1,5,0,,0,
N=CN1CN1,5,0,,0,
N=CN1CO1,5,0,,0,
N=CN1N=N1,5,0,,0,
N=CN=C=O,5,0,,0,
N=CN=CN,5,0,,0,
N=CN=CO,5,0,,0,
N=CN=NN,5,0,,0,
N=CN=NO,5,0,,0,
N=CNC=N,5,0,,0,
N=CNC=O,5,0,,0,
N=CNCN,5,0,,0,
N=CNCO,5,0,,0,
N=CNN=N,5,0,,0,
N=CNN=O,5,0,,0,
N=CNNN,5,0,,0,
N=CNNO,5,0,,0,
N=CNON,5,0,,0,
N=CNOO,5,0,,0,
N=COC=N,5,0,,0,
N=COC=O,5,0,,0,
N=COCN,5,0,,0,
N=COCO,5,0,,0,
N=CON=N,5,0,,0,
N=CON=O,5,0,,0,
N=CONN,5,0,,0,
N=CONO,5,0,,0,
N=COON,5,0,,0,
N=COOO,5,0,,0,
N=Cn1[nH][nH]1,5,0,,0,
N=Cn1[nH]o1,5,0,,0,
N=Cn1oo1,5,0,,0,
N=NC#CN,5,0,,0,
N=NC#CO,5,0,,0,
N=NC(=N)N,5,0,,0,
N=NC(=N)O,5,0,,0,
N=NC(=O)O,5,0,,0,
N=NC(N)=O,5,0,,0,
N=NC(N)N,5,0,,0,
N=NC(N)O,5,0,,0,
N=NC(O)O,5,0,,0,
N=NC1=C=C1,5,0,,0,
N=NC1=C=N1,5,0,,0,
N=NC1=CC1,5,0,,0,
N=NC1=CN1,5,0,,0,
N=NC1=CO1,5,0,,0,
N=NC1=NC1,5,0,,0,
N=NC1=NN1,5,0,,0,
N=NC1=NO1,5,0,,0,
N=NC1C#C1,5,0,,0,
N=NC1C=C1,5,0,,0,
N=NC1C=N1,5,0,,0,
N=NC1CC1,5,0,,0,
N=NC1CN1,5,0,,0,
N=NC1CO1,5,0,,0,
N=NC1N=N1,5,0,,0,
N=NC1NN1,5,0,,0,
N=NC1NO1,5,0,,0,
N=NC1OO1,5,0,,0,
N=NC=C=O,5,0,,0,
N=NC=CN,5,0,,0,
N=NC=CO,5,0,,0,
N=NC=NN,5,0,,0,
N=NC=NO,5,0,,0,
N=NCC=O,5,0,,0,
N=NCCN,5,0,,0,
N=NCCO,5,0,,0,
N=NCN=N,5,0,,0,
N=NCN=O,5,0,,0,
N=NCNN,5,0,,0,
N=NCNO,5,0,,0,
N=NCON,5,0,,0,
N=NCOO,5,0,,0,
N=NN(N)N,5,0,,0,
N=NN(N)O,5,0,,0,
N=NN(O)O,5,0,,0,
N=NN1C#C1,5,0,,0,
N=NN1C=C1,5,0,,0,
N=NN1C=N1,5,0,,0,
N=NN1CC1,5,0,,0,
N=NN1CN1,5,0,,0,
N=NN1CO1,5,0,,0,
N=NN1N=N1,5,0,,0,
N=NN=C=O,5,0,,0,
N=NN=CN,5,0,,0,
N=NN=CO,5,0,,0,
N=NN=NN,5,0,,0,
N=NN=NO,5,0,,0,
N=NNC=O,5,0,,0,
N=NNCN,5,0,,0,
N=NNCO,5,0,,0,
N=NNN=N,5,0,,0,
N=NNN=O,5,0,,0,
N=NNNN,5,0,,0,
N=NNNO,5,0,,0,
N=NNON,5,0,,0,
N=NNOO,5,0,,0,
N=NOC=O,5,0,,0,
N=NOCN,5,0,,0,
N=NOCO,5,0,,0,
N=NON=N,5,0,,0,
N=NON=O,5,0,,0,
N=NONN,5,0,,0,
N=NONO,5,0,,0,
N=NOON,5,0,,0,
N=NOOO,5,0,,0,
N=Nn1[nH][nH]1,5,0,,0,
N=Nn1[nH]o1,5,0,,0,
N=Nn1oo1,5,0,,0,
N=c1[nH][nH][nH]1,5,0,,0,
N=c1[nH][nH]o1,5,0,,0,
N=c1[nH]c1=N,5,0,,0,
N=c1[nH]c1=O,5,0,,0,
N=c1[nH]o[nH]1,5,0,,0,
N=c1[nH]oo1,5,0,,0,
N=c1c2c1=C=2,5,0,,0,
N=c1c2c1C2,5,0,,0,
N=c1c2c1N2,5,0,,0,
N=c1c2c1O2,5,0,,0,
N=c1cc1N,5,0,,0,
N=c1cc1O,5,0,,0,
N=c1n2[nH]n12,5,0,,0,
N=c1n2on12,5,0,,0,
N=c1nc1N,5,0,,0,
N=c1nc1O,5,0,,0,
N=c1o[nH]o1,5,0,,0,
N=c1oc1=N,5,0,,0,
N=c1oc1=O,5,0,,0,
N=c1ooo1,5,0,,0,
NC#CC=O,5,0,,0,
NC#CCN,5,0,,0,
NC#CCO,5,0,,0,
NC#CN=O,5,0,,0,
NC#CNN,5,0,,0,
NC#CNO,5,0,,0,
NC#CON,5,0,,0,
NC#COO,5,0,,0,
NC(=O)C=O,5,0,,0,
NC(=O)CO,5,0,,0,
NC(=O)N=O,5,0,,0,
NC(=O)NO,5,0,,0,
NC(=O)OO,5,0,,0,
NC(N)(N)N,5,0,,0,
NC(N)(N)O,5,0,,0,
NC(N)(O)O,5,0,,0,
NC(N)=C=O,5,0,,0,
NC(N)=CO,5,0,,0,
NC(N)=NO,5,0,,0,
NC(N)C=O,5,0,,0,
NC(N)CO,5,0,,0,
NC(N)N=O,5,0,,0,
NC(N)NO,5,0,,0,
NC(N)OO,5,0,,0,
NC(O)(O)O,5,0,,0,
NC(O)=C=O,5,0,,0,
NC(O)=CO,5,0,,0,
NC(O)=NO,5,0,,0,
NC(O)C=O,5,0,,0,
NC(O)CO,5,0,,0,
NC(O)N=O,5,0,,0,
NC(O)NO,5,0,,0,
NC(O)OO,5,0,,0,
NC1(N)C#C1,5,0,,0,
NC1(N)C=C1,5,0,,0,
NC1(N)C=N1,5,0,,0,
NC1(N)CC1,5,0,,0,
NC1(N)CN1,5,0,,0,
NC1(N)CO1,5,0,,0,
NC1(N)N=N1,5,0,,0,
NC1(N)NN1,5,0,,0,
NC1(N)NO1,5,0,,0,
NC1(N)OO1,5,0,,0,
NC1(O)C#C1,5,0,,0,
NC1(O)C=C1,5,0,,0,
NC1(O)C=N1,5,0,,0,
NC1(O)CC1,5,0,,0,
NC1(O)CN1,5,0,,0,
NC1(O)CO1,5,0,,0,
NC1(O)N=N1,5,0,,0,
NC1(O)NN1,5,0,,0,
NC1(O)NO1,5,0,,0,
NC1(O)OO1,5,0,,0,
NC12C3=C1C32,5,0,,0,
NC12C3=C1N32,5,0,,0,
NC12C3C1C32,5,0,,0,
NC12C3C1N32,5,0,,0,
NC12C3N1N32,5,0,,0,
NC12C=C1C2,5,0,,0,
NC12C=C1N2,5,0,,0,
NC12C=C1O2,5,0,,0,
NC12CC1=N2,5,0,,0,
NC12CC1C2,5,0,,0,
NC12CC1N2,5,0,,0,
NC12CC1O2,5,0,,0,
NC12CN1C2,5,0,,0,
NC12CN1N2,5,0,,0,
NC12CN1O2,5,0,,0,
NC12N=C1N2,5,0,,0,
NC12N=C1O2,5,0,,0,
NC12NC1N2,5,0,,0,
NC12NC1O2,5,0,,0,
NC12NN1N2,5,0,,0,
NC12NN1O2,5,0,,0,
NC12OC1O2,5,0,,0,
NC12ON1O2,5,0,,0,
NC12n3n1n32,5,0,,0,
NC1=C(N)C1,5,0,,0,
NC1=C(N)N1,5,0,,0,
NC1=C(N)O1,5,0,,0,
NC1=C(O)C1,5,0,,0,
NC1=C(O)N1,5,0,,0,
NC1=C(O)O1,5,0,,0,
NC1=C2C=C12,5,0,,0,
NC1=C2CC12,5,0,,0,
NC1=C2CN12,5,0,,0,
NC1=C2N=C12,5,0,,0,
NC1=C2NC12,5,0,,0,
NC1=C2OC12,5,0,,0,
NC1=C=C1N,5,0,,0,
NC1=C=C1O,5,0,,0,
NC1=C=C=C1,5,0,,0,
NC1=C=C=N1,5,0,,0,
NC1=C=CC1,5,0,,0,
NC1=C=CN1,5,0,,0,
NC1=C=CO1,5,0,,0,
NC1=C=NC1,5,0,,0,
NC1=C=NN1,5,0,,0,
NC1=C=NO1,5,0,,0,
NC1=CC#C1,5,0,,0,
NC1=CC1N,5,0,,0,
NC1=CC1O,5,0,,0,
NC1=CC=C1,5,0,,0,
NC1=CC=N1,5,0,,0,
NC1=CCC1,5,0,,0,
NC1=CCN1,5,0,,0,
NC1=CCO1,5,0,,0,
NC1=CN1N,5,0,,0,
NC1=CN1O,5,0,,0,
NC1=CN=C1,5,0,,0,
NC1=CN=N1,5,0,,0,
NC1=CNC1,5,0,,0,
NC1=COC1,5,0,,0,
NC1=NC#C1,5,0,,0,
NC1=NC1N,5,0,,0,
NC1=NC1O,5,0,,0,
NC1=NC=C1,5,0,,0,
NC1=NC=N1,5,0,,0,
NC1=NCC1,5,0,,0,
NC1=NCN1,5,0,,0,
NC1=NCO1,5,0,,0,
NC1=NN1N,5,0,,0,
NC1=NN1O,5,0,,0,
NC1=NN=C1,5,0,,0,
NC1=NN=N1,5,0,,0,
NC1=NNC1,5,0,,0,
NC1=NOC1,5,0,,0,
NC1C#CC1,5,0,,0,
NC1C#CN1,5,0,,0,
NC1C#CO1,5,0,,0,
NC1C2=C1C2,5,0,,0,
NC1C2=C1N2,5,0,,0,
NC1C2=C1O2,5,0,,0,
NC1C2=C=C21,5,0,,0,
NC1C2=CC21,5,0,,0,
NC1C2=CN21,5,0,,0,
NC1C2=NC21,5,0,,0,
NC1C2=NN21,5,0,,0,
NC1C2CC12,5,0,,0,
NC1C2CN12,5,0,,0,
NC1C2NC12,5,0,,0,
NC1C2NN12,5,0,,0,
NC1C2OC12,5,0,,0,
NC1C2ON12,5,0,,0,
NC1C=C1O,5,0,,0,
NC1C=C=C1,5,0,,0,
NC1C=C=N1,5,0,,0,
NC1C=CC1,5,0,,0,
NC1C=CN1,5,0,,0,
NC1C=CO1,5,0,,0,
NC1C=NC1,5,0,,0,
NC1C=NN1,5,0,,0,
NC1C=NO1,5,0,,0,
NC1CC1=O,5,0,,0,
NC1CC1N,5,0,,0,
NC1CC1O,5,0,,0,
NC1CC=N1,5,0,,0,
NC1CCC1,5,0,,0,
NC1CCN1,5,0,,0,
NC1CCO1,5,0,,0,
NC1CN1N,5,0,,0,
NC1CN1O,5,0,,0,
NC1CN=N1,5,0,,0,
NC1CNC1,5,0,,0,
NC1CNN1,5,0,,0,
NC1CNO1,5,0,,0,
NC1COC1,5,0,,0,
NC1CON1,5,0,,0,
NC1COO1,5,0,,0,
NC1N2CN12,5,0,,0,
NC1N=C1O,5,0,,0,
NC1N=C=N1,5,0,,0,
NC1N=CN1,5,0,,0,
NC1N=CO1,5,0,,0,
NC1N=NN1,5,0,,0,
NC1N=NO1,5,0,,0,
NC1NC1=O,5,0,,0,
NC1NC1N,5,0,,0,
NC1NC1O,5,0,,0,
NC1NCN1,5,0,,0,
NC1NCO1,5,0,,0,
NC1NN1N,5,0,,0,
NC1NN1O,5,0,,0,
NC1NNN1,5,0,,0,
NC1NNO1,5,0,,0,
NC1NON1,5,0,,0,
NC1NOO1,5,0,,0,
NC1OC1=O,5,0,,0,
NC1OC1N,5,0,,0,
NC1OC1O,5,0,,0,
NC1OCO1,5,0,,0,
NC1ON1N,5,0,,0,
NC1ON1O,5,0,,0,
NC1ONO1,5,0,,0,
NC1OOO1,5,0,,0,
NC1n2[nH]n21,5,0,,0,
NC1n2on21,5,0,,0,
NC=C(N)N,5,0,,0,
NC=C(N)O,5,0,,0,
NC=C(O)O,5,0,,0,
NC=C1C#C1,5,0,,0,
NC=C1C=C1,5,0,,0,
NC=C1C=N1,5,0,,0,
NC=C1CC1,5,0,,0,
NC=C1CN1,5,0,,0,
NC=C1CO1,5,0,,0,
NC=C1N=N1,5,0,,0,
NC=C1NN1,5,0,,0,
NC=C1NO1,5,0,,0,
NC=C1OO1,5,0,,0,
NC=C=C=O,5,0,,0,
NC=C=CN,5,0,,0,
NC=C=CO,5,0,,0,
NC=C=NN,5,0,,0,
NC=C=NO,5,0,,0,
NC=CC=O,5,0,,0,
NC=CCN,5,0,,0,
NC=CCO,5,0,,0,
NC=CN=O,5,0,,0,
NC=CNN,5,0,,0,
NC=CNO,5,0,,0,
NC=CON,5,0,,0,
NC=COO,5,0,,0,
NC=NC=O,5,0,,0,
NC=NCN,5,0,,0,
NC=NCO,5,0,,0,
NC=NN=O,5,0,,0,
NC=NNN,5,0,,0,
NC=NNO,5,0,,0,
NC=NON,5,0,,0,
NC=NOO,5,0,,0,
NCC#CO,5,0,,0,
NCC(=O)O,5,0,,0,
NCC(N)=O,5,0,,0,
NCC(N)N,5,0,,0,
NCC(N)O,5,0,,0,
NCC(O)O,5,0,,0,
NCC1=C=C1,5,0,,0,
NCC1=C=N1,5,0,,0,
NCC1=CC1,5,0,,0,
NCC1=CN1,5,0,,0,
NCC1=CO1,5,0,,0,
NCC1=NC1,5,0,,0,
NCC1=NN1,5,0,,0,
NCC1=NO1,5,0,,0,
NCC1C#C1,5,0,,0,
NCC1C=C1,5,0,,0,
NCC1C=N1,5,0,,0,
NCC1CC1,5,0,,0,
NCC1CN1,5,0,,0,
NCC1CO1,5,0,,0,
NCC1N=N1,5,0,,0,
NCC1NN1,5,0,,0,
NCC1NO1,5,0,,0,
NCC1OO1,5,0,,0,
NCC=C=O,5,0,,0,
NCC=CO,5,0,,0,
NCC=NN,5,0,,0,
NCC=NO,5,0,,0,
NCCC=O,5,0,,0,
NCCCN,5,0,,0,
NCCCO,5,0,,0,
NCCN=O,5,0,,0,
NCCNN,5,0,,0,
NCCNO,5,0,,0,
NCCON,5,0,,0,
NCCOO,5,0,,0,
NCN(N)N,5,0,,0,
NCN(N)O,5,0,,0,
NCN(O)O,5,0,,0,
NCN1C#C1,5,0,,0,
NCN1C=C1,5,0,,0,
NCN1C=N1,5,0,,0,
NCN1CC1,5,0,,0,
NCN1CN1,5,0,,0,
NCN1CO1,5,0,,0,
NCN1N=N1,5,0,,0,
NCN=C=O,5,0,,0,
NCN=CO,5,0,,0,
NCN=NN,5,0,,0,
NCN=NO,5,0,,0,
NCNC=O,5,0,,0,
NCNCN,5,0,,0,
NCNCO,5,0,,0,
NCNN=O,5,0,,0,
NCNNN,5,0,,0,
NCNNO,5,0,,0,
NCNON,5,0,,0,
NCNOO,5,0,,0,
NCOC=O,5,0,,0,
NCOCN,5,0,,0,
NCOCO,5,0,,0,
NCON=O,5,0,,0,
NCONN,5,0,,0,
NCONO,5,0,,0,
NCOON,5,0,,0,
NCOOO,5,0,,0,
NCn1[nH][nH]1,5,0,,0,
NCn1[nH]o1,5,0,,0,
NCn1oo1,5,0,,0,
NN(N)C=O,5,0,,0,
NN(N)CO,5,0,,0,
NN(N)N=O,5,0,,0,
NN(N)NO,5,0,,0,
NN(N)OO,5,0,,0,
NN(O)C=O,5,0,,0,
NN(O)CO,5,0,,0,
NN(O)N=O,5,0,,0,
NN(O)NO,5,0,,0,
NN(O)OO,5,0,,0,
NN1C#CC1,5,0,,0,
NN1C2=C1C2,5,0,,0,
NN1C2=C=C21,5,0,,0,
NN1C2=CC21,5,0,,0,
NN1C2=NC21,5,0,,0,
NN1C2CC21,5,0,,0,
NN1C2CN21,5,0,,0,
NN1C2NC21,5,0,,0,
NN1C2NN21,5,0,,0,
NN1C2OC21,5,0,,0,
NN1C2ON21,5,0,,0,
NN1C=C1O,5,0,,0,
NN1C=C=C1,5,0,,0,
NN1C=C=N1,5,0,,0,
NN1C=CC1,5,0,,0,
NN1C=NC1,5,0,,0,
NN1CC1=O,5,0,,0,
NN1CC1O,5,0,,0,
NN1CC=N1,5,0,,0,
NN1CCC1,5,0,,0,
NN1CCN1,5,0,,0,
NN1CCO1,5,0,,0,
NN1CN1N,5,0,,0,
NN1CN1O,5,0,,0,
NN1CN=N1,5,0,,0,
NN1CNC1,5,0,,0,
NN1CNN1,5,0,,0,
NN1CNO1,5,0,,0,
NN1COC1,5,0,,0,
NN1CON1,5,0,,0,
NN1COO1,5,0,,0,
NN1N=C1O,5,0,,0,
NN1N=C=N1,5,0,,0,
NN1NC1=O,5,0,,0,
NN1NC1O,5,0,,0,
NN1NCN1,5,0,,0,
NN1NCO1,5,0,,0,
NN1NNN1,5,0,,0,
NN1NNO1,5,0,,0,
NN1NON1,5,0,,0,
NN1NOO1,5,0,,0,
NN1OC1=O,5,0,,0,
NN1OC1O,5,0,,0,
NN1OCO1,5,0,,0,
NN1ONO1,5,0,,0,
NN1OOO1,5,0,,0,
NN=C(N)N,5,0,,0,
NN=C(N)O,5,0,,0,
NN=C(O)O,5,0,,0,
NN=C1CC1,5,0,,0,
NN=C1CN1,5,0,,0,
NN=C1CO1,5,0,,0,
NN=C1NN1,5,0,,0,
NN=C1NO1,5,0,,0,
NN=C1OO1,5,0,,0,
NN=C=C=O,5,0,,0,
NN=C=CO,5,0,,0,
NN=C=NN,5,0,,0,
NN=C=NO,5,0,,0,
NN=CC=O,5,0,,0,
NN=CCO,5,0,,0,
NN=CN=O,5,0,,0,
NN=CNN,5,0,,0,
NN=CNO,5,0,,0,
NN=CON,5,0,,0,
NN=COO,5,0,,0,
NN=NC=O,5,0,,0,
NN=NCO,5,0,,0,
NN=NN=O,5,0,,0,
NN=NNN,5,0,,0,
NN=NNO,5,0,,0,
NN=NON,5,0,,0,
NN=NOO,5,0,,0,
NN=c1c#c1,5,0,,0,
NN=c1cc1,5,0,,0,
NN=c1cn1,5,0,,0,
NN=c1nn1,5,0,,0,
NNC#CO,5,0,,0,
NNC(=O)O,5,0,,0,
NNC(N)=O,5,0,,0,
NNC(N)N,5,0,,0,
NNC(N)O,5,0,,0,
NNC(O)O,5,0,,0,
NNC1=C=C1,5,0,,0,
NNC1=C=N1,5,0,,0,
NNC1=CC1,5,0,,0,
NNC1=CN1,5,0,,0,
NNC1=CO1,5,0,,0,
NNC1=NC1,5,0,,0,
NNC1=NN1,5,0,,0,
NNC1=NO1,5,0,,0,
NNC1C#C1,5,0,,0,
NNC1C=C1,5,0,,0,
NNC1C=N1,5,0,,0,
NNC1CC1,5,0,,0,
NNC1CN1,5,0,,0,
NNC1CO1,5,0,,0,
NNC1N=N1,5,0,,0,
NNC1NN1,5,0,,0,
NNC1NO1,5,0,,0,
NNC1OO1,5,0,,0,
NNC=C=O,5,0,,0,
NNC=CO,5,0,,0,
NNC=NO,5,0,,0,
NNCC=O,5,0,,0,
NNCCO,5,0,,0,
NNCN=O,5,0,,0,
NNCNN,5,0,,0,
NNCNO,5,0,,0,
NNCON,5,0,,0,
NNCOO,5,0,,0,
NNN(N)N,5,0,,0,
NNN(N)O,5,0,,0,
NNN(O)O,5,0,,0,
NNN1C#C1,5,0,,0,
NNN1C=C1,5,0,,0,
NNN1C=N1,5,0,,0,
NNN1CC1,5,0,,0,
NNN1CN1,5,0,,0,
NNN1CO1,5,0,,0,
NNN1N=N1,5,0,,0,
NNN=C=O,5,0,,0,
NNN=CO,5,0,,0,
NNN=NO,5,0,,0,
NNNC=O,5,0,,0,
NNNCO,5,0,,0,
NNNN=O,5,0,,0,
NNNNN,5,0,,0,
NNNNO,5,0,,0,
NNNON,5,0,,0,
NNNOO,5,0,,0,
NNOC=O,5,0,,0,
NNOCO,5,0,,0,
NNON=O,5,0,,0,
NNONN,5,0,,0,
NNONO,5,0,,0,
NNOON,5,0,,0,
NNOOO,5,0,,0,
NNn1[nH][nH]1,5,0,,0,
NNn1[nH]o1,5,0,,0,
NNn1oo1,5,0,,0,
NOC#CO,5,0,,0,
NOC(=O)O,5,0,,0,
NOC(N)=O,5,0,,0,
NOC(N)N,5,0,,0,
NOC(N)O,5,0,,0,
NOC(O)O,5,0,,0,
NOC1=C=C1,5,0,,0,
NOC1=C=N1,5,0,,0,
NOC1=CC1,5,0,,0,
NOC1=CN1,5,0,,0,
NOC1=CO1,5,0,,0,
NOC1=NC1,5,0,,0,
NOC1=NN1,5,0,,0,
NOC1=NO1,5,0,,0,
NOC1C#C1,5,0,,0,
NOC1C=C1,5,0,,0,
NOC1C=N1,5,0,,0,
NOC1CC1,5,0,,0,
NOC1CN1,5,0,,0,
NOC1CO1,5,0,,0,
NOC1N=N1,5,0,,0,
NOC1NN1,5,0,,0,
NOC1NO1,5,0,,0,
NOC1OO1,5,0,,0,
NOC=C=O,5,0,,0,
NOC=CO,5,0,,0,
NOC=NO,5,0,,0,
NOCC=O,5,0,,0,
NOCCO,5,0,,0,
NOCN=O,5,0,,0,
NOCNO,5,0,,0,
NOCON,5,0,,0,
NOCOO,5,0,,0,
NON(N)N,5,0,,0,
NON(N)O,5,0,,0,
NON(O)O,5,0,,0,
NON1C#C1,5,0,,0,
NON1C=C1,5,0,,0,
NON1C=N1,5,0,,0,
NON1CC1,5,0,,0,
NON1CN1,5,0,,0,
NON1CO1,5,0,,0,
NON1N=N1,5,0,,0,
NON=C=O,5,0,,0,
NON=CO,5,0,,0,
NON=NO,5,0,,0,
NONC=O,5,0,,0,
NONCO,5,0,,0,
NONN=O,5,0,,0,
NONNO,5,0,,0,
NONON,5,0,,0,
NONOO,5,0,,0,
NOOC=O,5,0,,0,
NOOCO,5,0,,0,
NOON=O,5,0,,0,
NOONO,5,0,,0,
NOOON,5,0,,0,
NOOOO,5,0,,0,
NOn1[nH][nH]1,5,0,,0,
NOn1[nH]o1,5,0,,0,
NOn1oo1,5,0,,0,
Nc1c2[nH]n1-2,5,0,,0,
Nc1c2on1-2,5,0,,0,
Nc1c[nH][nH]1,5,0,,0,
Nc1c[nH]o1,5,0,,0,
Nc1cc1=O,5,0,,0,
Nc1co[nH]1,5,0,,0,
Nc1coo1,5,0,,0,
Nc1n[nH][nH]1,5,0,,0,
Nc1n[nH]o1,5,0,,0,
Nc1nc1=O,5,0,,0,
Nc1no[nH]1,5,0,,0,
Nc1noo1,5,0,,0,
Nn1[nH]n1N,5,0,,0,
Nn1[nH]n1O,5,0,,0,
Nn1c#c[nH]1,5,0,,0,
Nn1c#co1,5,0,,0,
Nn1c2[nH]c1=2,5,0,,0,
Nn1c2cn1-2,5,0,,0,
Nn1c2nn1-2,5,0,,0,
Nn1c2oc1=2,5,0,,0,
Nn1cc[nH]1,5,0,,0,
Nn1cco1,5,0,,0,
Nn1cn[nH]1,5,0,,0,
Nn1cno1,5,0,,0,
Nn1n2[nH]n12,5,0,,0,
Nn1n2n1C2,5,0,,0,
Nn1n2on12,5,0,,0,
Nn1nc[nH]1,5,0,,0,
Nn1nco1,5,0,,0,
Nn1nn[nH]1,5,0,,0,
Nn1nno1,5,0,,0,
Nn1on1N,5,0,,0,
Nn1on1O,5,0,,0,
O1C23C4=C2C143,5,0,,0,
O1C23C4C2C143,5,0,,0,
O1C23C4N2C143,5,0,,0,
O1C23N4N2C143,5,0,,0,
O1C23OC12O3,5,0,,0,
O1C2=C3C1C23,5,0,,0,
O1C2=C3C1N23,5,0,,0,
O1C2=C3OC123,5,0,,0,
O1C2C3=C2C13,5,0,,0,
O1C2C3=C2N13,5,0,,0,
O1C2C3C1C23,5,0,,0,
O1C2C3C1N23,5,0,,0,
O1C2C3C2N13,5,0,,0,
O1C2C3N1N23,5,0,,0,
O1C2C3OC123,5,0,,0,
O1C2N3C1N23,5,0,,0,
O1C2N3OC123,5,0,,0,
O1C2OC1O2,5,0,,0,
O1C2ON1O2,5,0,,0,
O1C2n3n1n32,5,0,,0,
O1N2C3C2N13,5,0,,0,
O1N2C3N1N32,5,0,,0,
O1N2N3OC123,5,0,,0,
O1N2ON1O2,5,0,,0,
O1OC12OO2,5,0,,0,
O1OC2OC12,5,0,,0,
O1ON2OC12,5,0,,0,
O1c2ooc21,5,0,,0,
O1n2c3c2n31,5,0,,0,
O=C(O)CO,5,0,,0,
O=C(O)NO,5,0,,0,
O=C(O)OO,5,0,,0,
O=C1C#CC1,5,0,,0,
O=C1C#CN1,5,0,,0,
O=C1C#CO1,5,0,,0,
O=C1C2=CC12,5,0,,0,
O=C1C2=CN12,5,0,,0,
O=C1C2=NC12,5,0,,0,
O=C1C2=NN12,5,0,,0,
O=C1C2CC12,5,0,,0,
O=C1C2CN12,5,0,,0,
O=C1C2NC12,5,0,,0,
O=C1C2NN12,5,0,,0,
O=C1C2OC12,5,0,,0,
O=C1C2ON12,5,0,,0,
O=C1C=C=C1,5,0,,0,
O=C1C=C=N1,5,0,,0,
O=C1C=CC1,5,0,,0,
O=C1C=CN1,5,0,,0,
O=C1C=CO1,5,0,,0,
O=C1C=NC1,5,0,,0,
O=C1C=NN1,5,0,,0,
O=C1C=NO1,5,0,,0,
O=C1CC1=O,5,0,,0,
O=C1CC1O,5,0,,0,
O=C1CC=N1,5,0,,0,
O=C1CCC1,5,0,,0,
O=C1CCN1,5,0,,0,
O=C1CCO1,5,0,,0,
O=C1CN1O,5,0,,0,
O=C1CN=N1,5,0,,0,
O=C1CNC1,5,0,,0,
O=C1CNN1,5,0,,0,
O=C1CNO1,5,0,,0,
O=C1COC1,5,0,,0,
O=C1CON1,5,0,,0,
O=C1COO1,5,0,,0,
O=C1N2CN12,5,0,,0,
O=C1N=C=N1,5,0,,0,
O=C1N=CN1,5,0,,0,
O=C1N=CO1,5,0,,0,
O=C1N=NN1,5,0,,0,
O=C1N=NO1,5,0,,0,
O=C1NC1O,5,0,,0,
O=C1NCN1,5,0,,0,
O=C1NCO1,5,0,,0,
O=C1NN1O,5,0,,0,
O=C1OC1O,5,0,,0,
O=C1OCO1,5,0,,0,
O=C1ON1O,5,0,,0,
O=C=C(O)O,5,0,,0,
O=C=C1C#C1,5,0,,0,
O=C=C1C=C1,5,0,,0,
O=C=C1C=N1,5,0,,0,
O=C=C1CC1,5,0,,0,
O=C=C1CN1,5,0,,0,
O=C=C1CO1,5,0,,0,
O=C=C1N=N1,5,0,,0,
O=C=C1NN1,5,0,,0,
O=C=C1NO1,5,0,,0,
O=C=C1OO1,5,0,,0,
O=C=C=C=O,5,0,,0,
O=C=C=CO,5,0,,0,
O=C=C=NO,5,0,,0,
O=C=CC=O,5,0,,0,
O=C=CCO,5,0,,0,
O=C=CN=O,5,0,,0,
O=C=CNO,5,0,,0,
O=C=COO,5,0,,0,
O=C=NC=O,5,0,,0,
O=C=NCO,5,0,,0,
O=C=NN=O,5,0,,0,
O=C=NNO,5,0,,0,
O=C=NOO,5,0,,0,
O=CC#CO,5,0,,0,
O=CC(=O)O,5,0,,0,
O=CC(O)O,5,0,,0,
O=CC1=C=C1,5,0,,0,
O=CC1=C=N1,5,0,,0,
O=CC1=CC1,5,0,,0,
O=CC1=CN1,5,0,,0,
O=CC1=CO1,5,0,,0,
O=CC1=NC1,5,0,,0,
O=CC1=NN1,5,0,,0,
O=CC1=NO1,5,0,,0,
O=CC1C#C1,5,0,,0,
O=CC1C=C1,5,0,,0,
O=CC1C=N1,5,0,,0,
O=CC1CC1,5,0,,0,
O=CC1CN1,5,0,,0,
O=CC1CO1,5,0,,0,
O=CC1N=N1,5,0,,0,
O=CC1NN1,5,0,,0,
O=CC1NO1,5,0,,0,
O=CC1OO1,5,0,,0,
O=CC=CO,5,0,,0,
O=CC=NO,5,0,,0,
O=CCC=O,5,0,,0,
O=CCCO,5,0,,0,
O=CCN=O,5,0,,0,
O=CCNO,5,0,,0,
O=CCOO,5,0,,0,
O=CN(O)O,5,0,,0,
O=CN1C#C1,5,0,,0,
O=CN1C=C1,5,0,,0,
O=CN1C=N1,5,0,,0,
O=CN1CC1,5,0,,0,
O=CN1CN1,5,0,,0,
O=CN1CO1,5,0,,0,
O=CN1N=N1,5,0,,0,
O=CN=CO,5,0,,0,
O=CN=NO,5,0,,0,
O=CNC=O,5,0,,0,
O=CNCO,5,0,,0,
O=CNN=O,5,0,,0,
O=CNNO,5,0,,0,
O=CNOO,5,0,,0,
O=COC=O,5,0,,0,
O=COCO,5,0,,0,
O=CON=O,5,0,,0,
O=CONO,5,0,,0,
O=COOO,5,0,,0,
O=Cn1[nH][nH]1,5,0,,0,
O=Cn1[nH]o1,5,0,,0,
O=Cn1oo1,5,0,,0,
O=NC#CO,5,0,,0,
O=NC(=O)O,5,0,,0,
O=NC(O)O,5,0,,0,
O=NC1=C=C1,5,0,,0,
O=NC1=C=N1,5,0,,0,
O=NC1=CC1,5,0,,0,
O=NC1=CN1,5,0,,0,
O=NC1=CO1,5,0,,0,
O=NC1=NC1,5,0,,0,
O=NC1=NN1,5,0,,0,
O=NC1=NO1,5,0,,0,
O=NC1C#C1,5,0,,0,
O=NC1C=C1,5,0,,0,
O=NC1C=N1,5,0,,0,
O=NC1CC1,5,0,,0,
O=NC1CN1,5,0,,0,
O=NC1CO1,5,0,,0,
O=NC1N=N1,5,0,,0,
O=NC1NN1,5,0,,0,
O=NC1NO1,5,0,,0,
O=NC1OO1,5,0,,0,
O=NC=CO,5,0,,0,
O=NC=NO,5,0,,0,
O=NCCO,5,0,,0,
O=NCN=O,5,0,,0,
O=NCNO,5,0,,0,
O=NCOO,5,0,,0,
O=NN(O)O,5,0,,0,
O=NN1C#C1,5,0,,0,
O=NN1C=C1,5,0,,0,
O=NN1C=N1,5,0,,0,
O=NN1CC1,5,0,,0,
O=NN1CN1,5,0,,0,
O=NN1CO1,5,0,,0,
O=NN1N=N1,5,0,,0,
O=NN=CO,5,0,,0,
O=NN=NO,5,0,,0,
O=NNCO,5,0,,0,
O=NNN=O,5,0,,0,
O=NNNO,5,0,,0,
O=NNOO,5,0,,0,
O=NOCO,5,0,,0,
O=NON=O,5,0,,0,
O=NONO,5,0,,0,
O=NOOO,5,0,,0,
O=Nn1[nH][nH]1,5,0,,0,
O=Nn1[nH]o1,5,0,,0,
O=Nn1oo1,5,0,,0,
O=c1[nH][nH][nH]1,5,0,,0,
O=c1[nH][nH]o1,5,0,,0,
O=c1[nH]c1=O,5,0,,0,
O=c1[nH]o[nH]1,5,0,,0,
O=c1[nH]oo1,5,0,,0,
O=c1c2c1=C=2,5,0,,0,
O=c1c2c1C2,5,0,,0,
O=c1c2c1N2,5,0,,0,
O=c1c2c1O2,5,0,,0,
O=c1cc1O,5,0,,0,
O=c1n2[nH]n12,5,0,,0,
O=c1n2on12,5,0,,0,
O=c1nc1O,5,0,,0,
O=c1o[nH]o1,5,0,,0,
O=c1oc1=O,5,0,,0,
O=c1ooo1,5,0,,0,
OC#CCO,5,0,,0,
OC#CNO,5,0,,0,
OC#COO,5,0,,0,
OC(O)(O)O,5,0,,0,
OC1(O)C#C1,5,0,,0,
OC1(O)C=C1,5,0,,0,
OC1(O)C=N1,5,0,,0,
OC1(O)CC1,5,0,,0,
OC1(O)CN1,5,0,,0,
OC1(O)CO1,5,0,,0,
OC1(O)N=N1,5,0,,0,
OC1(O)NN1,5,0,,0,
OC1(O)NO1,5,0,,0,
OC1(O)OO1,5,0,,0,
OC12C3=C1C32,5,0,,0,
OC12C3=C1N32,5,0,,0,
OC12C3C1C32,5,0,,0,
OC12C3C1N32,5,0,,0,
OC12C3N1N32,5,0,,0,
OC12C=C1C2,5,0,,0,
OC12C=C1N2,5,0,,0,
OC12C=C1O2,5,0,,0,
OC12CC1=N2,5,0,,0,
OC12CC1C2,5,0,,0,
OC12CC1N2,5,0,,0,
OC12CC1O2,5,0,,0,
OC12CN1C2,5,0,,0,
OC12CN1N2,5,0,,0,
OC12CN1O2,5,0,,0,
OC12N=C1N2,5,0,,0,
OC12N=C1O2,5,0,,0,
OC12NC1N2,5,0,,0,
OC12NC1O2,5,0,,0,
OC12NN1N2,5,0,,0,
OC12NN1O2,5,0,,0,
OC12OC1O2,5,0,,0,
OC12ON1O2,5,0,,0,
OC12n3n1n32,5,0,,0,
OC1=C(O)C1,5,0,,0,
OC1=C(O)N1,5,0,,0,
OC1=C(O)O1,5,0,,0,
OC1=C2C=C12,5,0,,0,
OC1=C2CC12,5,0,,0,
OC1=C2CN12,5,0,,0,
OC1=C2N=C12,5,0,,0,
OC1=C2NC12,5,0,,0,
OC1=C2OC12,5,0,,0,
OC1=C=C1O,5,0,,0,
OC1=C=C=C1,5,0,,0,
OC1=C=C=N1,5,0,,0,
OC1=C=CC1,5,0,,0,
OC1=C=CN1,5,0,,0,
OC1=C=CO1,5,0,,0,
OC1=C=NC1,5,0,,0,
OC1=C=NN1,5,0,,0,
OC1=C=NO1,5,0,,0,
OC1=CC#C1,5,0,,0,
OC1=CC1O,5,0,,0,
OC1=CC=C1,5,0,,0,
OC1=CC=N1,5,0,,0,
OC1=CCC1,5,0,,0,
OC1=CCN1,5,0,,0,
OC1=CCO1,5,0,,0,
OC1=CN1O,5,0,,0,
OC1=CN=C1,5,0,,0,
OC1=CN=N1,5,0,,0,
OC1=CNC1,5,0,,0,
OC1=COC1,5,0,,0,
OC1=NC#C1,5,0,,0,
OC1=NC1O,5,0,,0,
OC1=NC=C1,5,0,,0,
OC1=NC=N1,5,0,,0,
OC1=NCC1,5,0,,0,
OC1=NCN1,5,0,,0,
OC1=NCO1,5,0,,0,
OC1=NN1O,5,0,,0,
OC1=NN=C1,5,0,,0,
OC1=NN=N1,5,0,,0,
OC1=NNC1,5,0,,0,
OC1=NOC1,5,0,,0,
OC1C#CC1,5,0,,0,
OC1C#CN1,5,0,,0,
OC1C#CO1,5,0,,0,
OC1C2=C1C2,5,0,,0,
OC1C2=C1N2,5,0,,0,
OC1C2=C1O2,5,0,,0,
OC1C2=C=C21,5,0,,0,
OC1C2=CC21,5,0,,0,
OC1C2=CN21,5,0,,0,
OC1C2=NC21,5,0,,0,
OC1C2=NN21,5,0,,0,
OC1C2CC12,5,0,,0,
OC1C2CN12,5,0,,0,
OC1C2NC12,5,0,,0,
OC1C2NN12,5,0,,0,
OC1C2OC12,5,0,,0,
OC1C2ON12,5,0,,0,
OC1C=C=C1,5,0,,0,
OC1C=C=N1,5,0,,0,
OC1C=CC1,5,0,,0,
OC1C=CN1,5,0,,0,
OC1C=CO1,5,0,,0,
OC1C=NC1,5,0,,0,
OC1C=NN1,5,0,,0,
OC1C=NO1,5,0,,0,
OC1CC1O,5,0,,0,
OC1CC=N1,5,0,,0,
OC1CCC1,5,0,,0,
OC1CCN1,5,0,,0,
OC1CCO1,5,0,,0,
OC1CN1O,5,0,,0,
OC1CN=N1,5,0,,0,
OC1CNC1,5,0,,0,
OC1CNN1,5,0,,0,
OC1CNO1,5,0,,0,
OC1COC1,5,0,,0,
OC1CON1,5,0,,0,
OC1COO1,5,0,,0,
OC1N2CN12,5,0,,0,
OC1N=C=N1,5,0,,0,
OC1N=CN1,5,0,,0,
OC1N=CO1,5,0,,0,
OC1N=NN1,5,0,,0,
OC1N=NO1,5,0,,0,
OC1NC1O,5,0,,0,
OC1NCN1,5,0,,0,
OC1NCO1,5,0,,0,
OC1NN1O,5,0,,0,
OC1NNN1,5,0,,0,
OC1NNO1,5,0,,0,
OC1NON1,5,0,,0,
OC1NOO1,5,0,,0,
OC1OC1O,5,0,,0,
OC1OCO1,5,0,,0,
OC1ON1O,5,0,,0,
OC1ONO1,5,0,,0,
OC1OOO1,5,0,,0,
OC1n2[nH]n21,5,0,,0,
OC1n2on21,5,0,,0,
OC=C(O)O,5,0,,0,
OC=C1C#C1,5,0,,0,
OC=C1C=C1,5,0,,0,
OC=C1C=N1,5,0,,0,
OC=C1CC1,5,0,,0,
OC=C1CN1,5,0,,0,
OC=C1CO1,5,0,,0,
OC=C1N=N1,5,0,,0,
OC=C1NN1,5,0,,0,
OC=C1NO1,5,0,,0,
OC=C1OO1,5,0,,0,
OC=C=CO,5,0,,0,
OC=C=NO,5,0,,0,
OC=CCO,5,0,,0,
OC=CNO,5,0,,0,
OC=COO,5,0,,0,
OC=NCO,5,0,,0,
OC=NNO,5,0,,0,
OC=NOO,5,0,,0,
OCC(O)O,5,0,,0,
OCC1=C=C1,5,0,,0,
OCC1=C=N1,5,0,,0,
OCC1=CC1,5,0,,0,
OCC1=CN1,5,0,,0,
OCC1=CO1,5,0,,0,
OCC1=NC1,5,0,,0,
OCC1=NN1,5,0,,0,
OCC1=NO1,5,0,,0,
OCC1C#C1,5,0,,0,
OCC1C=C1,5,0,,0,
OCC1C=N1,5,0,,0,
OCC1CC1,5,0,,0,
OCC1CN1,5,0,,0,
OCC1CO1,5,0,,0,
OCC1N=N1,5,0,,0,
OCC1NN1,5,0,,0,
OCC1NO1,5,0,,0,
OCC1OO1,5,0,,0,
OCC=NO,5,0,,0,
OCCCO,5,0,,0,
OCCNO,5,0,,0,
OCCOO,5,0,,0,
OCN(O)O,5,0,,0,
OCN1C#C1,5,0,,0,
OCN1C=C1,5,0,,0,
OCN1C=N1,5,0,,0,
OCN1CC1,5,0,,0,
OCN1CN1,5,0,,0,
OCN1CO1,5,0,,0,
OCN1N=N1,5,0,,0,
OCN=NO,5,0,,0,
OCNCO,5,0,,0,
OCNNO,5,0,,0,
OCNOO,5,0,,0,
OCOCO,5,0,,0,
OCONO,5,0,,0,
OCOOO,5,0,,0,
OCn1[nH][nH]1,5,0,,0,
OCn1[nH]o1,5,0,,0,
OCn1oo1,5,0,,0,
ON1C#CC1,5,0,,0,
ON1C2=C1C2,5,0,,0,
ON1C2=C=C21,5,0,,0,
ON1C2=CC21,5,0,,0,
ON1C2=NC21,5,0,,0,
ON1C2CC21,5,0,,0,
ON1C2CN21,5,0,,0,
ON1C2NC21,5,0,,0,
ON1C2NN21,5,0,,0,
ON1C2OC21,5,0,,0,
ON1C2ON21,5,0,,0,
ON1C=C=C1,5,0,,0,
ON1C=C=N1,5,0,,0,
ON1C=CC1,5,0,,0,
ON1C=NC1,5,0,,0,
ON1CC=N1,5,0,,0,
ON1CCC1,5,0,,0,
ON1CCN1,5,0,,0,
ON1CCO1,5,0,,0,
ON1CN1O,5,0,,0,
ON1CN=N1,5,0,,0,
ON1CNC1,5,0,,0,
ON1CNN1,5,0,,0,
ON1CNO1,5,0,,0,
ON1COC1,5,0,,0,
ON1CON1,5,0,,0,
ON1COO1,5,0,,0,
ON1N=C=N1,5,0,,0,
ON1NCN1,5,0,,0,
ON1NCO1,5,0,,0,
ON1NNN1,5,0,,0,
ON1NNO1,5,0,,0,
ON1NON1,5,0,,0,
ON1NOO1,5,0,,0,
ON1OCO1,5,0,,0,
ON1ONO1,5,0,,0,
ON1OOO1,5,0,,0,
ON=C(O)O,5,0,,0,
ON=C1CC1,5,0,,0,
ON=C1CN1,5,0,,0,
ON=C1CO1,5,0,,0,
ON=C1NN1,5,0,,0,
ON=C1NO1,5,0,,0,
ON=C1OO1,5,0,,0,
ON=C=NO,5,0,,0,
ON=CNO,5,0,,0,
ON=COO,5,0,,0,
ON=NNO,5,0,,0,
ON=NOO,5,0,,0,
ON=c1c#c1,5,0,,0,
ON=c1cc1,5,0,,0,
ON=c1cn1,5,0,,0,
ON=c1nn1,5,0,,0,
ONC(O)O,5,0,,0,
ONC1=C=C1,5,0,,0,
ONC1=C=N1,5,0,,0,
ONC1=CC1,5,0,,0,
ONC1=CN1,5,0,,0,
ONC1=CO1,5,0,,0,
ONC1=NC1,5,0,,0,
ONC1=NN1,5,0,,0,
ONC1=NO1,5,0,,0,
ONC1C#C1,5,0,,0,
ONC1C=C1,5,0,,0,
ONC1C=N1,5,0,,0,
ONC1CC1,5,0,,0,
ONC1CN1,5,0,,0,
ONC1CO1,5,0,,0,
ONC1N=N1,5,0,,0,
ONC1NN1,5,0,,0,
ONC1NO1,5,0,,0,
ONC1OO1,5,0,,0,
ONCNO,5,0,,0,
ONCOO,5,0,,0,
ONN(O)O,5,0,,0,
ONN1C#C1,5,0,,0,
ONN1C=C1,5,0,,0,
ONN1C=N1,5,0,,0,
ONN1CC1,5,0,,0,
ONN1CN1,5,0,,0,
ONN1CO1,5,0,,0,
ONN1N=N1,5,0,,0,
ONNNO,5,0,,0,
ONNOO,5,0,,0,
ONONO,5,0,,0,
ONOOO,5,0,,0,
ONn1[nH][nH]1,5,0,,0,
ONn1[nH]o1,5,0,,0,
ONn1oo1,5,0,,0,
OOC(O)O,5,0,,0,
OOC1=C=C1,5,0,,0,
OOC1=C=N1,5,0,,0,
OOC1=CC1,5,0,,0,
OOC1=CN1,5,0,,0,
OOC1=CO1,5,0,,0,
OOC1=NC1,5,0,,0,
OOC1=NN1,5,0,,0,
OOC1=NO1,5,0,,0,
OOC1C#C1,5,0,,0,
OOC1C=C1,5,0,,0,
OOC1C=N1,5,0,,0,
OOC1CC1,5,0,,0,
OOC1CN1,5,0,,0,
OOC1CO1,5,0,,0,
OOC1N=N1,5,0,,0,
OOC1NN1,5,0,,0,
OOC1NO1,5,0,,0,
OOC1OO1,5,0,,0,
OOCOO,5,0,,0,
OON(O)O,5,0,,0,
OON1C#C1,5,0,,0,
OON1C=C1,5,0,,0,
OON1C=N1,5,0,,0,
OON1CC1,5,0,,0,
OON1CN1,5,0,,0,
OON1CO1,5,0,,0,
OON1N=N1,5,0,,0,
OONOO,5,0,,0,
OOOOO,5,0,,0,
OOn1[nH][nH]1,5,0,,0,
OOn1[nH]o1,5,0,,0,
OOn1oo1,5,0,,0,
Oc1c2[nH]n1-2,5,0,,0,
Oc1c2on1-2,5,0,,0,
Oc1c[nH][nH]1,5,0,,0,
Oc1c[nH]o1,5,0,,0,
Oc1co[nH]1,5,0,,0,
Oc1coo1,5,0,,0,
Oc1n[nH][nH]1,5,0,,0,
Oc1n[nH]o1,5,0,,0,
Oc1no[nH]1,5,0,,0,
Oc1noo1,5,0,,0,
On1[nH]n1O,5,0,,0,
On1c#c[nH]1,5,0,,0,
On1c#co1,5,0,,0,
On1c2[nH]c1=2,5,0,,0,
On1c2cn1-2,5,0,,0,
On1c2nn1-2,5,0,,0,
On1c2oc1=2,5,0,,0,
On1cc[nH]1,5,0,,0,
On1cco1,5,0,,0,
On1cn[nH]1,5,0,,0,
On1cno1,5,0,,0,
On1n2[nH]n12,5,0,,0,
On1n2n1C2,5,0,,0,
On1n2on12,5,0,,0,
On1nc[nH]1,5,0,,0,
On1nco1,5,0,,0,
On1nn[nH]1,5,0,,0,
On1nno1,5,0,,0,
On1on1O,5,0,,0,
[nH]1[nH][nH][nH][nH]1,5,0,,0,
[nH]1[nH][nH]o[nH]1,5,0,,0,
[nH]1[nH]c2c1O2,5,0,,0,
[nH]1[nH]n2[nH]n12,5,0,,0,
[nH]1[nH]n2on12,5,0,,0,
[nH]1[nH]o[nH]o1,5,0,,0,
[nH]1[nH]oo[nH]1,5,0,,0,
[nH]1[nH]ooo1,5,0,,0,
[nH]1c2c3c1c23,5,0,,0,
[nH]1c2c3n1C23,5,0,,0,
[nH]1c2c3n1n23,5,0,,0,
[nH]1n2n3n1n23,5,0,,0,
[nH]1n2oon12,5,0,,0,
[nH]1o[nH]oo1,5,0,,0,
[nH]1oc2c1O2,5,0,,0,
[nH]1on2[nH]n12,5,0,,0,
[nH]1on2on12,5,0,,0,
[nH]1oooo1,5,0,,0,
c1[nH]c2cc1-2,5,0,,0,
c1[nH]c2nc1-2,5,0,,0,
c1[nH]n2c1C2,5,0,,0,
c1[nH]n2c1N2,5,0,,0,
c1[nH]n2c1O2,5,0,,0,
c1c#c[nH]c#1,5,0,,0,
c1c#coc#1,5,0,,0,
c1c2[nH]c=2c#1,5,0,,0,
c1c2[nH]n1C2,5,0,,0,
c1c2[nH]n1[nH]2,5,0,,0,
c1c2[nH]n1o2,5,0,,0,
c1c2c3c1n23,5,0,,0,
c1c2c3c2n13,5,0,,0,
c1c2cn-2c#1,5,0,,0,
c1c2n3n1C23,5,0,,0,
c1c2n3n1n23,5,0,,0,
c1c2n[nH]c1-2,5,0,,0,
c1c2nn-2c#1,5,0,,0,
c1c2nnn1-2,5,0,,0,
c1c2noc1-2,5,0,,0,
c1c2oc=2c#1,5,0,,0,
c1c2on1C2,5,0,,0,
c1c2on1o2,5,0,,0,
c1c[nH]cn1,5,0,,0,
c1c[nH]nn1,5,0,,0,
c1cc2[nH]c1-2,5,0,,0,
c1cc2[nH]c1=2,5,0,,0,
c1cc2oc1-2,5,0,,0,
c1cc2oc1=2,5,0,,0,
c1cc[nH]c#1,5,0,,0,
c1cc[nH]c1,5,0,,0,
c1ccoc#1,5,0,,0,
c1ccoc1,5,0,,0,
c1cn2[nH]n12,5,0,,0,
c1cn2cc1-2,5,0,,0,
c1cn2n1C2,5,0,,0,
c1cn2nc1-2,5,0,,0,
c1cn2on12,5,0,,0,
c1cn[nH]c#1,5,0,,0,
c1cn[nH]c1,5,0,,0,
c1cn[nH]n1,5,0,,0,
c1cnoc#1,5,0,,0,
c1cnoc1,5,0,,0,
c1cnon1,5,0,,0,
c1cocn1,5,0,,0,
c1conn1,5,0,,0,
c1n2[nH]n2c#1,5,0,,0,
c1n2n(c#1)C2,5,0,,0,
c1n2on2c#1,5,0,,0,
c1nc2[nH]c1-2,5,0,,0,
c1nc2[nH]c1=2,5,0,,0,
c1nc2cn1-2,5,0,,0,
c1nc2nn1-2,5,0,,0,
c1nc2oc1-2,5,0,,0,
c1nc2oc1=2,5,0,,0,
c1nc[nH]c#1,5,0,,0,
c1nc[nH]n1,5,0,,0,
c1ncoc#1,5,0,,0,
c1ncon1,5,0,,0,
c1nn2[nH]n12,5,0,,0,
c1nn2cc1-2,5,0,,0,
c1nn2n1C2,5,0,,0,
c1nn2nc1-2,5,0,,0,
c1nn2on12,5,0,,0,
c1nn[nH]c#1,5,0,,0,
c1nn[nH]n1,5,0,,0,
c1nnc[nH]1,5,0,,0,
c1nnco1,5,0,,0,
c1nnn[nH]1,5,0,,0,
c1nnno1,5,0,,0,
c1nnoc#1,5,0,,0,
c1nnon1,5,0,,0,
c1oc2cc1-2,5,0,,0,
c1oc2nc1-2,5,0,,0,
c1on2c1C2,5,0,,0,
c1on2c1N2,5,0,,0,
c1on2c1O2,5,0,,0,
n1[nH]c2nc1-2,5,0,,0,
n1[nH]n2c1N2,5,0,,0,
n1[nH]n2c1O2,5,0,,0,
n1c2[nH]n1[nH]2,5,0,,0,
n1c2[nH]n1o2,5,0,,0,
n1c2c3c1n23,5,0,,0,
n1c2c3c2n13,5,0,,0,
n1c2n3n1C23,5,0,,0,
n1c2n3n1n23,5,0,,0,
n1c2on1o2,5,0,,0,
n1nc2[nH]c1-2,5,0,,0,
n1nc2[nH]c1=2,5,0,,0,
n1nc2oc1-2,5,0,,0,
n1nc2oc1=2,5,0,,0,
n1nn2[nH]n12,5,0,,0,
n1nn2nc1-2,5,0,,0,
n1nn2on12,5,0,,0,
n1nn[nH]n1,5,0,,0,
n1nnon1,5,0,,0,
n1oc2nc1-2,5,0,,0,
n1on2c1N2,5,0,,0,
n1on2c1O2,5,0,,0,
o1c2c3c1c23,5,0,,0,
o1c2c3n1C23,5,0,,0,
o1c2c3n1n23,5,0,,0,
o1n2n3n1n23,5,0,,0,
o1on2on12,5,0,,0,
o1oooo1,5,0,,0,
C#CC#CC#C,6,1,triacetylene,2001,
C#CC#CC#N,6,1,cyanodiacetylene,1976,
C#CC#CC=C,6,0,,0,
C#CC#CC=N,6,0,,0,
C#CC#CC=O,6,0,,0,
C#CC#CCC,6,0,,0,
C#CC#CCN,6,0,,0,
C#CC#CCO,6,0,,0,
C#CC#CN=C,6,0,,0,
C#CC#CN=N,6,0,,0,
C#CC#CN=O,6,0,,0,
C#CC#CNC,6,0,,0,
C#CC#CNN,6,0,,0,
C#CC#CNO,6,0,,0,
C#CC#COC,6,0,,0,
C#CC#CON,6,0,,0,
C#CC#COO,6,0,,0,
C#CC(=C)C#C,6,0,,0,
C#CC(=C)C#N,6,0,,0,
C#CC(=C)C=C,6,0,,0,
C#CC(=C)C=N,6,0,,0,
C#CC(=C)C=O,6,0,,0,
C#CC(=C)CC,6,0,,0,
C#CC(=C)CN,6,0,,0,
C#CC(=C)CO,6,0,,0,
C#CC(=C)N=C,6,0,,0,
C#CC(=C)N=N,6,0,,0,
C#CC(=C)N=O,6,0,,0,
C#CC(=C)NC,6,0,,0,
C#CC(=C)NN,6,0,,0,
C#CC(=C)NO,6,0,,0,
C#CC(=C)OC,6,0,,0,
C#CC(=C)ON,6,0,,0,
C#CC(=C)OO,6,0,,0,
C#CC(=N)C#C,6,0,,0,
C#CC(=N)C#N,6,0,,0,
C#CC(=N)C=C,6,0,,0,
C#CC(=N)C=N,6,0,,0,
C#CC(=N)C=O,6,0,,0,
C#CC(=N)CC,6,0,,0,
C#CC(=N)CN,6,0,,0,
C#CC(=N)CO,6,0,,0,
C#CC(=N)N=C,6,0,,0,
C#CC(=N)N=N,6,0,,0,
C#CC(=N)N=O,6,0,,0,
C#CC(=N)NC,6,0,,0,
C#CC(=N)NN,6,0,,0,
C#CC(=N)NO,6,0,,0,
C#CC(=N)OC,6,0,,0,
C#CC(=N)ON,6,0,,0,
C#CC(=N)OO,6,0,,0,
C#CC(=O)C#C,6,0,,0,
C#CC(=O)C#N,6,0,,0,
C#CC(=O)C=C,6,0,,0,
C#CC(=O)C=N,6,0,,0,
C#CC(=O)C=O,6,0,,0,
C#CC(=O)CC,6,0,,0,
C#CC(=O)CN,6,0,,0,
C#CC(=O)CO,6,0,,0,
C#CC(=O)N=C,6,0,,0,
C#CC(=O)N=N,6,0,,0,
C#CC(=O)N=O,6,0,,0,
C#CC(=O)NC,6,0,,0,
C#CC(=O)NN,6,0,,0,
C#CC(=O)NO,6,0,,0,
C#CC(=O)OC,6,0,,0,
C#CC(=O)ON,6,0,,0,
C#CC(=O)OO,6,0,,0,
C#CC(C)(C)C,6,0,,0,
C#CC(C)(C)N,6,0,,0,
C#CC(C)(C)O,6,0,,0,
C#CC(C)(N)N,6,0,,0,
C#CC(C)(N)O,6,0,,0,
C#CC(C)(O)O,6,0,,0,
C#CC(C)=C=C,6,0,,0,
C#CC(C)=C=N,6,0,,0,
C#CC(C)=C=O,6,0,,0,
C#CC(C)=CC,6,0,,0,
C#CC(C)=CN,6,0,,0,
C#CC(C)=CO,6,0,,0,
C#CC(C)=NC,6,0,,0,
C#CC(C)=NN,6,0,,0,
C#CC(C)=NO,6,0,,0,
C#CC(C)C#C,6,0,,0,
C#CC(C)C#N,6,0,,0,
C#CC(C)C=C,6,0,,0,
C#CC(C)C=N,6,0,,0,
C#CC(C)C=O,6,0,,0,
C#CC(C)CC,6,0,,0,
C#CC(C)CN,6,0,,0,
C#CC(C)CO,6,0,,0,
C#CC(C)N=C,6,0,,0,
C#CC(C)N=N,6,0,,0,
C#CC(C)N=O,6,0,,0,
C#CC(C)NC,6,0,,0,
C#CC(C)NN,6,0,,0,
C#CC(C)NO,6,0,,0,
C#CC(C)OC,6,0,,0,
C#CC(C)ON,6,0,,0,
C#CC(C)OO,6,0,,0,
C#CC(N)(N)N,6,0,,0,
C#CC(N)(N)O,6,0,,0,
C#CC(N)(O)O,6,0,,0,
C#CC(N)=C=C,6,0,,0,
C#CC(N)=C=N,6,0,,0,
C#CC(N)=C=O,6,0,,0,
C#CC(N)=CC,6,0,,0,
C#CC(N)=CN,6,0,,0,
C#CC(N)=CO,6,0,,0,
C#CC(N)=NC,6,0,,0,
C#CC(N)=NN,6,0,,0,
C#CC(N)=NO,6,0,,0,
C#CC(N)C#C,6,0,,0,
C#CC(N)C#N,6,0,,0,
C#CC(N)C=C,6,0,,0,
C#CC(N)C=N,6,0,,0,
C#CC(N)C=O,6,0,,0,
C#CC(N)CC,6,0,,0,
C#CC(N)CN,6,0,,0,
C#CC(N)CO,6,0,,0,
C#CC(N)N=C,6,0,,0,
C#CC(N)N=N,6,0,,0,
C#CC(N)N=O,6,0,,0,
C#CC(N)NC,6,0,,0,
C#CC(N)NN,6,0,,0,
C#CC(N)NO,6,0,,0,
C#CC(N)OC,6,0,,0,
C#CC(N)ON,6,0,,0,
C#CC(N)OO,6,0,,0,
C#CC(O)(O)O,6,0,,0,
C#CC(O)=C=C,6,0,,0,
C#CC(O)=C=N,6,0,,0,
C#CC(O)=C=O,6,0,,0,
C#CC(O)=CC,6,0,,0,
C#CC(O)=CN,6,0,,0,
C#CC(O)=CO,6,0,,0,
C#CC(O)=NC,6,0,,0,
C#CC(O)=NN,6,0,,0,
C#CC(O)=NO,6,0,,0,
C#CC(O)C#C,6,0,,0,
C#CC(O)C#N,6,0,,0,
C#CC(O)C=C,6,0,,0,
C#CC(O)C=N,6,0,,0,
C#CC(O)C=O,6,0,,0,
C#CC(O)CC,6,0,,0,
C#CC(O)CN,6,0,,0,
C#CC(O)CO,6,0,,0,
C#CC(O)N=C,6,0,,0,
C#CC(O)N=N,6,0,,0,
C#CC(O)N=O,6,0,,0,
C#CC(O)NC,6,0,,0,
C#CC(O)NN,6,0,,0,
C#CC(O)NO,6,0,,0,
C#CC(O)OC,6,0,,0,
C#CC(O)ON,6,0,,0,
C#CC(O)OO,6,0,,0,
C#CC1(C)C#C1,6,0,,0,
C#CC1(C)C=C1,6,0,,0,
C#CC1(C)C=N1,6,0,,0,
C#CC1(C)CC1,6,0,,0,
C#CC1(C)CN1,6,0,,0,
C#CC1(C)CO1,6,0,,0,
C#CC1(C)N=N1,6,0,,0,
C#CC1(C)NN1,6,0,,0,
C#CC1(C)NO1,6,0,,0,
C#CC1(C)OO1,6,0,,0,
C#CC1(N)C#C1,6,0,,0,
C#CC1(N)C=C1,6,0,,0,
C#CC1(N)C=N1,6,0,,0,
C#CC1(N)CC1,6,0,,0,
C#CC1(N)CN1,6,0,,0,
C#CC1(N)CO1,6,0,,0,
C#CC1(N)N=N1,6,0,,0,
C#CC1(N)NN1,6,0,,0,
C#CC1(N)NO1,6,0,,0,
C#CC1(N)OO1,6,0,,0,
C#CC1(O)C#C1,6,0,,0,
C#CC1(O)C=C1,6,0,,0,
C#CC1(O)C=N1,6,0,,0,
C#CC1(O)CC1,6,0,,0,
C#CC1(O)CN1,6,0,,0,
C#CC1(O)CO1,6,0,,0,
C#CC1(O)N=N1,6,0,,0,
C#CC1(O)NN1,6,0,,0,
C#CC1(O)NO1,6,0,,0,
C#CC1(O)OO1,6,0,,0,
C#CC12C3=C1C32,6,0,,0,
C#CC12C3=C1N32,6,0,,0,
C#CC12C3C1C32,6,0,,0,
C#CC12C3C1N32,6,0,,0,
C#CC12C3N1N32,6,0,,0,
C#CC12C=C1C2,6,0,,0,
C#CC12C=C1N2,6,0,,0,
C#CC12C=C1O2,6,0,,0,
C#CC12CC1=N2,6,0,,0,
C#CC12CC1C2,6,0,,0,
C#CC12CC1N2,6,0,,0,
C#CC12CC1O2,6,0,,0,
C#CC12CN1C2,6,0,,0,
C#CC12CN1N2,6,0,,0,
C#CC12CN1O2,6,0,,0,
C#CC12N=C1N2,6,0,,0,
C#CC12N=C1O2,6,0,,0,
C#CC12NC1N2,6,0,,0,
C#CC12NC1O2,6,0,,0,
C#CC12NN1N2,6,0,,0,
C#CC12NN1O2,6,0,,0,
C#CC12OC1O2,6,0,,0,
C#CC12ON1O2,6,0,,0,
C#CC12n3n1n32,6,0,,0,
C#CC1=C(C)C1,6,0,,0,
C#CC1=C(C)N1,6,0,,0,
C#CC1=C(C)O1,6,0,,0,
C#CC1=C(N)C1,6,0,,0,
C#CC1=C(N)N1,6,0,,0,
C#CC1=C(N)O1,6,0,,0,
C#CC1=C(O)C1,6,0,,0,
C#CC1=C(O)N1,6,0,,0,
C#CC1=C(O)O1,6,0,,0,
C#CC1=C2C=C12,6,0,,0,
C#CC1=C2CC12,6,0,,0,
C#CC1=C2CN12,6,0,,0,
C#CC1=C2N=C12,6,0,,0,
C#CC1=C2NC12,6,0,,0,
C#CC1=C2OC12,6,0,,0,
C#CC1=C=C1C,6,0,,0,
C#CC1=C=C1N,6,0,,0,
C#CC1=C=C1O,6,0,,0,
C#CC1=C=C=C1,6,0,,0,
C#CC1=C=C=N1,6,0,,0,
C#CC1=C=CC1,6,0,,0,
C#CC1=C=CN1,6,0,,0,
C#CC1=C=CO1,6,0,,0,
C#CC1=C=NC1,6,0,,0,
C#CC1=C=NN1,6,0,,0,
C#CC1=C=NO1,6,0,,0,
C#CC1=CC#C1,6,0,,0,
C#CC1=CC1=C,6,0,,0,
C#CC1=CC1C,6,0,,0,
C#CC1=CC1N,6,0,,0,
C#CC1=CC1O,6,0,,0,
C#CC1=CC=C1,6,0,,0,
C#CC1=CC=N1,6,0,,0,
C#CC1=CCC1,6,0,,0,
C#CC1=CCN1,6,0,,0,
C#CC1=CCO1,6,0,,0,
C#CC1=CN1C,6,0,,0,
C#CC1=CN1N,6,0,,0,
C#CC1=CN1O,6,0,,0,
C#CC1=CN=C1,6,0,,0,
C#CC1=CN=N1,6,0,,0,
C#CC1=CNC1,6,0,,0,
C#CC1=COC1,6,0,,0,
C#CC1=NC#C1,6,0,,0,
C#CC1=NC1=C,6,0,,0,
C#CC1=NC1C,6,0,,0,
C#CC1=NC1N,6,0,,0,
C#CC1=NC1O,6,0,,0,
C#CC1=NC=C1,6,0,,0,
C#CC1=NC=N1,6,0,,0,
C#CC1=NCC1,6,0,,0,
C#CC1=NCN1,6,0,,0,
C#CC1=NCO1,6,0,,0,
C#CC1=NN1C,6,0,,0,
C#CC1=NN1N,6,0,,0,
C#CC1=NN1O,6,0,,0,
C#CC1=NN=C1,6,0,,0,
C#CC1=NN=N1,6,0,,0,
C#CC1=NNC1,6,0,,0,
C#CC1=NOC1,6,0,,0,
C#CC1C#CC1,6,0,,0,
C#CC1C#CN1,6,0,,0,
C#CC1C#CO1,6,0,,0,
C#CC1C2=C1C2,6,0,,0,
C#CC1C2=C1N2,6,0,,0,
C#CC1C2=C1O2,6,0,,0,
C#CC1C2=C=C21,6,0,,0,
C#CC1C2=CC21,6,0,,0,
C#CC1C2=CN21,6,0,,0,
C#CC1C2=NC21,6,0,,0,
C#CC1C2=NN21,6,0,,0,
C#CC1C2CC12,6,0,,0,
C#CC1C2CN12,6,0,,0,
C#CC1C2NC12,6,0,,0,
C#CC1C2NN12,6,0,,0,
C#CC1C2OC12,6,0,,0,
C#CC1C2ON12,6,0,,0,
C#CC1C=C1C,6,0,,0,
C#CC1C=C1N,6,0,,0,
C#CC1C=C1O,6,0,,0,
C#CC1C=C=C1,6,0,,0,
C#CC1C=C=N1,6,0,,0,
C#CC1C=CC1,6,0,,0,
C#CC1C=CN1,6,0,,0,
C#CC1C=CO1,6,0,,0,
C#CC1C=NC1,6,0,,0,
C#CC1C=NN1,6,0,,0,
C#CC1C=NO1,6,0,,0,
C#CC1CC1=C,6,0,,0,
C#CC1CC1=N,6,0,,0,
C#CC1CC1=O,6,0,,0,
C#CC1CC1C,6,0,,0,
C#CC1CC1N,6,0,,0,
C#CC1CC1O,6,0,,0,
C#CC1CC=N1,6,0,,0,
C#CC1CCC1,6,0,,0,
C#CC1CCN1,6,0,,0,
C#CC1CCO1,6,0,,0,
C#CC1CN1C,6,0,,0,
C#CC1CN1N,6,0,,0,
C#CC1CN1O,6,0,,0,
C#CC1CN=N1,6,0,,0,
C#CC1CNC1,6,0,,0,
C#CC1CNN1,6,0,,0,
C#CC1CNO1,6,0,,0,
C#CC1COC1,6,0,,0,
C#CC1CON1,6,0,,0,
C#CC1COO1,6,0,,0,
C#CC1N2CN12,6,0,,0,
C#CC1N=C1C,6,0,,0,
C#CC1N=C1N,6,0,,0,
C#CC1N=C1O,6,0,,0,
C#CC1N=C=N1,6,0,,0,
C#CC1N=CN1,6,0,,0,
C#CC1N=CO1,6,0,,0,
C#CC1N=NN1,6,0,,0,
C#CC1N=NO1,6,0,,0,
C#CC1NC1=C,6,0,,0,
C#CC1NC1=N,6,0,,0,
C#CC1NC1=O,6,0,,0,
C#CC1NC1C,6,0,,0,
C#CC1NC1N,6,0,,0,
C#CC1NC1O,6,0,,0,
C#CC1NCN1,6,0,,0,
C#CC1NCO1,6,0,,0,
C#CC1NN1C,6,0,,0,
C#CC1NN1N,6,0,,0,
C#CC1NN1O,6,0,,0,
C#CC1NNN1,6,0,,0,
C#CC1NNO1,6,0,,0,
C#CC1NON1,6,0,,0,
C#CC1NOO1,6,0,,0,
C#CC1OC1=C,6,0,,0,
C#CC1OC1=N,6,0,,0,
C#CC1OC1=O,6,0,,0,
C#CC1OC1C,6,0,,0,
C#CC1OC1N,6,0,,0,
C#CC1OC1O,6,0,,0,
C#CC1OCO1,6,0,,0,
C#CC1ON1C,6,0,,0,
C#CC1ON1N,6,0,,0,
C#CC1ON1O,6,0,,0,
C#CC1ONO1,6,0,,0,
C#CC1OOO1,6,0,,0,
C#CC1n2[nH]n21,6,0,,0,
C#CC1n2on21,6,0,,0,
C#CC=C(C)C,6,0,,0,
C#CC=C(C)N,6,0,,0,
C#CC=C(C)O,6,0,,0,
C#CC=C(N)N,6,0,,0,
C#CC=C(N)O,6,0,,0,
C#CC=C(O)O,6,0,,0,
C#CC=C1C#C1,6,0,,0,
C#CC=C1C=C1,6,0,,0,
C#CC=C1C=N1,6,0,,0,
C#CC=C1CC1,6,0,,0,
C#CC=C1CN1,6,0,,0,
C#CC=C1CO1,6,0,,0,
C#CC=C1N=N1,6,0,,0,
C#CC=C1NN1,6,0,,0,
C#CC=C1NO1,6,0,,0,
C#CC=C1OO1,6,0,,0,
C#CC=C=C=C,6,0,,0,
C#CC=C=C=N,6,0,,0,
C#CC=C=C=O,6,0,,0,
C#CC=C=CC,6,0,,0,
C#CC=C=CN,6,0,,0,
C#CC=C=CO,6,0,,0,
C#CC=C=NC,6,0,,0,
C#CC=C=NN,6,0,,0,
C#CC=C=NO,6,0,,0,
C#CC=CC#C,6,0,,0,
C#CC=CC#N,6,1,trans-cyanovinylacetylene,2021,
C#CC=CC=C,6,0,,0,
C#CC=CC=N,6,0,,0,
C#CC=CC=O,6,0,,0,
C#CC=CCC,6,0,,0,
C#CC=CCN,6,0,,0,
C#CC=CCO,6,0,,0,
C#CC=CN=C,6,0,,0,
C#CC=CN=N,6,0,,0,
C#CC=CN=O,6,0,,0,
C#CC=CNC,6,0,,0,
C#CC=CNN,6,0,,0,
C#CC=CNO,6,0,,0,
C#CC=COC,6,0,,0,
C#CC=CON,6,0,,0,
C#CC=COO,6,0,,0,
C#CC=NC#C,6,0,,0,
C#CC=NC#N,6,0,,0,
C#CC=NC=C,6,0,,0,
C#CC=NC=N,6,0,,0,
C#CC=NC=O,6,0,,0,
C#CC=NCC,6,0,,0,
C#CC=NCN,6,0,,0,
C#CC=NCO,6,0,,0,
C#CC=NN=C,6,0,,0,
C#CC=NN=N,6,0,,0,
C#CC=NN=O,6,0,,0,
C#CC=NNC,6,0,,0,
C#CC=NNN,6,0,,0,
C#CC=NNO,6,0,,0,
C#CC=NOC,6,0,,0,
C#CC=NON,6,0,,0,
C#CC=NOO,6,0,,0,
C#CCC#CC,6,0,,0,
C#CCC#CN,6,0,,0,
C#CCC#CO,6,0,,0,
C#CCC(=C)C,6,0,,0,
C#CCC(=C)N,6,0,,0,
C#CCC(=C)O,6,0,,0,
C#CCC(=N)N,6,0,,0,
C#CCC(=N)O,6,0,,0,
C#CCC(=O)O,6,0,,0,
C#CCC(C)=N,6,0,,0,
C#CCC(C)=O,6,0,,0,
C#CCC(C)C,6,0,,0,
C#CCC(C)N,6,0,,0,
C#CCC(C)O,6,0,,0,
C#CCC(N)=O,6,0,,0,
C#CCC(N)N,6,0,,0,
C#CCC(N)O,6,0,,0,
C#CCC(O)O,6,0,,0,
C#CCC1=C=C1,6,0,,0,
C#CCC1=C=N1,6,0,,0,
C#CCC1=CC1,6,0,,0,
C#CCC1=CN1,6,0,,0,
C#CCC1=CO1,6,0,,0,
C#CCC1=NC1,6,0,,0,
C#CCC1=NN1,6,0,,0,
C#CCC1=NO1,6,0,,0,
C#CCC1C#C1,6,0,,0,
C#CCC1C=C1,6,0,,0,
C#CCC1C=N1,6,0,,0,
C#CCC1CC1,6,0,,0,
C#CCC1CN1,6,0,,0,
C#CCC1CO1,6,0,,0,
C#CCC1N=N1,6,0,,0,
C#CCC1NN1,6,0,,0,
C#CCC1NO1,6,0,,0,
C#CCC1OO1,6,0,,0,
C#CCC=C=C,6,0,,0,
C#CCC=C=N,6,0,,0,
C#CCC=C=O,6,0,,0,
C#CCC=CC,6,0,,0,
C#CCC=CN,6,0,,0,
C#CCC=CO,6,0,,0,
C#CCC=NC,6,0,,0,
C#CCC=NN,6,0,,0,
C#CCC=NO,6,0,,0,
C#CCCC#C,6,0,,0,
C#CCCC#N,6,0,,0,
C#CCCC=C,6,0,,0,
C#CCCC=N,6,0,,0,
C#CCCC=O,6,0,,0,
C#CCCCC,6,0,,0,
C#CCCCN,6,0,,0,
C#CCCCO,6,0,,0,
C#CCCN=C,6,0,,0,
C#CCCN=N,6,0,,0,
C#CCCN=O,6,0,,0,
C#CCCNC,6,0,,0,
C#CCCNN,6,0,,0,
C#CCCNO,6,0,,0,
C#CCCOC,6,0,,0,
C#CCCON,6,0,,0,
C#CCCOO,6,0,,0,
C#CCN(C)C,6,0,,0,
C#CCN(C)N,6,0,,0,
C#CCN(C)O,6,0,,0,
C#CCN(N)N,6,0,,0,
C#CCN(N)O,6,0,,0,
C#CCN(O)O,6,0,,0,
C#CCN1C#C1,6,0,,0,
C#CCN1C=C1,6,0,,0,
C#CCN1C=N1,6,0,,0,
C#CCN1CC1,6,0,,0,
C#CCN1CN1,6,0,,0,
C#CCN1CO1,6,0,,0,
C#CCN1N=N1,6,0,,0,
C#CCN=C=C,6,0,,0,
C#CCN=C=N,6,0,,0,
C#CCN=C=O,6,0,,0,
C#CCN=CC,6,0,,0,
C#CCN=CN,6,0,,0,
C#CCN=CO,6,0,,0,
C#CCN=NC,6,0,,0,
C#CCN=NN,6,0,,0,
C#CCN=NO,6,0,,0,
C#CCNC#C,6,0,,0,
C#CCNC#N,6,0,,0,
C#CCNC=C,6,0,,0,
C#CCNC=N,6,0,,0,
C#CCNC=O,6,0,,0,
C#CCNCC,6,0,,0,
C#CCNCN,6,0,,0,
C#CCNCO,6,0,,0,
C#CCNN=C,6,0,,0,
C#CCNN=N,6,0,,0,
C#CCNN=O,6,0,,0,
C#CCNNC,6,0,,0,
C#CCNNN,6,0,,0,
C#CCNNO,6,0,,0,
C#CCNOC,6,0,,0,
C#CCNON,6,0,,0,
C#CCNOO,6,0,,0,
C#CCOC#C,6,0,,0,
C#CCOC#N,6,0,,0,
C#CCOC=C,6,0,,0,
C#CCOC=N,6,0,,0,
C#CCOC=O,6,0,,0,
C#CCOCC,6,0,,0,
C#CCOCN,6,0,,0,
C#CCOCO,6,0,,0,
C#CCON=C,6,0,,0,
C#CCON=N,6,0,,0,
C#CCON=O,6,0,,0,
C#CCONC,6,0,,0,
C#CCONN,6,0,,0,
C#CCONO,6,0,,0,
C#CCOOC,6,0,,0,
C#CCOON,6,0,,0,
C#CCOOO,6,0,,0,
C#CCn1[nH][nH]1,6,0,,0,
C#CCn1[nH]o1,6,0,,0,
C#CCn1oo1,6,0,,0,
C#CN(C)C#C,6,0,,0,
C#CN(C)C#N,6,0,,0,
C#CN(C)C=C,6,0,,0,
C#CN(C)C=N,6,0,,0,
C#CN(C)C=O,6,0,,0,
C#CN(C)CC,6,0,,0,
C#CN(C)CN,6,0,,0,
C#CN(C)CO,6,0,,0,
C#CN(C)N=C,6,0,,0,
C#CN(C)N=N,6,0,,0,
C#CN(C)N=O,6,0,,0,
C#CN(C)NC,6,0,,0,
C#CN(C)NN,6,0,,0,
C#CN(C)NO,6,0,,0,
C#CN(C)OC,6,0,,0,
C#CN(C)ON,6,0,,0,
C#CN(C)OO,6,0,,0,
C#CN(N)C#C,6,0,,0,
C#CN(N)C#N,6,0,,0,
C#CN(N)C=C,6,0,,0,
C#CN(N)C=N,6,0,,0,
C#CN(N)C=O,6,0,,0,
C#CN(N)CC,6,0,,0,
C#CN(N)CN,6,0,,0,
C#CN(N)CO,6,0,,0,
C#CN(N)N=C,6,0,,0,
C#CN(N)N=N,6,0,,0,
C#CN(N)N=O,6,0,,0,
C#CN(N)NC,6,0,,0,
C#CN(N)NN,6,0,,0,
C#CN(N)NO,6,0,,0,
C#CN(N)OC,6,0,,0,
C#CN(N)ON,6,0,,0,
C#CN(N)OO,6,0,,0,
C#CN(O)C#C,6,0,,0,
C#CN(O)C#N,6,0,,0,
C#CN(O)C=C,6,0,,0,
C#CN(O)C=N,6,0,,0,
C#CN(O)C=O,6,0,,0,
C#CN(O)CC,6,0,,0,
C#CN(O)CN,6,0,,0,
C#CN(O)CO,6,0,,0,
C#CN(O)N=C,6,0,,0,
C#CN(O)N=N,6,0,,0,
C#CN(O)N=O,6,0,,0,
C#CN(O)NC,6,0,,0,
C#CN(O)NN,6,0,,0,
C#CN(O)NO,6,0,,0,
C#CN(O)OC,6,0,,0,
C#CN(O)ON,6,0,,0,
C#CN(O)OO,6,0,,0,
C#CN1C#CC1,6,0,,0,
C#CN1C2=C1C2,6,0,,0,
C#CN1C2=C=C21,6,0,,0,
C#CN1C2=CC21,6,0,,0,
C#CN1C2=NC21,6,0,,0,
C#CN1C2CC21,6,0,,0,
C#CN1C2CN21,6,0,,0,
C#CN1C2NC21,6,0,,0,
C#CN1C2NN21,6,0,,0,
C#CN1C2OC21,6,0,,0,
C#CN1C2ON21,6,0,,0,
C#CN1C=C1C,6,0,,0,
C#CN1C=C1N,6,0,,0,
C#CN1C=C1O,6,0,,0,
C#CN1C=C=C1,6,0,,0,
C#CN1C=C=N1,6,0,,0,
C#CN1C=CC1,6,0,,0,
C#CN1C=NC1,6,0,,0,
C#CN1CC1=C,6,0,,0,
C#CN1CC1=N,6,0,,0,
C#CN1CC1=O,6,0,,0,
C#CN1CC1C,6,0,,0,
C#CN1CC1N,6,0,,0,
C#CN1CC1O,6,0,,0,
C#CN1CC=N1,6,0,,0,
C#CN1CCC1,6,0,,0,
C#CN1CCN1,6,0,,0,
C#CN1CCO1,6,0,,0,
C#CN1CN1C,6,0,,0,
C#CN1CN1N,6,0,,0,
C#CN1CN1O,6,0,,0,
C#CN1CN=N1,6,0,,0,
C#CN1CNC1,6,0,,0,
C#CN1CNN1,6,0,,0,
C#CN1CNO1,6,0,,0,
C#CN1COC1,6,0,,0,
C#CN1CON1,6,0,,0,
C#CN1COO1,6,0,,0,
C#CN1N=C1C,6,0,,0,
C#CN1N=C1N,6,0,,0,
C#CN1N=C1O,6,0,,0,
C#CN1N=C=N1,6,0,,0,
C#CN1NC1=C,6,0,,0,
C#CN1NC1=N,6,0,,0,
C#CN1NC1=O,6,0,,0,
C#CN1NC1C,6,0,,0,
C#CN1NC1N,6,0,,0,
C#CN1NC1O,6,0,,0,
C#CN1NCN1,6,0,,0,
C#CN1NCO1,6,0,,0,
C#CN1NNN1,6,0,,0,
C#CN1NNO1,6,0,,0,
C#CN1NON1,6,0,,0,
C#CN1NOO1,6,0,,0,
C#CN1OC1=C,6,0,,0,
C#CN1OC1=N,6,0,,0,
C#CN1OC1=O,6,0,,0,
C#CN1OC1C,6,0,,0,
C#CN1OC1N,6,0,,0,
C#CN1OC1O,6,0,,0,
C#CN1OCO1,6,0,,0,
C#CN1ONO1,6,0,,0,
C#CN1OOO1,6,0,,0,
C#CN=C(C)C,6,0,,0,
C#CN=C(C)N,6,0,,0,
C#CN=C(C)O,6,0,,0,
C#CN=C(N)N,6,0,,0,
C#CN=C(N)O,6,0,,0,
C#CN=C(O)O,6,0,,0,
C#CN=C1CC1,6,0,,0,
C#CN=C1CN1,6,0,,0,
C#CN=C1CO1,6,0,,0,
C#CN=C1NN1,6,0,,0,
C#CN=C1NO1,6,0,,0,
C#CN=C1OO1,6,0,,0,
C#CN=C=C=C,6,0,,0,
C#CN=C=C=N,6,0,,0,
C#CN=C=C=O,6,0,,0,
C#CN=C=CC,6,0,,0,
C#CN=C=CN,6,0,,0,
C#CN=C=CO,6,0,,0,
C#CN=C=NC,6,0,,0,
C#CN=C=NN,6,0,,0,
C#CN=C=NO,6,0,,0,
C#CN=CC#N,6,0,,0,
C#CN=CC=C,6,0,,0,
C#CN=CC=N,6,0,,0,
C#CN=CC=O,6,0,,0,
C#CN=CCC,6,0,,0,
C#CN=CCN,6,0,,0,
C#CN=CCO,6,0,,0,
C#CN=CN=C,6,0,,0,
C#CN=CN=N,6,0,,0,
C#CN=CN=O,6,0,,0,
C#CN=CNC,6,0,,0,
C#CN=CNN,6,0,,0,
C#CN=CNO,6,0,,0,
C#CN=COC,6,0,,0,
C#CN=CON,6,0,,0,
C#CN=COO,6,0,,0,
C#CN=NC#C,6,0,,0,
C#CN=NC#N,6,0,,0,
C#CN=NC=C,6,0,,0,
C#CN=NC=N,6,0,,0,
C#CN=NC=O,6,0,,0,
C#CN=NCC,6,0,,0,
C#CN=NCN,6,0,,0,
C#CN=NCO,6,0,,0,
C#CN=NN=C,6,0,,0,
C#CN=NN=N,6,0,,0,
C#CN=NN=O,6,0,,0,
C#CN=NNC,6,0,,0,
C#CN=NNN,6,0,,0,
C#CN=NNO,6,0,,0,
C#CN=NOC,6,0,,0,
C#CN=NON,6,0,,0,
C#CN=NOO,6,0,,0,
C#CN=c1c#c1,6,0,,0,
C#CN=c1cc1,6,0,,0,
C#CN=c1cn1,6,0,,0,
C#CN=c1nn1,6,0,,0,
C#CNC#CC,6,0,,0,
C#CNC#CN,6,0,,0,
C#CNC#CO,6,0,,0,
C#CNC(=C)C,6,0,,0,
C#CNC(=C)N,6,0,,0,
C#CNC(=C)O,6,0,,0,
C#CNC(=N)N,6,0,,0,
C#CNC(=N)O,6,0,,0,
C#CNC(=O)O,6,0,,0,
C#CNC(C)=N,6,0,,0,
C#CNC(C)=O,6,0,,0,
C#CNC(C)C,6,0,,0,
C#CNC(C)N,6,0,,0,
C#CNC(C)O,6,0,,0,
C#CNC(N)=O,6,0,,0,
C#CNC(N)N,6,0,,0,
C#CNC(N)O,6,0,,0,
C#CNC(O)O,6,0,,0,
C#CNC1=C=C1,6,0,,0,
C#CNC1=C=N1,6,0,,0,
C#CNC1=CC1,6,0,,0,
C#CNC1=CN1,6,0,,0,
C#CNC1=CO1,6,0,,0,
C#CNC1=NC1,6,0,,0,
C#CNC1=NN1,6,0,,0,
C#CNC1=NO1,6,0,,0,
C#CNC1C#C1,6,0,,0,
C#CNC1C=C1,6,0,,0,
C#CNC1C=N1,6,0,,0,
C#CNC1CC1,6,0,,0,
C#CNC1CN1,6,0,,0,
C#CNC1CO1,6,0,,0,
C#CNC1N=N1,6,0,,0,
C#CNC1NN1,6,0,,0,
C#CNC1NO1,6,0,,0,
C#CNC1OO1,6,0,,0,
C#CNC=C=C,6,0,,0,
C#CNC=C=N,6,0,,0,
C#CNC=C=O,6,0,,0,
C#CNC=CC,6,0,,0,
C#CNC=CN,6,0,,0,
C#CNC=CO,6,0,,0,
C#CNC=NC,6,0,,0,
C#CNC=NN,6,0,,0,
C#CNC=NO,6,0,,0,
C#CNCC#N,6,0,,0,
C#CNCC=C,6,0,,0,
C#CNCC=N,6,0,,0,
C#CNCC=O,6,0,,0,
C#CNCCC,6,0,,0,
C#CNCCN,6,0,,0,
C#CNCCO,6,0,,0,
C#CNCN=C,6,0,,0,
C#CNCN=N,6,0,,0,
C#CNCN=O,6,0,,0,
C#CNCNC,6,0,,0,
C#CNCNN,6,0,,0,
C#CNCNO,6,0,,0,
C#CNCOC,6,0,,0,
C#CNCON,6,0,,0,
C#CNCOO,6,0,,0,
C#CNN(C)C,6,0,,0,
C#CNN(C)N,6,0,,0,
C#CNN(C)O,6,0,,0,
C#CNN(N)N,6,0,,0,
C#CNN(N)O,6,0,,0,
C#CNN(O)O,6,0,,0,
C#CNN1C#C1,6,0,,0,
C#CNN1C=C1,6,0,,0,
C#CNN1C=N1,6,0,,0,
C#CNN1CC1,6,0,,0,
C#CNN1CN1,6,0,,0,
C#CNN1CO1,6,0,,0,
C#CNN1N=N1,6,0,,0,
C#CNN=C=C,6,0,,0,
C#CNN=C=N,6,0,,0,
C#CNN=C=O,6,0,,0,
C#CNN=CC,6,0,,0,
C#CNN=CN,6,0,,0,
C#CNN=CO,6,0,,0,
C#CNN=NC,6,0,,0,
C#CNN=NN,6,0,,0,
C#CNN=NO,6,0,,0,
C#CNNC#C,6,0,,0,
C#CNNC#N,6,0,,0,
C#CNNC=C,6,0,,0,
C#CNNC=N,6,0,,0,
C#CNNC=O,6,0,,0,
C#CNNCC,6,0,,0,
C#CNNCN,6,0,,0,
C#CNNCO,6,0,,0,
C#CNNN=C,6,0,,0,
C#CNNN=N,6,0,,0,
C#CNNN=O,6,0,,0,
C#CNNNC,6,0,,0,
C#CNNNN,6,0,,0,
C#CNNNO,6,0,,0,
C#CNNOC,6,0,,0,
C#CNNON,6,0,,0,
C#CNNOO,6,0,,0,
C#CNOC#C,6,0,,0,
C#CNOC#N,6,0,,0,
C#CNOC=C,6,0,,0,
C#CNOC=N,6,0,,0,
C#CNOC=O,6,0,,0,
C#CNOCC,6,0,,0,
C#CNOCN,6,0,,0,
C#CNOCO,6,0,,0,
C#CNON=C,6,0,,0,
C#CNON=N,6,0,,0,
C#CNON=O,6,0,,0,
C#CNONC,6,0,,0,
C#CNONN,6,0,,0,
C#CNONO,6,0,,0,
C#CNOOC,6,0,,0,
C#CNOON,6,0,,0,
C#CNOOO,6,0,,0,
C#CNn1[nH][nH]1,6,0,,0,
C#CNn1[nH]o1,6,0,,0,
C#CNn1oo1,6,0,,0,
C#COC#CC,6,0,,0,
C#COC#CN,6,0,,0,
C#COC#CO,6,0,,0,
C#COC(=C)C,6,0,,0,
C#COC(=C)N,6,0,,0,
C#COC(=C)O,6,0,,0,
C#COC(=N)N,6,0,,0,
C#COC(=N)O,6,0,,0,
C#COC(=O)O,6,0,,0,
C#COC(C)=N,6,0,,0,
C#COC(C)=O,6,0,,0,
C#COC(C)C,6,0,,0,
C#COC(C)N,6,0,,0,
C#COC(C)O,6,0,,0,
C#COC(N)=O,6,0,,0,
C#COC(N)N,6,0,,0,
C#COC(N)O,6,0,,0,
C#COC(O)O,6,0,,0,
C#COC1=C=C1,6,0,,0,
C#COC1=C=N1,6,0,,0,
C#COC1=CC1,6,0,,0,
C#COC1=CN1,6,0,,0,
C#COC1=CO1,6,0,,0,
C#COC1=NC1,6,0,,0,
C#COC1=NN1,6,0,,0,
C#COC1=NO1,6,0,,0,
C#COC1C#C1,6,0,,0,
C#COC1C=C1,6,0,,0,
C#COC1C=N1,6,0,,0,
C#COC1CC1,6,0,,0,
C#COC1CN1,6,0,,0,
C#COC1CO1,6,0,,0,
C#COC1N=N1,6,0,,0,
C#COC1NN1,6,0,,0,
C#COC1NO1,6,0,,0,
C#COC1OO1,6,0,,0,
C#COC=C=C,6,0,,0,
C#COC=C=N,6,0,,0,
C#COC=C=O,6,0,,0,
C#COC=CC,6,0,,0,
C#COC=CN,6,0,,0,
C#COC=CO,6,0,,0,
C#COC=NC,6,0,,0,
C#COC=NN,6,0,,0,
C#COC=NO,6,0,,0,
C#COCC#N,6,0,,0,
C#COCC=C,6,0,,0,
C#COCC=N,6,0,,0,
C#COCC=O,6,0,,0,
C#COCCC,6,0,,0,
C#COCCN,6,0,,0,
C#COCCO,6,0,,0,
C#COCN=C,6,0,,0,
C#COCN=N,6,0,,0,
C#COCN=O,6,0,,0,
C#COCNC,6,0,,0,
C#COCNN,6,0,,0,
C#COCNO,6,0,,0,
C#COCOC,6,0,,0,
C#COCON,6,0,,0,
C#COCOO,6,0,,0,
C#CON(C)C,6,0,,0,
C#CON(C)N,6,0,,0,
C#CON(C)O,6,0,,0,
C#CON(N)N,6,0,,0,
C#CON(N)O,6,0,,0,
C#CON(O)O,6,0,,0,
C#CON1C#C1,6,0,,0,
C#CON1C=C1,6,0,,0,
C#CON1C=N1,6,0,,0,
C#CON1CC1,6,0,,0,
C#CON1CN1,6,0,,0,
C#CON1CO1,6,0,,0,
C#CON1N=N1,6,0,,0,
C#CON=C=C,6,0,,0,
C#CON=C=N,6,0,,0,
C#CON=C=O,6,0,,0,
C#CON=CC,6,0,,0,
C#CON=CN,6,0,,0,
C#CON=CO,6,0,,0,
C#CON=NC,6,0,,0,
C#CON=NN,6,0,,0,
C#CON=NO,6,0,,0,
C#CONC#N,6,0,,0,
C#CONC=C,6,0,,0,
C#CONC=N,6,0,,0,
C#CONC=O,6,0,,0,
C#CONCC,6,0,,0,
C#CONCN,6,0,,0,
C#CONCO,6,0,,0,
C#CONN=C,6,0,,0,
C#CONN=N,6,0,,0,
C#CONN=O,6,0,,0,
C#CONNC,6,0,,0,
C#CONNN,6,0,,0,
C#CONNO,6,0,,0,
C#CONOC,6,0,,0,
C#CONON,6,0,,0,
C#CONOO,6,0,,0,
C#COOC#C,6,0,,0,
C#COOC#N,6,0,,0,
C#COOC=C,6,0,,0,
C#COOC=N,6,0,,0,
C#COOC=O,6,0,,0,
C#COOCC,6,0,,0,
C#COOCN,6,0,,0,
C#COOCO,6,0,,0,
C#COON=C,6,0,,0,
C#COON=N,6,0,,0,
C#COON=O,6,0,,0,
C#COONC,6,0,,0,
C#COONN,6,0,,0,
C#COONO,6,0,,0,
C#COOOC,6,0,,0,
C#COOON,6,0,,0,
C#COOOO,6,0,,0,
C#COn1[nH][nH]1,6,0,,0,
C#COn1[nH]o1,6,0,,0,
C#COn1oo1,6,0,,0,
C#Cc1c2[nH]n1-2,6,0,,0,
C#Cc1c2on1-2,6,0,,0,
C#Cc1c[nH][nH]1,6,0,,0,
C#Cc1c[nH]o1,6,0,,0,
C#Cc1cc1=N,6,0,,0,
C#Cc1cc1=O,6,0,,0,
C#Cc1co[nH]1,6,0,,0,
C#Cc1coo1,6,0,,0,
C#Cc1n[nH][nH]1,6,0,,0,
C#Cc1n[nH]o1,6,0,,0,
C#Cc1nc1=N,6,0,,0,
C#Cc1nc1=O,6,0,,0,
C#Cc1no[nH]1,6,0,,0,
C#Cc1noo1,6,0,,0,
C#Cn1[nH]n1C,6,0,,0,
C#Cn1[nH]n1N,6,0,,0,
C#Cn1[nH]n1O,6,0,,0,
C#Cn1c#c[nH]1,6,0,,0,
C#Cn1c#co1,6,0,,0,
C#Cn1c2[nH]c1=2,6,0,,0,
C#Cn1c2cn1-2,6,0,,0,
C#Cn1c2nn1-2,6,0,,0,
C#Cn1c2oc1=2,6,0,,0,
C#Cn1cc[nH]1,6,0,,0,
C#Cn1cco1,6,0,,0,
C#Cn1cn[nH]1,6,0,,0,
C#Cn1cno1,6,0,,0,
C#Cn1n2[nH]n12,6,0,,0,
C#Cn1n2n1C2,6,0,,0,
C#Cn1n2on12,6,0,,0,
C#Cn1nc[nH]1,6,0,,0,
C#Cn1nco1,6,0,,0,
C#Cn1nn[nH]1,6,0,,0,
C#Cn1nno1,6,0,,0,
C#Cn1on1C,6,0,,0,
C#Cn1on1N,6,0,,0,
C#Cn1on1O,6,0,,0,
C1#CC12C1=C2C1,6,0,,0,
C1#CC12C1=C2N1,6,0,,0,
C1#CC12C1=C2O1,6,0,,0,
C1#CC12C1=CC12,6,0,,0,
C1#CC12C1=CN12,6,0,,0,
C1#CC12C1=NC12,6,0,,0,
C1#CC12C1=NN12,6,0,,0,
C1#CC12C1CC12,6,0,,0,
C1#CC12C1CN12,6,0,,0,
C1#CC12C1NC12,6,0,,0,
C1#CC12C1NN12,6,0,,0,
C1#CC12C1OC12,6,0,,0,
C1#CC12C1ON12,6,0,,0,
C1#CC12C=CC2,6,0,,0,
C1#CC12C=CN2,6,0,,0,
C1#CC12C=CO2,6,0,,0,
C1#CC12C=NC2,6,0,,0,
C1#CC12C=NN2,6,0,,0,
C1#CC12C=NO2,6,0,,0,
C1#CC12CC=N2,6,0,,0,
C1#CC12CCC2,6,0,,0,
C1#CC12CCN2,6,0,,0,
C1#CC12CCO2,6,0,,0,
C1#CC12CN=N2,6,0,,0,
C1#CC12CNC2,6,0,,0,
C1#CC12CNN2,6,0,,0,
C1#CC12CNO2,6,0,,0,
C1#CC12COC2,6,0,,0,
C1#CC12CON2,6,0,,0,
C1#CC12COO2,6,0,,0,
C1#CC12N1CN12,6,0,,0,
C1#CC12N=CN2,6,0,,0,
C1#CC12N=CO2,6,0,,0,
C1#CC12N=NN2,6,0,,0,
C1#CC12N=NO2,6,0,,0,
C1#CC12NCN2,6,0,,0,
C1#CC12NCO2,6,0,,0,
C1#CC12NNN2,6,0,,0,
C1#CC12NNO2,6,0,,0,
C1#CC12NON2,6,0,,0,
C1#CC12NOO2,6,0,,0,
C1#CC12OCO2,6,0,,0,
C1#CC12ONO2,6,0,,0,
C1#CC12OOO2,6,0,,0,
C1#CC12n1[nH]n12,6,0,,0,
C1#CC12n1on12,6,0,,0,
C1#CC1=C1C#C1,6,0,,0,
C1#CC1=C1C=C1,6,0,,0,
C1#CC1=C1C=N1,6,0,,0,
C1#CC1=C1CC1,6,0,,0,
C1#CC1=C1CN1,6,0,,0,
C1#CC1=C1CO1,6,0,,0,
C1#CC1=C1N=N1,6,0,,0,
C1#CC1=C1NN1,6,0,,0,
C1#CC1=C1NO1,6,0,,0,
C1#CC1=C1OO1,6,0,,0,
C1#CC1C1=CC1,6,0,,0,
C1#CC1C1=CN1,6,0,,0,
C1#CC1C1=CO1,6,0,,0,
C1#CC1C1=NC1,6,0,,0,
C1#CC1C1=NN1,6,0,,0,
C1#CC1C1=NO1,6,0,,0,
C1#CC1C1C#C1,6,0,,0,
C1#CC1C1C=C1,6,0,,0,
C1#CC1C1C=N1,6,0,,0,
C1#CC1C1CC1,6,0,,0,
C1#CC1C1CN1,6,0,,0,
C1#CC1C1CO1,6,0,,0,
C1#CC1C1N=N1,6,0,,0,
C1#CC1C1NN1,6,0,,0,
C1#CC1C1NO1,6,0,,0,
C1#CC1C1OO1,6,0,,0,
C1#CC1N1C#C1,6,0,,0,
C1#CC1N1C=C1,6,0,,0,
C1#CC1N1C=N1,6,0,,0,
C1#CC1N1CC1,6,0,,0,
C1#CC1N1CN1,6,0,,0,
C1#CC1N1CO1,6,0,,0,
C1#CC1N1N=N1,6,0,,0,
C1#CC1n1[nH][nH]1,6,0,,0,
C1#CC1n1[nH]o1,6,0,,0,
C1#CC1n1oo1,6,0,,0,
C1#CC2(C#C2)C1,6,0,,0,
C1#CC2(C#C2)N1,6,0,,0,
C1#CC2(C#C2)O1,6,0,,0,
C1#CC2(C1)CC2,6,0,,0,
C1#CC2(C1)CN2,6,0,,0,
C1#CC2(C1)CO2,6,0,,0,
C1#CC2(C1)N=N2,6,0,,0,
C1#CC2(C1)NN2,6,0,,0,
C1#CC2(C1)NO2,6,0,,0,
C1#CC2(C1)OO2,6,0,,0,
C1#CC2(C=C2)C1,6,0,,0,
C1#CC2(C=C2)N1,6,0,,0,
C1#CC2(C=C2)O1,6,0,,0,
C1#CC2(C=N2)C1,6,0,,0,
C1#CC2(C=N2)N1,6,0,,0,
C1#CC2(C=N2)O1,6,0,,0,
C1#CC2(CC2)N1,6,0,,0,
C1#CC2(CC2)O1,6,0,,0,
C1#CC2(CN2)N1,6,0,,0,
C1#CC2(CN2)O1,6,0,,0,
C1#CC2(CO2)N1,6,0,,0,
C1#CC2(CO2)O1,6,0,,0,
C1#CC2(N1)NN2,6,0,,0,
C1#CC2(N1)NO2,6,0,,0,
C1#CC2(N1)OO2,6,0,,0,
C1#CC2(N=N2)N1,6,0,,0,
C1#CC2(N=N2)O1,6,0,,0,
C1#CC2(NN2)O1,6,0,,0,
C1#CC2(NO2)O1,6,0,,0,
C1#CC2(O1)OO2,6,0,,0,
C1#CC23C4=C2C143,6,0,,0,
C1#CC23C4C2C143,6,0,,0,
C1#CC23C4N2C143,6,0,,0,
C1#CC23C=C2C13,6,0,,0,
C1#CC23C=C2N13,6,0,,0,
C1#CC23CC12C3,6,0,,0,
C1#CC23CC12N3,6,0,,0,
C1#CC23CC12O3,6,0,,0,
C1#CC23CC2=C13,6,0,,0,
C1#CC23CC2C13,6,0,,0,
C1#CC23CC2N13,6,0,,0,
C1#CC23CN2C13,6,0,,0,
C1#CC23CN2N13,6,0,,0,
C1#CC23N4N2C143,6,0,,0,
C1#CC23N=C2C13,6,0,,0,
C1#CC23N=C2N13,6,0,,0,
C1#CC23NC12N3,6,0,,0,
C1#CC23NC12O3,6,0,,0,
C1#CC23NC2=C13,6,0,,0,
C1#CC23NC2C13,6,0,,0,
C1#CC23NC2N13,6,0,,0,
C1#CC23NN2C13,6,0,,0,
C1#CC23NN2N13,6,0,,0,
C1#CC23OC12O3,6,0,,0,
C1#CC23OC2=C13,6,0,,0,
C1#CC23OC2C13,6,0,,0,
C1#CC23OC2N13,6,0,,0,
C1#CC23ON2C13,6,0,,0,
C1#CC23ON2N13,6,0,,0,
C1#CC2=C(C1)C2,6,0,,0,
C1#CC2=C(C1)N2,6,0,,0,
C1#CC2=C(C1)O2,6,0,,0,
C1#CC2=C1CC2,6,0,,0,
C1#CC2=C1CN2,6,0,,0,
C1#CC2=C1CO2,6,0,,0,
C1#CC2=CC1=C2,6,0,,0,
C1#CC2=CC2C1,6,0,,0,
C1#CC2=CC2N1,6,0,,0,
C1#CC2=CC2O1,6,0,,0,
C1#CC2=CN2C1,6,0,,0,
C1#CC2=CN2N1,6,0,,0,
C1#CC2=CN2O1,6,0,,0,
C1#CC2=NC1=C2,6,0,,0,
C1#CC2=NC1=N2,6,0,,0,
C1#CC2=NC2C1,6,0,,0,
C1#CC2=NC2N1,6,0,,0,
C1#CC2=NC2O1,6,0,,0,
C1#CC2=NN2C1,6,0,,0,
C1#CC2=NN2N1,6,0,,0,
C1#CC2=NN2O1,6,0,,0,
C1#CC2C#CC12,6,0,,0,
C1#CC2C3=C1C32,6,0,,0,
C1#CC2C3=C1N32,6,0,,0,
C1#CC2C3=C2C13,6,0,,0,
C1#CC2C3C1C23,6,0,,0,
C1#CC2C3C1N23,6,0,,0,
C1#CC2C=C1C2,6,0,,0,
C1#CC2C=C1N2,6,0,,0,
C1#CC2C=C1O2,6,0,,0,
C1#CC2C=C2C1,6,0,,0,
C1#CC2C=C2N1,6,0,,0,
C1#CC2C=C2O1,6,0,,0,
C1#CC2C=CC12,6,0,,0,
C1#CC2CC1=N2,6,0,,0,
C1#CC2CC1C2,6,0,,0,
C1#CC2CC1N2,6,0,,0,
C1#CC2CC1O2,6,0,,0,
C1#CC2CC2=C1,6,0,,0,
C1#CC2CC2=N1,6,0,,0,
C1#CC2CC2C1,6,0,,0,
C1#CC2CC2N1,6,0,,0,
C1#CC2CC2O1,6,0,,0,
C1#CC2CC=C12,6,0,,0,
C1#CC2CCC12,6,0,,0,
C1#CC2CN2C1,6,0,,0,
C1#CC2CN2N1,6,0,,0,
C1#CC2CN2O1,6,0,,0,
C1#CC2CN=C12,6,0,,0,
C1#CC2N3C1N23,6,0,,0,
C1#CC2N=C1N2,6,0,,0,
C1#CC2N=C1O2,6,0,,0,
C1#CC2N=C2C1,6,0,,0,
C1#CC2N=C2N1,6,0,,0,
C1#CC2N=C2O1,6,0,,0,
C1#CC2N=CC12,6,0,,0,
C1#CC2N=NC12,6,0,,0,
C1#CC2NC1N2,6,0,,0,
C1#CC2NC1O2,6,0,,0,
C1#CC2NC2=C1,6,0,,0,
C1#CC2NC2=N1,6,0,,0,
C1#CC2NC2C1,6,0,,0,
C1#CC2NC2N1,6,0,,0,
C1#CC2NC2O1,6,0,,0,
C1#CC2NC=C12,6,0,,0,
C1#CC2NCC12,6,0,,0,
C1#CC2NN2C1,6,0,,0,
C1#CC2NN2N1,6,0,,0,
C1#CC2NN2O1,6,0,,0,
C1#CC2NN=C12,6,0,,0,
C1#CC2NNC12,6,0,,0,
C1#CC2OC1O2,6,0,,0,
C1#CC2OC2=C1,6,0,,0,
C1#CC2OC2=N1,6,0,,0,
C1#CC2OC2C1,6,0,,0,
C1#CC2OC2N1,6,0,,0,
C1#CC2OC2O1,6,0,,0,
C1#CC2OC=C12,6,0,,0,
C1#CC2OCC12,6,0,,0,
C1#CC2ON2C1,6,0,,0,
C1#CC2ON2N1,6,0,,0,
C1#CC2ON2O1,6,0,,0,
C1#CC2ON=C12,6,0,,0,
C1#CC2ONC12,6,0,,0,
C1#CC2OOC12,6,0,,0,
C1#CCC#CC1,6,0,,0,
C1#CCC=CC1,6,0,,0,
C1#CCCC#C1,6,0,,0,
C1#CCCC=C1,6,0,,0,
C1#CCCCC1,6,0,,0,
C1#CCCN=C1,6,0,,0,
C1#CCN=CC1,6,0,,0,
C1#CCN=NC1,6,0,,0,
C1#CCNC#C1,6,0,,0,
C1#CCNC=C1,6,0,,0,
C1#CCNCC1,6,0,,0,
C1#CCNN=C1,6,0,,0,
C1#CCNNC1,6,0,,0,
C1#CCOC#C1,6,0,,0,
C1#CCOC=C1,6,0,,0,
C1#CCOCC1,6,0,,0,
C1#CCON=C1,6,0,,0,
C1#CCONC1,6,0,,0,
C1#CCOOC1,6,0,,0,
C1#CN1C1=CC1,6,0,,0,
C1#CN1C1=CN1,6,0,,0,
C1#CN1C1=CO1,6,0,,0,
C1#CN1C1=NC1,6,0,,0,
C1#CN1C1=NN1,6,0,,0,
C1#CN1C1=NO1,6,0,,0,
C1#CN1C1C=C1,6,0,,0,
C1#CN1C1C=N1,6,0,,0,
C1#CN1C1CC1,6,0,,0,
C1#CN1C1CN1,6,0,,0,
C1#CN1C1CO1,6,0,,0,
C1#CN1C1N=N1,6,0,,0,
C1#CN1C1NN1,6,0,,0,
C1#CN1C1NO1,6,0,,0,
C1#CN1C1OO1,6,0,,0,
C1#CN1N1C#C1,6,0,,0,
C1#CN1N1C=C1,6,0,,0,
C1#CN1N1C=N1,6,0,,0,
C1#CN1N1CC1,6,0,,0,
C1#CN1N1CN1,6,0,,0,
C1#CN1N1CO1,6,0,,0,
C1#CN1N1N=N1,6,0,,0,
C1#CN1n1[nH][nH]1,6,0,,0,
C1#CN1n1[nH]o1,6,0,,0,
C1#CN1n1oo1,6,0,,0,
C1#CN2C#CC12,6,0,,0,
C1#CN2C3=C2C13,6,0,,0,
C1#CN2C3C1C32,6,0,,0,
C1#CN2C3C1N32,6,0,,0,
C1#CN2C3C2N13,6,0,,0,
C1#CN2C3N1N32,6,0,,0,
C1#CN2C=C2C1,6,0,,0,
C1#CN2C=C2N1,6,0,,0,
C1#CN2C=C2O1,6,0,,0,
C1#CN2C=CC12,6,0,,0,
C1#CN2C=NC12,6,0,,0,
C1#CN2CC1C2,6,0,,0,
C1#CN2CC1N2,6,0,,0,
C1#CN2CC1O2,6,0,,0,
C1#CN2CC2C1,6,0,,0,
C1#CN2CC2N1,6,0,,0,
C1#CN2CC2O1,6,0,,0,
C1#CN2CC=C12,6,0,,0,
C1#CN2CCC12,6,0,,0,
C1#CN2CN1C2,6,0,,0,
C1#CN2CN1N2,6,0,,0,
C1#CN2CN1O2,6,0,,0,
C1#CN2CN2C1,6,0,,0,
C1#CN2CN2N1,6,0,,0,
C1#CN2CN2O1,6,0,,0,
C1#CN2CN=C12,6,0,,0,
C1#CN2CNC12,6,0,,0,
C1#CN2COC12,6,0,,0,
C1#CN2N=C2C1,6,0,,0,
C1#CN2N=C2N1,6,0,,0,
C1#CN2N=C2O1,6,0,,0,
C1#CN2N=CC12,6,0,,0,
C1#CN2N=NC12,6,0,,0,
C1#CN2NC1N2,6,0,,0,
C1#CN2NC1O2,6,0,,0,
C1#CN2NC2C1,6,0,,0,
C1#CN2NC2N1,6,0,,0,
C1#CN2NC2O1,6,0,,0,
C1#CN2NCC12,6,0,,0,
C1#CN2NN1N2,6,0,,0,
C1#CN2NN1O2,6,0,,0,
C1#CN2NNC12,6,0,,0,
C1#CN2NOC12,6,0,,0,
C1#CN2OC1O2,6,0,,0,
C1#CN2OC2C1,6,0,,0,
C1#CN2OC2N1,6,0,,0,
C1#CN2OC2O1,6,0,,0,
C1#CN2OCC12,6,0,,0,
C1#CN2ON1O2,6,0,,0,
C1#CN2ONC12,6,0,,0,
C1#CN2OOC12,6,0,,0,
C1#CN=CCC1,6,0,,0,
C1#CN=CNC1,6,0,,0,
C1#CN=COC1,6,0,,0,
C1#CN=NCC1,6,0,,0,
C1#CN=NNC1,6,0,,0,
C1#CN=NOC1,6,0,,0,
C1#CNC#CC1,6,0,,0,
C1#CNC#CN1,6,0,,0,
C1#CNC=CC1,6,0,,0,
C1#CNC=CN1,6,0,,0,
C1#CNC=NC1,6,0,,0,
C1#CNCC=C1,6,0,,0,
C1#CNCC=N1,6,0,,0,
C1#CNCCC1,6,0,,0,
C1#CNCCN1,6,0,,0,
C1#CNCN=C1,6,0,,0,
C1#CNCN=N1,6,0,,0,
C1#CNCNC1,6,0,,0,
C1#CNCOC1,6,0,,0,
C1#CNN=CC1,6,0,,0,
C1#CNN=CN1,6,0,,0,
C1#CNN=NC1,6,0,,0,
C1#CNN=NN1,6,0,,0,
C1#CNNC#C1,6,0,,0,
C1#CNNC=C1,6,0,,0,
C1#CNNC=N1,6,0,,0,
C1#CNNCC1,6,0,,0,
C1#CNNCN1,6,0,,0,
C1#CNNN=C1,6,0,,0,
C1#CNNN=N1,6,0,,0,
C1#CNNNC1,6,0,,0,
C1#CNNOC1,6,0,,0,
C1#CNOC#C1,6,0,,0,
C1#CNOC=C1,6,0,,0,
C1#CNOC=N1,6,0,,0,
C1#CNOCC1,6,0,,0,
C1#CNOCN1,6,0,,0,
C1#CNON=C1,6,0,,0,
C1#CNON=N1,6,0,,0,
C1#CNONC1,6,0,,0,
C1#CNOOC1,6,0,,0,
C1#COC#CC1,6,0,,0,
C1#COC#CN1,6,0,,0,
C1#COC#CO1,6,0,,0,
C1#COC=CC1,6,0,,0,
C1#COC=CN1,6,0,,0,
C1#COC=CO1,6,0,,0,
C1#COC=NC1,6,0,,0,
C1#COC=NN1,6,0,,0,
C1#COCC=C1,6,0,,0,
C1#COCC=N1,6,0,,0,
C1#COCCC1,6,0,,0,
C1#COCCN1,6,0,,0,
C1#COCCO1,6,0,,0,
C1#COCN=C1,6,0,,0,
C1#COCN=N1,6,0,,0,
C1#COCNC1,6,0,,0,
C1#COCNN1,6,0,,0,
C1#COCOC1,6,0,,0,
C1#COCON1,6,0,,0,
C1#CON=CC1,6,0,,0,
C1#CON=CN1,6,0,,0,
C1#CON=CO1,6,0,,0,
C1#CON=NC1,6,0,,0,
C1#CON=NN1,6,0,,0,
C1#CON=NO1,6,0,,0,
C1#CONC=C1,6,0,,0,
C1#CONC=N1,6,0,,0,
C1#CONCC1,6,0,,0,
C1#CONCN1,6,0,,0,
C1#CONCO1,6,0,,0,
C1#CONN=C1,6,0,,0,
C1#CONN=N1,6,0,,0,
C1#CONNC1,6,0,,0,
C1#CONOC1,6,0,,0,
C1#COOC#C1,6,0,,0,
C1#COOC=C1,6,0,,0,
C1#COOC=N1,6,0,,0,
C1#COOCC1,6,0,,0,
C1#COOCN1,6,0,,0,
C1#COOCO1,6,0,,0,
C1#COON=C1,6,0,,0,
C1#COON=N1,6,0,,0,
C1#COONC1,6,0,,0,
C1#COOOC1,6,0,,0,
C1#Cc2[nH][nH]c21,6,0,,0,
C1#Cc2o[nH]c21,6,0,,0,
C1#Cc2ooc21,6,0,,0,
C1#Cn2[nH]cc21,6,0,,0,
C1#Cn2[nH]n2C1,6,0,,0,
C1#Cn2[nH]nc21,6,0,,0,
C1#Cn2c3c2n31,6,0,,0,
C1#Cn2n3n2C13,6,0,,0,
C1#Cn2occ21,6,0,,0,
C1#Cn2on2C1,6,0,,0,
C1#Cn2onc21,6,0,,0,
C123C45C16C21C34C561,6,0,,0,
C12=C3C14C1=C2C314,6,0,,0,
C12=C3C14C1=C4C231,6,0,,0,
C12=C3C14C1C2C314,6,0,,0,
C12=C3C14C1C4C231,6,0,,0,
C12=C3C14C1N2C314,6,0,,0,
C12=C3C14C1N4C231,6,0,,0,
C12=C3C14N1C2C314,6,0,,0,
C12=C3C14N1N2C314,6,0,,0,
C12=C3C14N1N4C231,6,0,,0,
C12=C3C1C1=C2C31,6,0,,0,
C12=C3C1C1C2C31,6,0,,0,
C12=C3C1C1C2N31,6,0,,0,
C12=C3C1N1C2C31,6,0,,0,
C12=C3C1N1C2N31,6,0,,0,
C12=C3C45C16C24C365,6,0,,0,
C12=C3C45C1C34C25,6,0,,0,
C12=C3C45C1C34N25,6,0,,0,
C12=C3C45N1C34N25,6,0,,0,
C12=C3C4=C1C2C34,6,0,,0,
C12=C3C4=C1C3C24,6,0,,0,
C12=C3C4=C1C4C23,6,0,,0,
C12=C3C4=C1N3C24,6,0,,0,
C12=C3C4C15C2C345,6,0,,0,
C12=C3C4C1=C2C34,6,0,,0,
C12=C3C4C1C2C34,6,0,,0,
C12=C3C4C1C2N34,6,0,,0,
C12=C3C4C1C3C24,6,0,,0,
C12=C3C4C1C4N23,6,0,,0,
C12=C3C4C1N3C24,6,0,,0,
C12=C3C4C1N3N24,6,0,,0,
C12=C3C4C1N4N23,6,0,,0,
C12=C3C4N1C2N34,6,0,,0,
C12=C3N1C1C2N31,6,0,,0,
C12=C3N1N1C2N31,6,0,,0,
C12=C3N4C15C2C345,6,0,,0,
C12=C3N4C15N2C345,6,0,,0,
C12=C3N4C1C2N34,6,0,,0,
C12=C3N4C1N3C24,6,0,,0,
C12C34C5C16C23C546,6,0,,0,
C12C34N5C16C23C546,6,0,,0,
C12C3C14C1C4C231,6,0,,0,
C12C3C14C1N2C314,6,0,,0,
C12C3C14C1N4C231,6,0,,0,
C12C3C14N1N2C314,6,0,,0,
C12C3C14N1N4C231,6,0,,0,
C12C3C1C1C2C31,6,0,,0,
C12C3C1N1C2C31,6,0,,0,
C12C3C1N1C2N31,6,0,,0,
C12C3C1n1n2n13,6,0,,0,
C12C3C45C16C24C365,6,0,,0,
C12C3C45C1C34C25,6,0,,0,
C12C3C45C1C34N25,6,0,,0,
C12C3C45N1C34N25,6,0,,0,
C12C3C4C15C2C345,6,0,,0,
C12C3C4C1C3C24,6,0,,0,
C12C3C4C1N3C24,6,0,,0,
C12C3C4C1N3N24,6,0,,0,
C12C3C4C1N4N23,6,0,,0,
C12C3C4N1C2N34,6,0,,0,
C12C3C4N1N3N24,6,0,,0,
C12C3N1C1N2N31,6,0,,0,
C12C3N1N1C2N31,6,0,,0,
C12C3N1n1n2n13,6,0,,0,
C12C3N4C15C2C345,6,0,,0,
C12C3N4C15N2C345,6,0,,0,
C12C3N4C1N3C24,6,0,,0,
C12C3N4N1N2N34,6,0,,0,
C12C3N4N1N3N24,6,0,,0,
C12N3C14C1N4C213,6,0,,0,
C12N3C14N1N4C231,6,0,,0,
C12N3C45C16C24C365,6,0,,0,
C12N3C45N1C34N25,6,0,,0,
C12N3C4C15C3C245,6,0,,0,
C12N3C4C15N2C435,6,0,,0,
C12N3C4C15N3C245,6,0,,0,
C12N3C4N1C3N24,6,0,,0,
C12N3C4N1N3N24,6,0,,0,
C12N3C4N1N4N23,6,0,,0,
C12N3N4C15N2C345,6,0,,0,
C12N3N4C15N3C245,6,0,,0,
C12N3N4C5C13C254,6,0,,0,
C12N3N4N1N3N24,6,0,,0,
C12N3N4N5C13C245,6,0,,0,
C12n3n1n1n2n31,6,0,,0,
C1=C(C2=CC2)C1,6,0,,0,
C1=C(C2=CN2)C1,6,0,,0,
C1=C(C2=CN2)N1,6,0,,0,
C1=C(C2=CO2)C1,6,0,,0,
C1=C(C2=CO2)N1,6,0,,0,
C1=C(C2=CO2)O1,6,0,,0,
C1=C(C2=NC2)C1,6,0,,0,
C1=C(C2=NC2)N1,6,0,,0,
C1=C(C2=NC2)O1,6,0,,0,
C1=C(C2=NN2)C1,6,0,,0,
C1=C(C2=NN2)N1,6,0,,0,
C1=C(C2=NN2)O1,6,0,,0,
C1=C(C2=NO2)C1,6,0,,0,
C1=C(C2=NO2)N1,6,0,,0,
C1=C(C2=NO2)O1,6,0,,0,
C1=C(C2CC2)C1,6,0,,0,
C1=C(C2CC2)N1,6,0,,0,
C1=C(C2CC2)O1,6,0,,0,
C1=C(C2CN2)C1,6,0,,0,
C1=C(C2CN2)N1,6,0,,0,
C1=C(C2CN2)O1,6,0,,0,
C1=C(C2CO2)C1,6,0,,0,
C1=C(C2CO2)N1,6,0,,0,
C1=C(C2CO2)O1,6,0,,0,
C1=C(C2N=N2)C1,6,0,,0,
C1=C(C2N=N2)N1,6,0,,0,
C1=C(C2N=N2)O1,6,0,,0,
C1=C(C2NN2)C1,6,0,,0,
C1=C(C2NN2)N1,6,0,,0,
C1=C(C2NN2)O1,6,0,,0,
C1=C(C2NO2)C1,6,0,,0,
C1=C(C2NO2)N1,6,0,,0,
C1=C(C2NO2)O1,6,0,,0,
C1=C(C2OO2)C1,6,0,,0,
C1=C(C2OO2)N1,6,0,,0,
C1=C(C2OO2)O1,6,0,,0,
C1=C(N2CC2)C1,6,0,,0,
C1=C(N2CC2)N1,6,0,,0,
C1=C(N2CC2)O1,6,0,,0,
C1=C(N2CN2)C1,6,0,,0,
C1=C(N2CN2)N1,6,0,,0,
C1=C(N2CN2)O1,6,0,,0,
C1=C(N2CO2)C1,6,0,,0,
C1=C(N2CO2)N1,6,0,,0,
C1=C(N2CO2)O1,6,0,,0,
C1=C(N2N=N2)C1,6,0,,0,
C1=C(N2N=N2)N1,6,0,,0,
C1=C(N2N=N2)O1,6,0,,0,
C1=C(n2[nH][nH]2)C1,6,0,,0,
C1=C(n2[nH][nH]2)N1,6,0,,0,
C1=C(n2[nH][nH]2)O1,6,0,,0,
C1=C(n2[nH]o2)C1,6,0,,0,
C1=C(n2[nH]o2)N1,6,0,,0,
C1=C(n2[nH]o2)O1,6,0,,0,
C1=C(n2oo2)C1,6,0,,0,
C1=C(n2oo2)N1,6,0,,0,
C1=C(n2oo2)O1,6,0,,0,
C1=C2C#CC=1C2,6,0,,0,
C1=C2C#CCC=12,6,0,,0,
C1=C2C13C1=CC213,6,0,,0,
C1=C2C13C1=NC213,6,0,,0,
C1=C2C13C1CC213,6,0,,0,
C1=C2C13C1NC213,6,0,,0,
C1=C2C13C1OC213,6,0,,0,
C1=C2C13N1CC213,6,0,,0,
C1=C2C13N1NC213,6,0,,0,
C1=C2C13N1OC213,6,0,,0,
C1=C2C1=C1CC21,6,0,,0,
C1=C2C1=C1NC21,6,0,,0,
C1=C2C1=C1OC21,6,0,,0,
C1=C2C1C1=CC21,6,0,,0,
C1=C2C1C1=CN21,6,0,,0,
C1=C2C1C1=NC21,6,0,,0,
C1=C2C1C1=NN21,6,0,,0,
C1=C2C1C1CC21,6,0,,0,
C1=C2C1C1CN21,6,0,,0,
C1=C2C1C1NC21,6,0,,0,
C1=C2C1C1NN21,6,0,,0,
C1=C2C1C1OC21,6,0,,0,
C1=C2C1C1ON21,6,0,,0,
C1=C2C1C21CC1,6,0,,0,
C1=C2C1C21CN1,6,0,,0,
C1=C2C1C21CO1,6,0,,0,
C1=C2C1C21N=N1,6,0,,0,
C1=C2C1C21NN1,6,0,,0,
C1=C2C1C21NO1,6,0,,0,
C1=C2C1C21OO1,6,0,,0,
C1=C2C1N1CC21,6,0,,0,
C1=C2C1N1CN21,6,0,,0,
C1=C2C1N1NC21,6,0,,0,
C1=C2C1N1OC21,6,0,,0,
C1=C2C1n1[nH]n12,6,0,,0,
C1=C2C1n1on12,6,0,,0,
C1=C2C34C5C13C254,6,0,,0,
C1=C2C34CC23C14,6,0,,0,
C1=C2C34CC23C=14,6,0,,0,
C1=C2C34CC23N14,6,0,,0,
C1=C2C34N5C13C254,6,0,,0,
C1=C2C34NC23C14,6,0,,0,
C1=C2C34NC23C=14,6,0,,0,
C1=C2C34NC23N14,6,0,,0,
C1=C2C34OC23C14,6,0,,0,
C1=C2C34OC23C=14,6,0,,0,
C1=C2C34OC23N14,6,0,,0,
C1=C2C3=C(C1)C23,6,0,,0,
C1=C2C3=C(C1)N23,6,0,,0,
C1=C2C3=C(C3)C12,6,0,,0,
C1=C2C3=C(N3)C12,6,0,,0,
C1=C2C3=C(O3)C12,6,0,,0,
C1=C2C3=C1C2C3,6,0,,0,
C1=C2C3=C1C2N3,6,0,,0,
C1=C2C3=C1C2O3,6,0,,0,
C1=C2C3=C1CC23,6,0,,0,
C1=C2C3=C1N2C3,6,0,,0,
C1=C2C3=C1NC23,6,0,,0,
C1=C2C3=C1OC23,6,0,,0,
C1=C2C3=C2C1C3,6,0,,0,
C1=C2C3=C2C1N3,6,0,,0,
C1=C2C3=C2C1O3,6,0,,0,
C1=C2C3=C2C3C1,6,0,,0,
C1=C2C3=C2C3N1,6,0,,0,
C1=C2C3=C2C3O1,6,0,,0,
C1=C2C3=C2N3C1,6,0,,0,
C1=C2C3=C4C1C234,6,0,,0,
C1=C2C3=C4C2C134,6,0,,0,
C1=C2C3=C4C3C124,6,0,,0,
C1=C2C3=C4C=1C234,6,0,,0,
C1=C2C3=C4N1C234,6,0,,0,
C1=C2C3=C4N2C134,6,0,,0,
C1=C2C3=C4N3C124,6,0,,0,
C1=C2C3=C=C2C=13,6,0,,0,
C1=C2C3=CC1C23,6,0,,0,
C1=C2C3=CC1N23,6,0,,0,
C1=C2C3=CC23C1,6,0,,0,
C1=C2C3=CC23N1,6,0,,0,
C1=C2C3=CC23O1,6,0,,0,
C1=C2C3=CC2C13,6,0,,0,
C1=C2C3=CC2C=13,6,0,,0,
C1=C2C3=CC2N13,6,0,,0,
C1=C2C3=CC3C12,6,0,,0,
C1=C2C3=CN1C23,6,0,,0,
C1=C2C3=CN2C=13,6,0,,0,
C1=C2C3=CN3C12,6,0,,0,
C1=C2C3=NC12C3,6,0,,0,
C1=C2C3=NC12N3,6,0,,0,
C1=C2C3=NC12O3,6,0,,0,
C1=C2C3=NC1C23,6,0,,0,
C1=C2C3=NC1N23,6,0,,0,
C1=C2C3=NC23C1,6,0,,0,
C1=C2C3=NC23N1,6,0,,0,
C1=C2C3=NC23O1,6,0,,0,
C1=C2C3=NC2C13,6,0,,0,
C1=C2C3=NC2C=13,6,0,,0,
C1=C2C3=NC2N13,6,0,,0,
C1=C2C3=NC3C12,6,0,,0,
C1=C2C3=NC3N12,6,0,,0,
C1=C2C3=NCC123,6,0,,0,
C1=C2C3=NN1C23,6,0,,0,
C1=C2C3=NN2C13,6,0,,0,
C1=C2C3=NN2C=13,6,0,,0,
C1=C2C3=NN3C12,6,0,,0,
C1=C2C3=NNC123,6,0,,0,
C1=C2C3=NOC123,6,0,,0,
C1=C2C3C(=C1)C23,6,0,,0,
C1=C2C3C(=N1)C23,6,0,,0,
C1=C2C3C(C1)C23,6,0,,0,
C1=C2C3C(C1)N23,6,0,,0,
C1=C2C3C(N1)C23,6,0,,0,
C1=C2C3C(N1)N23,6,0,,0,
C1=C2C3C(O1)C23,6,0,,0,
C1=C2C3C(O1)N23,6,0,,0,
C1=C2C3C14CC234,6,0,,0,
C1=C2C3C14NC234,6,0,,0,
C1=C2C3C14OC234,6,0,,0,
C1=C2C3C1=NN23,6,0,,0,
C1=C2C3C1CN23,6,0,,0,
C1=C2C3C1NN23,6,0,,0,
C1=C2C3C1ON23,6,0,,0,
C1=C2C3C2N3C1,6,0,,0,
C1=C2C3C2N3N1,6,0,,0,
C1=C2C3C2N3O1,6,0,,0,
C1=C2C3C4=C1C243,6,0,,0,
C1=C2C3C4=C3C124,6,0,,0,
C1=C2C3C4C1C234,6,0,,0,
C1=C2C3C4C2C134,6,0,,0,
C1=C2C3C4C3C124,6,0,,0,
C1=C2C3C4C=1C234,6,0,,0,
C1=C2C3C4N1C234,6,0,,0,
C1=C2C3C4N2C134,6,0,,0,
C1=C2C3C4N3C124,6,0,,0,
C1=C2C3CC12C3,6,0,,0,
C1=C2C3CC12N3,6,0,,0,
C1=C2C3CC12O3,6,0,,0,
C1=C2C3CC1C23,6,0,,0,
C1=C2C3CC1N23,6,0,,0,
C1=C2C3CC23C1,6,0,,0,
C1=C2C3CC23N1,6,0,,0,
C1=C2C3CC23O1,6,0,,0,
C1=C2C3CC2C13,6,0,,0,
C1=C2C3CC2C=13,6,0,,0,
C1=C2C3CC2N13,6,0,,0,
C1=C2C3CC3N12,6,0,,0,
C1=C2C3CCC123,6,0,,0,
C1=C2C3CN1C23,6,0,,0,
C1=C2C3CN2C13,6,0,,0,
C1=C2C3CN2C=13,6,0,,0,
C1=C2C3CN3N12,6,0,,0,
C1=C2C3CNC123,6,0,,0,
C1=C2C3COC123,6,0,,0,
C1=C2C3N(C1)N23,6,0,,0,
C1=C2C3N(N1)N23,6,0,,0,
C1=C2C3N(O1)N23,6,0,,0,
C1=C2C3N1CN23,6,0,,0,
C1=C2C3N1NN23,6,0,,0,
C1=C2C3N1ON23,6,0,,0,
C1=C2C3N4C1C234,6,0,,0,
C1=C2C3N4C2C134,6,0,,0,
C1=C2C3N4C=1C234,6,0,,0,
C1=C2C3N4N1C234,6,0,,0,
C1=C2C3N4N2C134,6,0,,0,
C1=C2C3N4N3C124,6,0,,0,
C1=C2C3N=C1C23,6,0,,0,
C1=C2C3N=C1N23,6,0,,0,
C1=C2C3N=C3N12,6,0,,0,
C1=C2C3N=NC123,6,0,,0,
C1=C2C3NC12N3,6,0,,0,
C1=C2C3NC12O3,6,0,,0,
C1=C2C3NC1C23,6,0,,0,
C1=C2C3NC1N23,6,0,,0,
C1=C2C3NC23C1,6,0,,0,
C1=C2C3NC23N1,6,0,,0,
C1=C2C3NC23O1,6,0,,0,
C1=C2C3NC2C13,6,0,,0,
C1=C2C3NC2C=13,6,0,,0,
C1=C2C3NC2N13,6,0,,0,
C1=C2C3NC3N12,6,0,,0,
C1=C2C3NCC123,6,0,,0,
C1=C2C3NN1C23,6,0,,0,
C1=C2C3NN2C13,6,0,,0,
C1=C2C3NN2C=13,6,0,,0,
C1=C2C3NN3N12,6,0,,0,
C1=C2C3NNC123,6,0,,0,
C1=C2C3NOC123,6,0,,0,
C1=C2C3OC12O3,6,0,,0,
C1=C2C3OC1C23,6,0,,0,
C1=C2C3OC1N23,6,0,,0,
C1=C2C3OC23C1,6,0,,0,
C1=C2C3OC23N1,6,0,,0,
C1=C2C3OC23O1,6,0,,0,
C1=C2C3OC2C13,6,0,,0,
C1=C2C3OC2C=13,6,0,,0,
C1=C2C3OC2N13,6,0,,0,
C1=C2C3OC3N12,6,0,,0,
C1=C2C3OCC123,6,0,,0,
C1=C2C3ON1C23,6,0,,0,
C1=C2C3ON2C13,6,0,,0,
C1=C2C3ON2C=13,6,0,,0,
C1=C2C3ON3N12,6,0,,0,
C1=C2C3ONC123,6,0,,0,
C1=C2C3OOC123,6,0,,0,
C1=C2C=1C1=C2C1,6,0,,0,
C1=C2C=1C1=C=C21,6,0,,0,
C1=C2C=1C1C=C21,6,0,,0,
C1=C2C=1C1CC21,6,0,,0,
C1=C2C=1C1N=C21,6,0,,0,
C1=C2C=1C1NC21,6,0,,0,
C1=C2C=1C1OC21,6,0,,0,
C1=C2C=1C21C#C1,6,0,,0,
C1=C2C=1C21C=C1,6,0,,0,
C1=C2C=1C21C=N1,6,0,,0,
C1=C2C=1C21CC1,6,0,,0,
C1=C2C=1C21CN1,6,0,,0,
C1=C2C=1C21CO1,6,0,,0,
C1=C2C=1C21N=N1,6,0,,0,
C1=C2C=1C21NN1,6,0,,0,
C1=C2C=1C21NO1,6,0,,0,
C1=C2C=1C21OO1,6,0,,0,
C1=C2C=1N1CC21,6,0,,0,
C1=C2C=1N1NC21,6,0,,0,
C1=C2C=1N1OC21,6,0,,0,
C1=C2C=C(C1)C2,6,0,,0,
C1=C2C=C(C1)N2,6,0,,0,
C1=C2C=C(C1)O2,6,0,,0,
C1=C2C=C1CC2,6,0,,0,
C1=C2C=C1N=N2,6,0,,0,
C1=C2C=C1NC2,6,0,,0,
C1=C2C=C1NN2,6,0,,0,
C1=C2C=C1OC2,6,0,,0,
C1=C2C=C1ON2,6,0,,0,
C1=C2C=C1OO2,6,0,,0,
C1=C2C=C2CC1,6,0,,0,
C1=C2C=C2CN1,6,0,,0,
C1=C2C=C2CO1,6,0,,0,
C1=C2C=C2NC1,6,0,,0,
C1=C2C=C2NN1,6,0,,0,
C1=C2C=C2NO1,6,0,,0,
C1=C2C=C2OC1,6,0,,0,
C1=C2C=C2ON1,6,0,,0,
C1=C2C=C2OO1,6,0,,0,
C1=C2C=C3C1C23,6,0,,0,
C1=C2C=C3C1N23,6,0,,0,
C1=C2C=C3C2N13,6,0,,0,
C1=C2C=C3C=1C23,6,0,,0,
C1=C2C=C3CC123,6,0,,0,
C1=C2C=C3NC123,6,0,,0,
C1=C2C=C3OC123,6,0,,0,
C1=C2C=CC=1C2,6,0,,0,
C1=C2C=CCC=12,6,0,,0,
C1=C2C=NC=1C2,6,0,,0,
C1=C2C=NCC=12,6,0,,0,
C1=C2CC(=C1)C2,6,0,,0,
C1=C2CC(=N1)C2,6,0,,0,
C1=C2CC(=N2)C1,6,0,,0,
C1=C2CC(C1)C2,6,0,,0,
C1=C2CC(C1)N2,6,0,,0,
C1=C2CC(C1)O2,6,0,,0,
C1=C2CC(C2)N1,6,0,,0,
C1=C2CC(C2)O1,6,0,,0,
C1=C2CC(N1)N2,6,0,,0,
C1=C2CC(N1)O2,6,0,,0,
C1=C2CC(N2)O1,6,0,,0,
C1=C2CC(O1)O2,6,0,,0,
C1=C2CC13C=C23,6,0,,0,
C1=C2CC13CC23,6,0,,0,
C1=C2CC13CN23,6,0,,0,
C1=C2CC13N=C23,6,0,,0,
C1=C2CC13NC23,6,0,,0,
C1=C2CC13NN23,6,0,,0,
C1=C2CC13OC23,6,0,,0,
C1=C2CC13ON23,6,0,,0,
C1=C2CC1CN2,6,0,,0,
C1=C2CC1CO2,6,0,,0,
C1=C2CC1N=N2,6,0,,0,
C1=C2CC1NN2,6,0,,0,
C1=C2CC1NO2,6,0,,0,
C1=C2CC1ON2,6,0,,0,
C1=C2CC1OO2,6,0,,0,
C1=C2CC23CC13,6,0,,0,
C1=C2CC23CC=13,6,0,,0,
C1=C2CC23CN13,6,0,,0,
C1=C2CC23N=C13,6,0,,0,
C1=C2CC23NC13,6,0,,0,
C1=C2CC23NC=13,6,0,,0,
C1=C2CC23NN13,6,0,,0,
C1=C2CC23OC13,6,0,,0,
C1=C2CC23OC=13,6,0,,0,
C1=C2CC23ON13,6,0,,0,
C1=C2CC2=CC1,6,0,,0,
C1=C2CC2=NC1,6,0,,0,
C1=C2CC2CC1,6,0,,0,
C1=C2CC2CN1,6,0,,0,
C1=C2CC2CO1,6,0,,0,
C1=C2CC2N=N1,6,0,,0,
C1=C2CC2NC1,6,0,,0,
C1=C2CC2NN1,6,0,,0,
C1=C2CC2NO1,6,0,,0,
C1=C2CC2OC1,6,0,,0,
C1=C2CC2ON1,6,0,,0,
C1=C2CC2OO1,6,0,,0,
C1=C2CC3=C1C23,6,0,,0,
C1=C2CC3=C2C13,6,0,,0,
C1=C2CC3=C2C=13,6,0,,0,
C1=C2CC3=CC123,6,0,,0,
C1=C2CC3=NC123,6,0,,0,
C1=C2CC3C1=C23,6,0,,0,
C1=C2CC3C1C23,6,0,,0,
C1=C2CC3C1N23,6,0,,0,
C1=C2CC3C2N13,6,0,,0,
C1=C2CC3C=1C23,6,0,,0,
C1=C2CC3C=1N23,6,0,,0,
C1=C2CC3CC123,6,0,,0,
C1=C2CC3NC123,6,0,,0,
C1=C2CC3OC123,6,0,,0,
C1=C2CC=1N=N2,6,0,,0,
C1=C2CC=1NN2,6,0,,0,
C1=C2CC=1ON2,6,0,,0,
C1=C2CC=1OO2,6,0,,0,
C1=C2CC=C2C1,6,0,,0,
C1=C2CC=C2N1,6,0,,0,
C1=C2CC=C2O1,6,0,,0,
C1=C2CC=NC=12,6,0,,0,
C1=C2CCC1=N2,6,0,,0,
C1=C2CCC1C2,6,0,,0,
C1=C2CCC1N2,6,0,,0,
C1=C2CCC1O2,6,0,,0,
C1=C2CCC2=C1,6,0,,0,
C1=C2CCC2=N1,6,0,,0,
C1=C2CCC2C1,6,0,,0,
C1=C2CCC2N1,6,0,,0,
C1=C2CCC2O1,6,0,,0,
C1=C2CCC=1C2,6,0,,0,
C1=C2CCC=1N2,6,0,,0,
C1=C2CCC=1O2,6,0,,0,
C1=C2CCCC12,6,0,,0,
C1=C2CCCC=12,6,0,,0,
C1=C2CCCN12,6,0,,0,
C1=C2CCN1C2,6,0,,0,
C1=C2CCN2C1,6,0,,0,
C1=C2CCN=C12,6,0,,0,
C1=C2CCNC12,6,0,,0,
C1=C2CCNC=12,6,0,,0,
C1=C2CCNN12,6,0,,0,
C1=C2CCOC12,6,0,,0,
C1=C2CCOC=12,6,0,,0,
C1=C2CCON12,6,0,,0,
C1=C2CN(C1)C2,6,0,,0,
C1=C2CN(C1)N2,6,0,,0,
C1=C2CN(C1)O2,6,0,,0,
C1=C2CN(C2)N1,6,0,,0,
C1=C2CN(C2)O1,6,0,,0,
C1=C2CN(N1)N2,6,0,,0,
C1=C2CN(N1)O2,6,0,,0,
C1=C2CN(N2)O1,6,0,,0,
C1=C2CN(O1)O2,6,0,,0,
C1=C2CN1CN2,6,0,,0,
C1=C2CN1CO2,6,0,,0,
C1=C2CN1NN2,6,0,,0,
C1=C2CN1NO2,6,0,,0,
C1=C2CN1ON2,6,0,,0,
C1=C2CN1OO2,6,0,,0,
C1=C2CN2CC1,6,0,,0,
C1=C2CN2CN1,6,0,,0,
C1=C2CN2CO1,6,0,,0,
C1=C2CN2NC1,6,0,,0,
C1=C2CN2NN1,6,0,,0,
C1=C2CN2NO1,6,0,,0,
C1=C2CN2OC1,6,0,,0,
C1=C2CN2ON1,6,0,,0,
C1=C2CN2OO1,6,0,,0,
C1=C2CN3C1C23,6,0,,0,
C1=C2CN3C1N23,6,0,,0,
C1=C2CN3C2N13,6,0,,0,
C1=C2CN3C=1C23,6,0,,0,
C1=C2CN3C=1N23,6,0,,0,
C1=C2CN3CC123,6,0,,0,
C1=C2CN3NC123,6,0,,0,
C1=C2CN3OC123,6,0,,0,
C1=C2CN=C1C2,6,0,,0,
C1=C2CN=C1N2,6,0,,0,
C1=C2CN=C1O2,6,0,,0,
C1=C2CN=C2C1,6,0,,0,
C1=C2CN=C2N1,6,0,,0,
C1=C2CN=C2O1,6,0,,0,
C1=C2CN=NC12,6,0,,0,
C1=C2CN=NC=12,6,0,,0,
C1=C2CN=NN12,6,0,,0,
C1=C2CNC1=N2,6,0,,0,
C1=C2CNC1C2,6,0,,0,
C1=C2CNC1N2,6,0,,0,
C1=C2CNC1O2,6,0,,0,
C1=C2CNC2=C1,6,0,,0,
C1=C2CNC2=N1,6,0,,0,
C1=C2CNC2C1,6,0,,0,
C1=C2CNC2N1,6,0,,0,
C1=C2CNC2O1,6,0,,0,
C1=C2CNC=1C2,6,0,,0,
C1=C2CNC=1N2,6,0,,0,
C1=C2CNC=1O2,6,0,,0,
C1=C2CNCC12,6,0,,0,
C1=C2CNCC=12,6,0,,0,
C1=C2CNCN12,6,0,,0,
C1=C2CNN1C2,6,0,,0,
C1=C2CNN2C1,6,0,,0,
C1=C2CNN=C12,6,0,,0,
C1=C2CNNC12,6,0,,0,
C1=C2CNNC=12,6,0,,0,
C1=C2CNNN12,6,0,,0,
C1=C2CNOC12,6,0,,0,
C1=C2CNOC=12,6,0,,0,
C1=C2CNON12,6,0,,0,
C1=C2COC1=N2,6,0,,0,
C1=C2COC1C2,6,0,,0,
C1=C2COC1N2,6,0,,0,
C1=C2COC1O2,6,0,,0,
C1=C2COC2=C1,6,0,,0,
C1=C2COC2=N1,6,0,,0,
C1=C2COC2C1,6,0,,0,
C1=C2COC2N1,6,0,,0,
C1=C2COC2O1,6,0,,0,
C1=C2COC=1C2,6,0,,0,
C1=C2COC=1N2,6,0,,0,
C1=C2COC=1O2,6,0,,0,
C1=C2COCC12,6,0,,0,
C1=C2COCC=12,6,0,,0,
C1=C2COCN12,6,0,,0,
C1=C2CON1C2,6,0,,0,
C1=C2CON2C1,6,0,,0,
C1=C2CON=C12,6,0,,0,
C1=C2CONC12,6,0,,0,
C1=C2CONC=12,6,0,,0,
C1=C2CONN12,6,0,,0,
C1=C2COOC12,6,0,,0,
C1=C2COOC=12,6,0,,0,
C1=C2COON12,6,0,,0,
C1=C2N1C1CN21,6,0,,0,
C1=C2N1C1NN21,6,0,,0,
C1=C2N1C1ON21,6,0,,0,
C1=C2N1C21CC1,6,0,,0,
C1=C2N1C21CN1,6,0,,0,
C1=C2N1C21CO1,6,0,,0,
C1=C2N1C21N=N1,6,0,,0,
C1=C2N1C21NN1,6,0,,0,
C1=C2N1C21NO1,6,0,,0,
C1=C2N1C21OO1,6,0,,0,
C1=C2N1N1CN21,6,0,,0,
C1=C2N3C(C1)N23,6,0,,0,
C1=C2N3C(N1)N23,6,0,,0,
C1=C2N3C(O1)N23,6,0,,0,
C1=C2N3C14CC234,6,0,,0,
C1=C2N3C14NC234,6,0,,0,
C1=C2N3C14OC234,6,0,,0,
C1=C2N3C4=C1C243,6,0,,0,
C1=C2N3C4=C3C124,6,0,,0,
C1=C2N3C4C1C243,6,0,,0,
C1=C2N3C4C3C124,6,0,,0,
C1=C2N3C4N1C243,6,0,,0,
C1=C2N3C4N2C143,6,0,,0,
C1=C2N3C4N3C124,6,0,,0,
C1=C2N3CC12C3,6,0,,0,
C1=C2N3CC12N3,6,0,,0,
C1=C2N3CC12O3,6,0,,0,
C1=C2N3CC1N23,6,0,,0,
C1=C2N3CC23C1,6,0,,0,
C1=C2N3CC23N1,6,0,,0,
C1=C2N3CC23O1,6,0,,0,
C1=C2N3CCC123,6,0,,0,
C1=C2N3CN2C13,6,0,,0,
C1=C2N3CNC123,6,0,,0,
C1=C2N3COC123,6,0,,0,
C1=C2N3N4C1C234,6,0,,0,
C1=C2N3N4C=1C234,6,0,,0,
C1=C2N3N4N1C234,6,0,,0,
C1=C2N3N4N2C134,6,0,,0,
C1=C2N3N=NC123,6,0,,0,
C1=C2N3NC12N3,6,0,,0,
C1=C2N3NC12O3,6,0,,0,
C1=C2N3NC1N23,6,0,,0,
C1=C2N3NC23C1,6,0,,0,
C1=C2N3NC23N1,6,0,,0,
C1=C2N3NC23O1,6,0,,0,
C1=C2N3NCC123,6,0,,0,
C1=C2N3NN2C13,6,0,,0,
C1=C2N3NNC123,6,0,,0,
C1=C2N3NOC123,6,0,,0,
C1=C2N3OC12O3,6,0,,0,
C1=C2N3OC1N23,6,0,,0,
C1=C2N3OC23C1,6,0,,0,
C1=C2N3OC23N1,6,0,,0,
C1=C2N3OC23O1,6,0,,0,
C1=C2N3OCC123,6,0,,0,
C1=C2N3ON2C13,6,0,,0,
C1=C2N3ONC123,6,0,,0,
C1=C2N3OOC123,6,0,,0,
C1=C2N=C(C1)N2,6,0,,0,
C1=C2N=C(C1)O2,6,0,,0,
C1=C2N=C1CN2,6,0,,0,
C1=C2N=C1CO2,6,0,,0,
C1=C2N=C1NN2,6,0,,0,
C1=C2N=C1NO2,6,0,,0,
C1=C2N=C1ON2,6,0,,0,
C1=C2N=C1OO2,6,0,,0,
C1=C2N=C2CC1,6,0,,0,
C1=C2N=C2CN1,6,0,,0,
C1=C2N=C2CO1,6,0,,0,
C1=C2N=C2NC1,6,0,,0,
C1=C2N=C2NN1,6,0,,0,
C1=C2N=C2NO1,6,0,,0,
C1=C2N=C2OC1,6,0,,0,
C1=C2N=C2ON1,6,0,,0,
C1=C2N=C2OO1,6,0,,0,
C1=C2N=C3C1C23,6,0,,0,
C1=C2N=C3C1N23,6,0,,0,
C1=C2N=C3C2N13,6,0,,0,
C1=C2N=C3C=1C23,6,0,,0,
C1=C2N=C3CC123,6,0,,0,
C1=C2N=C3NC123,6,0,,0,
C1=C2N=C3OC123,6,0,,0,
C1=C2N=NC1=N2,6,0,,0,
C1=C2N=NC1N2,6,0,,0,
C1=C2N=NC1O2,6,0,,0,
C1=C2N=NC2C1,6,0,,0,
C1=C2N=NC2N1,6,0,,0,
C1=C2N=NC2O1,6,0,,0,
C1=C2N=NCC12,6,0,,0,
C1=C2N=NCN12,6,0,,0,
C1=C2N=NN2C1,6,0,,0,
C1=C2N=NNC12,6,0,,0,
C1=C2N=NNN12,6,0,,0,
C1=C2N=NOC12,6,0,,0,
C1=C2N=NON12,6,0,,0,
C1=C2NC(C1)N2,6,0,,0,
C1=C2NC(C1)O2,6,0,,0,
C1=C2NC(N1)N2,6,0,,0,
C1=C2NC(N1)O2,6,0,,0,
C1=C2NC(N2)O1,6,0,,0,
C1=C2NC(O1)O2,6,0,,0,
C1=C2NC13C=C23,6,0,,0,
C1=C2NC13CC23,6,0,,0,
C1=C2NC13CN23,6,0,,0,
C1=C2NC13N=C23,6,0,,0,
C1=C2NC13NC23,6,0,,0,
C1=C2NC13NN23,6,0,,0,
C1=C2NC13OC23,6,0,,0,
C1=C2NC13ON23,6,0,,0,
C1=C2NC1CO2,6,0,,0,
C1=C2NC1NO2,6,0,,0,
C1=C2NC1OO2,6,0,,0,
C1=C2NC23CC13,6,0,,0,
C1=C2NC23CN13,6,0,,0,
C1=C2NC23N=C13,6,0,,0,
C1=C2NC23NC13,6,0,,0,
C1=C2NC23NC=13,6,0,,0,
C1=C2NC23NN13,6,0,,0,
C1=C2NC23OC13,6,0,,0,
C1=C2NC23OC=13,6,0,,0,
C1=C2NC23ON13,6,0,,0,
C1=C2NC2=CC1,6,0,,0,
C1=C2NC2=NC1,6,0,,0,
C1=C2NC2CC1,6,0,,0,
C1=C2NC2CN1,6,0,,0,
C1=C2NC2CO1,6,0,,0,
C1=C2NC2N=N1,6,0,,0,
C1=C2NC2NC1,6,0,,0,
C1=C2NC2NN1,6,0,,0,
C1=C2NC2NO1,6,0,,0,
C1=C2NC2OC1,6,0,,0,
C1=C2NC2ON1,6,0,,0,
C1=C2NC2OO1,6,0,,0,
C1=C2NC3=C1C23,6,0,,0,
C1=C2NC3=C2C13,6,0,,0,
C1=C2NC3=CC123,6,0,,0,
C1=C2NC3=NC123,6,0,,0,
C1=C2NC3C1=C23,6,0,,0,
C1=C2NC3C1C23,6,0,,0,
C1=C2NC3C1N23,6,0,,0,
C1=C2NC3C2N13,6,0,,0,
C1=C2NC3C=1C23,6,0,,0,
C1=C2NC3C=1N23,6,0,,0,
C1=C2NC3CC123,6,0,,0,
C1=C2NC3NC123,6,0,,0,
C1=C2NC3OC123,6,0,,0,
C1=C2NC=1OO2,6,0,,0,
C1=C2NC=C2N1,6,0,,0,
C1=C2NC=C2O1,6,0,,0,
C1=C2NCC1N2,6,0,,0,
C1=C2NCC1O2,6,0,,0,
C1=C2NCC2=N1,6,0,,0,
C1=C2NCC2C1,6,0,,0,
C1=C2NCC2N1,6,0,,0,
C1=C2NCC2O1,6,0,,0,
C1=C2NCCC12,6,0,,0,
C1=C2NCCN12,6,0,,0,
C1=C2NCN2C1,6,0,,0,
C1=C2NCN=C12,6,0,,0,
C1=C2NCNC12,6,0,,0,
C1=C2NCNC=12,6,0,,0,
C1=C2NCNN12,6,0,,0,
C1=C2NCOC12,6,0,,0,
C1=C2NCOC=12,6,0,,0,
C1=C2NCON12,6,0,,0,
C1=C2NN(C1)N2,6,0,,0,
C1=C2NN(C1)O2,6,0,,0,
C1=C2NN(N1)N2,6,0,,0,
C1=C2NN(N1)O2,6,0,,0,
C1=C2NN(N2)O1,6,0,,0,
C1=C2NN(O1)O2,6,0,,0,
C1=C2NN2CC1,6,0,,0,
C1=C2NN2CN1,6,0,,0,
C1=C2NN2CO1,6,0,,0,
C1=C2NN2NC1,6,0,,0,
C1=C2NN2OC1,6,0,,0,
C1=C2NN3C1C23,6,0,,0,
C1=C2NN3C1N23,6,0,,0,
C1=C2NN3C2N13,6,0,,0,
C1=C2NN3C=1C23,6,0,,0,
C1=C2NN3C=1N23,6,0,,0,
C1=C2NN3CC123,6,0,,0,
C1=C2NN3NC123,6,0,,0,
C1=C2NN3OC123,6,0,,0,
C1=C2NN=C2C1,6,0,,0,
C1=C2NN=C2N1,6,0,,0,
C1=C2NN=C2O1,6,0,,0,
C1=C2NN=NC12,6,0,,0,
C1=C2NN=NN12,6,0,,0,
C1=C2NNC1N2,6,0,,0,
C1=C2NNC1O2,6,0,,0,
C1=C2NNC2C1,6,0,,0,
C1=C2NNC2N1,6,0,,0,
C1=C2NNC2O1,6,0,,0,
C1=C2NNC=1N2,6,0,,0,
C1=C2NNC=1O2,6,0,,0,
C1=C2NNCC12,6,0,,0,
C1=C2NNCN12,6,0,,0,
C1=C2NNN2C1,6,0,,0,
C1=C2NNN=C12,6,0,,0,
C1=C2NNNC12,6,0,,0,
C1=C2NNNC=12,6,0,,0,
C1=C2NNOC12,6,0,,0,
C1=C2NNOC=12,6,0,,0,
C1=C2NOC1N2,6,0,,0,
C1=C2NOC1O2,6,0,,0,
C1=C2NOC2C1,6,0,,0,
C1=C2NOC2N1,6,0,,0,
C1=C2NOC2O1,6,0,,0,
C1=C2NOC=1N2,6,0,,0,
C1=C2NOC=1O2,6,0,,0,
C1=C2NOCC12,6,0,,0,
C1=C2NOCN12,6,0,,0,
C1=C2NON2C1,6,0,,0,
C1=C2NON=C12,6,0,,0,
C1=C2NONC12,6,0,,0,
C1=C2NONC=12,6,0,,0,
C1=C2NOOC12,6,0,,0,
C1=C2NOOC=12,6,0,,0,
C1=C2OC(C1)O2,6,0,,0,
C1=C2OC(N1)O2,6,0,,0,
C1=C2OC(O1)O2,6,0,,0,
C1=C2OC13C=C23,6,0,,0,
C1=C2OC13CC23,6,0,,0,
C1=C2OC13CN23,6,0,,0,
C1=C2OC13N=C23,6,0,,0,
C1=C2OC13NC23,6,0,,0,
C1=C2OC13NN23,6,0,,0,
C1=C2OC13OC23,6,0,,0,
C1=C2OC13ON23,6,0,,0,
C1=C2OC23CC13,6,0,,0,
C1=C2OC23CN13,6,0,,0,
C1=C2OC23N=C13,6,0,,0,
C1=C2OC23NC13,6,0,,0,
C1=C2OC23NN13,6,0,,0,
C1=C2OC23OC13,6,0,,0,
C1=C2OC23OC=13,6,0,,0,
C1=C2OC23ON13,6,0,,0,
C1=C2OC2=CC1,6,0,,0,
C1=C2OC2=NC1,6,0,,0,
C1=C2OC2CC1,6,0,,0,
C1=C2OC2CN1,6,0,,0,
C1=C2OC2CO1,6,0,,0,
C1=C2OC2N=N1,6,0,,0,
C1=C2OC2NC1,6,0,,0,
C1=C2OC2NN1,6,0,,0,
C1=C2OC2NO1,6,0,,0,
C1=C2OC2OC1,6,0,,0,
C1=C2OC2ON1,6,0,,0,
C1=C2OC2OO1,6,0,,0,
C1=C2OC3=C1C23,6,0,,0,
C1=C2OC3=C2C13,6,0,,0,
C1=C2OC3=CC123,6,0,,0,
C1=C2OC3=NC123,6,0,,0,
C1=C2OC3C1=C23,6,0,,0,
C1=C2OC3C1C23,6,0,,0,
C1=C2OC3C1N23,6,0,,0,
C1=C2OC3C2N13,6,0,,0,
C1=C2OC3C=1C23,6,0,,0,
C1=C2OC3C=1N23,6,0,,0,
C1=C2OC3CC123,6,0,,0,
C1=C2OC3NC123,6,0,,0,
C1=C2OC3OC123,6,0,,0,
C1=C2OC=C2O1,6,0,,0,
C1=C2OCC1O2,6,0,,0,
C1=C2OCC2=N1,6,0,,0,
C1=C2OCC2C1,6,0,,0,
C1=C2OCC2N1,6,0,,0,
C1=C2OCC2O1,6,0,,0,
C1=C2OCCC12,6,0,,0,
C1=C2OCCN12,6,0,,0,
C1=C2OCN2C1,6,0,,0,
C1=C2OCN=C12,6,0,,0,
C1=C2OCNC12,6,0,,0,
C1=C2OCNN12,6,0,,0,
C1=C2OCOC12,6,0,,0,
C1=C2OCOC=12,6,0,,0,
C1=C2OCON12,6,0,,0,
C1=C2ON(C1)O2,6,0,,0,
C1=C2ON(N1)O2,6,0,,0,
C1=C2ON(O1)O2,6,0,,0,
C1=C2ON2CC1,6,0,,0,
C1=C2ON2CN1,6,0,,0,
C1=C2ON2CO1,6,0,,0,
C1=C2ON2NC1,6,0,,0,
C1=C2ON2OC1,6,0,,0,
C1=C2ON3C1C23,6,0,,0,
C1=C2ON3C1N23,6,0,,0,
C1=C2ON3C2N13,6,0,,0,
C1=C2ON3C=1C23,6,0,,0,
C1=C2ON3C=1N23,6,0,,0,
C1=C2ON3CC123,6,0,,0,
C1=C2ON3NC123,6,0,,0,
C1=C2ON3OC123,6,0,,0,
C1=C2ON=C2C1,6,0,,0,
C1=C2ON=C2N1,6,0,,0,
C1=C2ON=C2O1,6,0,,0,
C1=C2ON=NC12,6,0,,0,
C1=C2ON=NN12,6,0,,0,
C1=C2ONC1O2,6,0,,0,
C1=C2ONC2C1,6,0,,0,
C1=C2ONC2N1,6,0,,0,
C1=C2ONC2O1,6,0,,0,
C1=C2ONCC12,6,0,,0,
C1=C2ONCN12,6,0,,0,
C1=C2ONN2C1,6,0,,0,
C1=C2ONN=C12,6,0,,0,
C1=C2ONNC12,6,0,,0,
C1=C2ONOC12,6,0,,0,
C1=C2ONOC=12,6,0,,0,
C1=C2OOC1O2,6,0,,0,
C1=C2OOC2C1,6,0,,0,
C1=C2OOC2N1,6,0,,0,
C1=C2OOC2O1,6,0,,0,
C1=C2OOC=1O2,6,0,,0,
C1=C2OOCC12,6,0,,0,
C1=C2OOCN12,6,0,,0,
C1=C2OON2C1,6,0,,0,
C1=C2OON=C12,6,0,,0,
C1=C2OONC12,6,0,,0,
C1=C2OOOC12,6,0,,0,
C1=C2OOOC=12,6,0,,0,
C1=C2n3n(n32)C1,6,0,,0,
C1=C2n3n4n3C124,6,0,,0,
C1=C=C2C#CC=12,6,0,,0,
C1=C=C2C3=C2C=13,6,0,,0,
C1=C=C2C3C=1C23,6,0,,0,
C1=C=C2C3C=1N23,6,0,,0,
C1=C=C2C=C2C=1,6,0,,0,
C1=C=C2C=C2N=1,6,0,,0,
C1=C=C2C=CC=12,6,0,,0,
C1=C=C2CC2=C=1,6,0,,0,
C1=C=C2CC2C=1,6,0,,0,
C1=C=C2CC2N=1,6,0,,0,
C1=C=C2CC=1C2,6,0,,0,
C1=C=C2CC=1N2,6,0,,0,
C1=C=C2CC=1O2,6,0,,0,
C1=C=C2CCC=12,6,0,,0,
C1=C=C2CN2C=1,6,0,,0,
C1=C=C2CN2N=1,6,0,,0,
C1=C=C2N=C2C=1,6,0,,0,
C1=C=C2N=C2N=1,6,0,,0,
C1=C=C2N=CC=12,6,0,,0,
C1=C=C2N=NC=12,6,0,,0,
C1=C=C2NC2=C=1,6,0,,0,
C1=C=C2NC2C=1,6,0,,0,
C1=C=C2NC2N=1,6,0,,0,
C1=C=C2NCC=12,6,0,,0,
C1=C=C2NN2C=1,6,0,,0,
C1=C=C2NN2N=1,6,0,,0,
C1=C=C2OC2=C=1,6,0,,0,
C1=C=C2OC2C=1,6,0,,0,
C1=C=C2OC2N=1,6,0,,0,
C1=C=C2OCC=12,6,0,,0,
C1=C=C2ON2C=1,6,0,,0,
C1=C=C2ON2N=1,6,0,,0,
C1=C=C=C=C=C=1,6,0,,0,
C1=C=C=CC=C=1,6,0,,0,
C1=C=C=NC=C=1,6,0,,0,
C1=C=C=NN=C=1,6,0,,0,
C1=C=CC#CC=1,6,0,,0,
C1=C=CC=CC=1,6,0,,0,
C1=C=CCC=C=1,6,0,,0,
C1=C=CCCC=1,6,0,,0,
C1=C=CCN=C=1,6,0,,0,
C1=C=CN=CC=1,6,0,,0,
C1=C=CN=NC=1,6,0,,0,
C1=C=CNC=C=1,6,0,,0,
C1=C=CNCC=1,6,0,,0,
C1=C=CNN=C=1,6,0,,0,
C1=C=CNNC=1,6,0,,0,
C1=C=COC=C=1,6,0,,0,
C1=C=COCC=1,6,0,,0,
C1=C=CON=C=1,6,0,,0,
C1=C=CONC=1,6,0,,0,
C1=C=COOC=1,6,0,,0,
C1=C=NC#CC=1,6,0,,0,
C1=C=NC#CN=1,6,0,,0,
C1=C=NC=CC=1,6,0,,0,
C1=C=NC=CN=1,6,0,,0,
C1=C=NC=NC=1,6,0,,0,
C1=C=NCCC=1,6,0,,0,
C1=C=NCCN=1,6,0,,0,
C1=C=NCN=C=1,6,0,,0,
C1=C=NCNC=1,6,0,,0,
C1=C=NCOC=1,6,0,,0,
C1=C=NN=CC=1,6,0,,0,
C1=C=NN=CN=1,6,0,,0,
C1=C=NN=NC=1,6,0,,0,
C1=C=NN=NN=1,6,0,,0,
C1=C=NNCC=1,6,0,,0,
C1=C=NNCN=1,6,0,,0,
C1=C=NNN=C=1,6,0,,0,
C1=C=NNNC=1,6,0,,0,
C1=C=NNNN=1,6,0,,0,
C1=C=NNOC=1,6,0,,0,
C1=C=NOCC=1,6,0,,0,
C1=C=NOCN=1,6,0,,0,
C1=C=NON=C=1,6,0,,0,
C1=C=NONC=1,6,0,,0,
C1=C=NONN=1,6,0,,0,
C1=C=NOOC=1,6,0,,0,
C1=C=NOON=1,6,0,,0,
C1=C=c2[nH][nH]c2=1,6,0,,0,
C1=C=c2[nH]c=1[nH]2,6,0,,0,
C1=C=c2[nH]c=1o2,6,0,,0,
C1=C=c2n3c=1n2-3,6,0,,0,
C1=C=c2o[nH]c2=1,6,0,,0,
C1=C=c2oc=1o2,6,0,,0,
C1=C=c2ooc2=1,6,0,,0,
C1=CC#CCC=1,6,0,,0,
C1=CC#CCN=1,6,0,,0,
C1=CC#CNC=1,6,0,,0,
C1=CC#CNN=1,6,0,,0,
C1=CC#COC=1,6,0,,0,
C1=CC#CON=1,6,0,,0,
C1=CC12C1=C2C1,6,0,,0,
C1=CC12C1=C2N1,6,0,,0,
C1=CC12C1=C2O1,6,0,,0,
C1=CC12C1=CC12,6,0,,0,
C1=CC12C1=CN12,6,0,,0,
C1=CC12C1=NC12,6,0,,0,
C1=CC12C1=NN12,6,0,,0,
C1=CC12C1CC12,6,0,,0,
C1=CC12C1CN12,6,0,,0,
C1=CC12C1NC12,6,0,,0,
C1=CC12C1NN12,6,0,,0,
C1=CC12C1OC12,6,0,,0,
C1=CC12C1ON12,6,0,,0,
C1=CC12C=NC2,6,0,,0,
C1=CC12C=NN2,6,0,,0,
C1=CC12C=NO2,6,0,,0,
C1=CC12CC=N2,6,0,,0,
C1=CC12CCC2,6,0,,0,
C1=CC12CCN2,6,0,,0,
C1=CC12CCO2,6,0,,0,
C1=CC12CN=N2,6,0,,0,
C1=CC12CNC2,6,0,,0,
C1=CC12CNN2,6,0,,0,
C1=CC12CNO2,6,0,,0,
C1=CC12COC2,6,0,,0,
C1=CC12CON2,6,0,,0,
C1=CC12COO2,6,0,,0,
C1=CC12N1CN12,6,0,,0,
C1=CC12N=CN2,6,0,,0,
C1=CC12N=CO2,6,0,,0,
C1=CC12N=NN2,6,0,,0,
C1=CC12N=NO2,6,0,,0,
C1=CC12NCN2,6,0,,0,
C1=CC12NCO2,6,0,,0,
C1=CC12NNN2,6,0,,0,
C1=CC12NNO2,6,0,,0,
C1=CC12NON2,6,0,,0,
C1=CC12NOO2,6,0,,0,
C1=CC12OCO2,6,0,,0,
C1=CC12ONO2,6,0,,0,
C1=CC12OOO2,6,0,,0,
C1=CC12n1[nH]n12,6,0,,0,
C1=CC12n1on12,6,0,,0,
C1=CC1=C1C=C1,6,0,,0,
C1=CC1=C1C=N1,6,0,,0,
C1=CC1=C1CC1,6,0,,0,
C1=CC1=C1CN1,6,0,,0,
C1=CC1=C1CO1,6,0,,0,
C1=CC1=C1N=N1,6,0,,0,
C1=CC1=C1NN1,6,0,,0,
C1=CC1=C1NO1,6,0,,0,
C1=CC1=C1OO1,6,0,,0,
C1=CC1C1=CC1,6,0,,0,
C1=CC1C1=CN1,6,0,,0,
C1=CC1C1=CO1,6,0,,0,
C1=CC1C1=NC1,6,0,,0,
C1=CC1C1=NN1,6,0,,0,
C1=CC1C1=NO1,6,0,,0,
C1=CC1C1C=C1,6,0,,0,
C1=CC1C1C=N1,6,0,,0,
C1=CC1C1CC1,6,0,,0,
C1=CC1C1CN1,6,0,,0,
C1=CC1C1CO1,6,0,,0,
C1=CC1C1N=N1,6,0,,0,
C1=CC1C1NN1,6,0,,0,
C1=CC1C1NO1,6,0,,0,
C1=CC1C1OO1,6,0,,0,
C1=CC1N1C=C1,6,0,,0,
C1=CC1N1C=N1,6,0,,0,
C1=CC1N1CC1,6,0,,0,
C1=CC1N1CN1,6,0,,0,
C1=CC1N1CO1,6,0,,0,
C1=CC1N1N=N1,6,0,,0,
C1=CC1n1[nH][nH]1,6,0,,0,
C1=CC1n1[nH]o1,6,0,,0,
C1=CC1n1oo1,6,0,,0,
C1=CC2(C#C2)C=1,6,0,,0,
C1=CC2(C#C2)N=1,6,0,,0,
C1=CC2(C1)CC2,6,0,,0,
C1=CC2(C1)CN2,6,0,,0,
C1=CC2(C1)CO2,6,0,,0,
C1=CC2(C1)N=N2,6,0,,0,
C1=CC2(C1)NN2,6,0,,0,
C1=CC2(C1)NO2,6,0,,0,
C1=CC2(C1)OO2,6,0,,0,
C1=CC2(C=1)C=C2,6,0,,0,
C1=CC2(C=1)C=N2,6,0,,0,
C1=CC2(C=1)CC2,6,0,,0,
C1=CC2(C=1)CN2,6,0,,0,
C1=CC2(C=1)CO2,6,0,,0,
C1=CC2(C=1)N=N2,6,0,,0,
C1=CC2(C=1)NN2,6,0,,0,
C1=CC2(C=1)NO2,6,0,,0,
C1=CC2(C=1)OO2,6,0,,0,
C1=CC2(C=C2)C1,6,0,,0,
C1=CC2(C=C2)N1,6,0,,0,
C1=CC2(C=C2)N=1,6,0,,0,
C1=CC2(C=C2)O1,6,0,,0,
C1=CC2(C=N2)C1,6,0,,0,
C1=CC2(C=N2)N1,6,0,,0,
C1=CC2(C=N2)N=1,6,0,,0,
C1=CC2(C=N2)O1,6,0,,0,
C1=CC2(CC2)N1,6,0,,0,
C1=CC2(CC2)N=1,6,0,,0,
C1=CC2(CC2)O1,6,0,,0,
C1=CC2(CN2)N1,6,0,,0,
C1=CC2(CN2)N=1,6,0,,0,
C1=CC2(CN2)O1,6,0,,0,
C1=CC2(CO2)N1,6,0,,0,
C1=CC2(CO2)N=1,6,0,,0,
C1=CC2(CO2)O1,6,0,,0,
C1=CC2(N1)NN2,6,0,,0,
C1=CC2(N1)NO2,6,0,,0,
C1=CC2(N1)OO2,6,0,,0,
C1=CC2(N=1)N=N2,6,0,,0,
C1=CC2(N=1)NN2,6,0,,0,
C1=CC2(N=1)NO2,6,0,,0,
C1=CC2(N=1)OO2,6,0,,0,
C1=CC2(N=N2)N1,6,0,,0,
C1=CC2(N=N2)O1,6,0,,0,
C1=CC2(NN2)O1,6,0,,0,
C1=CC2(NO2)O1,6,0,,0,
C1=CC2(O1)OO2,6,0,,0,
C1=CC23C4=C2C143,6,0,,0,
C1=CC23C4C2C143,6,0,,0,
C1=CC23C4N2C143,6,0,,0,
C1=CC23C=C2C13,6,0,,0,
C1=CC23C=C2C=13,6,0,,0,
C1=CC23C=C2N13,6,0,,0,
C1=CC23CC12C3,6,0,,0,
C1=CC23CC12N3,6,0,,0,
C1=CC23CC12O3,6,0,,0,
C1=CC23CC2=C13,6,0,,0,
C1=CC23CC2C13,6,0,,0,
C1=CC23CC2C=13,6,0,,0,
C1=CC23CC2N13,6,0,,0,
C1=CC23CN2C13,6,0,,0,
C1=CC23CN2C=13,6,0,,0,
C1=CC23CN2N13,6,0,,0,
C1=CC23N4N2C143,6,0,,0,
C1=CC23N=C2C13,6,0,,0,
C1=CC23N=C2C=13,6,0,,0,
C1=CC23N=C2N13,6,0,,0,
C1=CC23NC12N3,6,0,,0,
C1=CC23NC12O3,6,0,,0,
C1=CC23NC2=C13,6,0,,0,
C1=CC23NC2C13,6,0,,0,
C1=CC23NC2C=13,6,0,,0,
C1=CC23NC2N13,6,0,,0,
C1=CC23NN2C13,6,0,,0,
C1=CC23NN2C=13,6,0,,0,
C1=CC23NN2N13,6,0,,0,
C1=CC23OC12O3,6,0,,0,
C1=CC23OC2=C13,6,0,,0,
C1=CC23OC2C13,6,0,,0,
C1=CC23OC2C=13,6,0,,0,
C1=CC23OC2N13,6,0,,0,
C1=CC23ON2C13,6,0,,0,
C1=CC23ON2C=13,6,0,,0,
C1=CC23ON2N13,6,0,,0,
C1=CC2=C(C1)C2,6,0,,0,
C1=CC2=C(C1)N2,6,0,,0,
C1=CC2=C(C1)O2,6,0,,0,
C1=CC2=C(C2)N=1,6,0,,0,
C1=CC2=C(C=1)C2,6,0,,0,
C1=CC2=C(C=1)N2,6,0,,0,
C1=CC2=C(C=1)O2,6,0,,0,
C1=CC2=C(N=1)N2,6,0,,0,
C1=CC2=C(N=1)O2,6,0,,0,
C1=CC2=C1CC2,6,0,,0,
C1=CC2=C1CN2,6,0,,0,
C1=CC2=C1CO2,6,0,,0,
C1=CC2=C3C=1C23,6,0,,0,
C1=CC2=C3C=1N23,6,0,,0,
C1=CC2=C=C2C=1,6,0,,0,
C1=CC2=C=C2N=1,6,0,,0,
C1=CC2=C=CC=12,6,0,,0,
C1=CC2=CC1=C2,6,0,,0,
C1=CC2=CC2C1,6,0,,0,
C1=CC2=CC2C=1,6,0,,0,
C1=CC2=CC2N1,6,0,,0,
C1=CC2=CC2N=1,6,0,,0,
C1=CC2=CC2O1,6,0,,0,
C1=CC2=CC=1C2,6,0,,0,
C1=CC2=CC=1N2,6,0,,0,
C1=CC2=CC=1O2,6,0,,0,
C1=CC2=CCC=12,6,0,,0,
C1=CC2=CN2C1,6,0,,0,
C1=CC2=CN2C=1,6,0,,0,
C1=CC2=CN2N1,6,0,,0,
C1=CC2=CN2N=1,6,0,,0,
C1=CC2=CN2O1,6,0,,0,
C1=CC2=CNC=12,6,0,,0,
C1=CC2=COC=12,6,0,,0,
C1=CC2=NC1=C2,6,0,,0,
C1=CC2=NC1=N2,6,0,,0,
C1=CC2=NC2C1,6,0,,0,
C1=CC2=NC2C=1,6,0,,0,
C1=CC2=NC2N1,6,0,,0,
C1=CC2=NC2N=1,6,0,,0,
C1=CC2=NC2O1,6,0,,0,
C1=CC2=NC=1C2,6,0,,0,
C1=CC2=NC=1N2,6,0,,0,
C1=CC2=NC=1O2,6,0,,0,
C1=CC2=NCC=12,6,0,,0,
C1=CC2=NN2C1,6,0,,0,
C1=CC2=NN2C=1,6,0,,0,
C1=CC2=NN2N1,6,0,,0,
C1=CC2=NN2N=1,6,0,,0,
C1=CC2=NN2O1,6,0,,0,
C1=CC2=NNC=12,6,0,,0,
C1=CC2=NOC=12,6,0,,0,
C1=CC2C#CC=12,6,0,,0,
C1=CC2C3=C1C32,6,0,,0,
C1=CC2C3=C1N32,6,0,,0,
C1=CC2C3=C2C13,6,0,,0,
C1=CC2C3=C2C=13,6,0,,0,
C1=CC2C3C1C23,6,0,,0,
C1=CC2C3C1N23,6,0,,0,
C1=CC2C3C=1C23,6,0,,0,
C1=CC2C3C=1N23,6,0,,0,
C1=CC2C=C1C2,6,0,,0,
C1=CC2C=C1N2,6,0,,0,
C1=CC2C=C1O2,6,0,,0,
C1=CC2C=C2C1,6,0,,0,
C1=CC2C=C2N1,6,0,,0,
C1=CC2C=C2N=1,6,0,,0,
C1=CC2C=C2O1,6,0,,0,
C1=CC2C=CC12,6,0,,0,
C1=CC2C=CC=12,6,0,,0,
C1=CC2C=NC=12,6,0,,0,
C1=CC2CC1=N2,6,0,,0,
C1=CC2CC1C2,6,0,,0,
C1=CC2CC1N2,6,0,,0,
C1=CC2CC1O2,6,0,,0,
C1=CC2CC2=C1,6,0,,0,
C1=CC2CC2=N1,6,0,,0,
C1=CC2CC2C1,6,0,,0,
C1=CC2CC2C=1,6,0,,0,
C1=CC2CC2N1,6,0,,0,
C1=CC2CC2N=1,6,0,,0,
C1=CC2CC2O1,6,0,,0,
C1=CC2CC=1C2,6,0,,0,
C1=CC2CC=1N2,6,0,,0,
C1=CC2CC=1O2,6,0,,0,
C1=CC2CC=C12,6,0,,0,
C1=CC2CCC12,6,0,,0,
C1=CC2CCC=12,6,0,,0,
C1=CC2CN2C1,6,0,,0,
C1=CC2CN2C=1,6,0,,0,
C1=CC2CN2N1,6,0,,0,
C1=CC2CN2N=1,6,0,,0,
C1=CC2CN2O1,6,0,,0,
C1=CC2CN=C12,6,0,,0,
C1=CC2CNC=12,6,0,,0,
C1=CC2COC=12,6,0,,0,
C1=CC2N3C1N23,6,0,,0,
C1=CC2N3C=1N23,6,0,,0,
C1=CC2N=C1N2,6,0,,0,
C1=CC2N=C1O2,6,0,,0,
C1=CC2N=C2C1,6,0,,0,
C1=CC2N=C2N1,6,0,,0,
C1=CC2N=C2N=1,6,0,,0,
C1=CC2N=C2O1,6,0,,0,
C1=CC2N=CC12,6,0,,0,
C1=CC2N=CC=12,6,0,,0,
C1=CC2N=NC12,6,0,,0,
C1=CC2N=NC=12,6,0,,0,
C1=CC2NC1N2,6,0,,0,
C1=CC2NC1O2,6,0,,0,
C1=CC2NC2=C1,6,0,,0,
C1=CC2NC2=N1,6,0,,0,
C1=CC2NC2C1,6,0,,0,
C1=CC2NC2C=1,6,0,,0,
C1=CC2NC2N1,6,0,,0,
C1=CC2NC2N=1,6,0,,0,
C1=CC2NC2O1,6,0,,0,
C1=CC2NC=1N2,6,0,,0,
C1=CC2NC=1O2,6,0,,0,
C1=CC2NC=C12,6,0,,0,
C1=CC2NCC12,6,0,,0,
C1=CC2NCC=12,6,0,,0,
C1=CC2NN2C1,6,0,,0,
C1=CC2NN2C=1,6,0,,0,
C1=CC2NN2N1,6,0,,0,
C1=CC2NN2N=1,6,0,,0,
C1=CC2NN2O1,6,0,,0,
C1=CC2NN=C12,6,0,,0,
C1=CC2NNC12,6,0,,0,
C1=CC2NNC=12,6,0,,0,
C1=CC2NOC=12,6,0,,0,
C1=CC2OC1O2,6,0,,0,
C1=CC2OC2=C1,6,0,,0,
C1=CC2OC2=N1,6,0,,0,
C1=CC2OC2C1,6,0,,0,
C1=CC2OC2C=1,6,0,,0,
C1=CC2OC2N1,6,0,,0,
C1=CC2OC2N=1,6,0,,0,
C1=CC2OC2O1,6,0,,0,
C1=CC2OC=1O2,6,0,,0,
C1=CC2OC=C12,6,0,,0,
C1=CC2OCC12,6,0,,0,
C1=CC2OCC=12,6,0,,0,
C1=CC2ON2C1,6,0,,0,
C1=CC2ON2C=1,6,0,,0,
C1=CC2ON2N1,6,0,,0,
C1=CC2ON2N=1,6,0,,0,
C1=CC2ON2O1,6,0,,0,
C1=CC2ON=C12,6,0,,0,
C1=CC2ONC12,6,0,,0,
C1=CC2ONC=12,6,0,,0,
C1=CC2OOC12,6,0,,0,
C1=CC2OOC=12,6,0,,0,
C1=CC=1C1=C=C1,6,0,,0,
C1=CC=1C1=C=N1,6,0,,0,
C1=CC=1C1=CC1,6,0,,0,
C1=CC=1C1=CN1,6,0,,0,
C1=CC=1C1=CO1,6,0,,0,
C1=CC=1C1=NC1,6,0,,0,
C1=CC=1C1=NN1,6,0,,0,
C1=CC=1C1=NO1,6,0,,0,
C1=CC=1C1C#C1,6,0,,0,
C1=CC=1C1C=C1,6,0,,0,
C1=CC=1C1C=N1,6,0,,0,
C1=CC=1C1CC1,6,0,,0,
C1=CC=1C1CN1,6,0,,0,
C1=CC=1C1CO1,6,0,,0,
C1=CC=1C1N=N1,6,0,,0,
C1=CC=1C1NN1,6,0,,0,
C1=CC=1C1NO1,6,0,,0,
C1=CC=1C1OO1,6,0,,0,
C1=CC=1N1C#C1,6,0,,0,
C1=CC=1N1C=C1,6,0,,0,
C1=CC=1N1C=N1,6,0,,0,
C1=CC=1N1CC1,6,0,,0,
C1=CC=1N1CN1,6,0,,0,
C1=CC=1N1CO1,6,0,,0,
C1=CC=1N1N=N1,6,0,,0,
C1=CC=1n1[nH][nH]1,6,0,,0,
C1=CC=1n1[nH]o1,6,0,,0,
C1=CC=1n1oo1,6,0,,0,
C1=CC=C2CC=12,6,0,,0,
C1=CC=C2NC=12,6,0,,0,
C1=CC=C2OC=12,6,0,,0,
C1=CC=C=CC=1,6,0,,0,
C1=CC=C=NC=1,6,0,,0,
C1=CC=C=NN=1,6,0,,0,
C1=CC=CCC=1,6,0,,0,
C1=CC=CCN=1,6,0,,0,
C1=CC=CNC=1,6,0,,0,
C1=CC=CNN=1,6,0,,0,
C1=CC=COC=1,6,0,,0,
C1=CC=CON=1,6,0,,0,
C1=CC=NCC=1,6,0,,0,
C1=CC=NCN=1,6,0,,0,
C1=CC=NNC=1,6,0,,0,
C1=CC=NNN=1,6,0,,0,
C1=CC=NOC=1,6,0,,0,
C1=CC=NON=1,6,0,,0,
C1=CCC#CN=1,6,0,,0,
C1=CCC2=CC=12,6,0,,0,
C1=CCC2=NC=12,6,0,,0,
C1=CCC2CC=12,6,0,,0,
C1=CCC2NC=12,6,0,,0,
C1=CCC2OC=12,6,0,,0,
C1=CCC=CC1,6,0,,0,
C1=CCC=CN=1,6,0,,0,
C1=CCC=NC=1,6,0,,0,
C1=CCC=NN=1,6,0,,0,
C1=CCCC=C1,6,0,,0,
C1=CCCCC1,6,0,,0,
C1=CCCCC=1,6,0,,0,
C1=CCCCN=1,6,0,,0,
C1=CCCN=C1,6,0,,0,
C1=CCCNC=1,6,0,,0,
C1=CCCNN=1,6,0,,0,
C1=CCCOC=1,6,0,,0,
C1=CCCON=1,6,0,,0,
C1=CCN2CC=12,6,0,,0,
C1=CCN2NC=12,6,0,,0,
C1=CCN2OC=12,6,0,,0,
C1=CCN=CC1,6,0,,0,
C1=CCN=CN=1,6,0,,0,
C1=CCN=NC1,6,0,,0,
C1=CCN=NC=1,6,0,,0,
C1=CCN=NN=1,6,0,,0,
C1=CCNC=C1,6,0,,0,
C1=CCNCC1,6,0,,0,
C1=CCNCC=1,6,0,,0,
C1=CCNCN=1,6,0,,0,
C1=CCNN=C1,6,0,,0,
C1=CCNNC1,6,0,,0,
C1=CCNNC=1,6,0,,0,
C1=CCNNN=1,6,0,,0,
C1=CCNOC=1,6,0,,0,
C1=CCNON=1,6,0,,0,
C1=CCOC=C1,6,0,,0,
C1=CCOCC1,6,0,,0,
C1=CCOCC=1,6,0,,0,
C1=CCOCN=1,6,0,,0,
C1=CCON=C1,6,0,,0,
C1=CCONC1,6,0,,0,
C1=CCONC=1,6,0,,0,
C1=CCONN=1,6,0,,0,
C1=CCOOC1,6,0,,0,
C1=CCOOC=1,6,0,,0,
C1=CCOON=1,6,0,,0,
C1=CN1C1=CC1,6,0,,0,
C1=CN1C1=CN1,6,0,,0,
C1=CN1C1=CO1,6,0,,0,
C1=CN1C1=NC1,6,0,,0,
C1=CN1C1=NN1,6,0,,0,
C1=CN1C1=NO1,6,0,,0,
C1=CN1C1C=N1,6,0,,0,
C1=CN1C1CC1,6,0,,0,
C1=CN1C1CN1,6,0,,0,
C1=CN1C1CO1,6,0,,0,
C1=CN1C1N=N1,6,0,,0,
C1=CN1C1NN1,6,0,,0,
C1=CN1C1NO1,6,0,,0,
C1=CN1C1OO1,6,0,,0,
C1=CN1N1C=C1,6,0,,0,
C1=CN1N1C=N1,6,0,,0,
C1=CN1N1CC1,6,0,,0,
C1=CN1N1CN1,6,0,,0,
C1=CN1N1CO1,6,0,,0,
C1=CN1N1N=N1,6,0,,0,
C1=CN1n1[nH][nH]1,6,0,,0,
C1=CN1n1[nH]o1,6,0,,0,
C1=CN1n1oo1,6,0,,0,
C1=CN2C#CC=12,6,0,,0,
C1=CN2C3=C2C13,6,0,,0,
C1=CN2C3=C2C=13,6,0,,0,
C1=CN2C3C1C32,6,0,,0,
C1=CN2C3C1N32,6,0,,0,
C1=CN2C3C2N13,6,0,,0,
C1=CN2C3C=1C32,6,0,,0,
C1=CN2C3C=1N32,6,0,,0,
C1=CN2C3N1N32,6,0,,0,
C1=CN2C=C2C1,6,0,,0,
C1=CN2C=C2N1,6,0,,0,
C1=CN2C=C2N=1,6,0,,0,
C1=CN2C=C2O1,6,0,,0,
C1=CN2C=CC12,6,0,,0,
C1=CN2C=CC=12,6,0,,0,
C1=CN2C=NC12,6,0,,0,
C1=CN2C=NC=12,6,0,,0,
C1=CN2CC1C2,6,0,,0,
C1=CN2CC1N2,6,0,,0,
C1=CN2CC1O2,6,0,,0,
C1=CN2CC2C1,6,0,,0,
C1=CN2CC2N1,6,0,,0,
C1=CN2CC2N=1,6,0,,0,
C1=CN2CC2O1,6,0,,0,
C1=CN2CC=1C2,6,0,,0,
C1=CN2CC=1N2,6,0,,0,
C1=CN2CC=1O2,6,0,,0,
C1=CN2CC=C12,6,0,,0,
C1=CN2CCC12,6,0,,0,
C1=CN2CCC=12,6,0,,0,
C1=CN2CN1C2,6,0,,0,
C1=CN2CN1N2,6,0,,0,
C1=CN2CN1O2,6,0,,0,
C1=CN2CN2C1,6,0,,0,
C1=CN2CN2C=1,6,0,,0,
C1=CN2CN2N1,6,0,,0,
C1=CN2CN2N=1,6,0,,0,
C1=CN2CN2O1,6,0,,0,
C1=CN2CN=C12,6,0,,0,
C1=CN2CNC12,6,0,,0,
C1=CN2CNC=12,6,0,,0,
C1=CN2COC12,6,0,,0,
C1=CN2COC=12,6,0,,0,
C1=CN2N=C2C1,6,0,,0,
C1=CN2N=C2N1,6,0,,0,
C1=CN2N=C2N=1,6,0,,0,
C1=CN2N=C2O1,6,0,,0,
C1=CN2N=CC12,6,0,,0,
C1=CN2N=CC=12,6,0,,0,
C1=CN2N=NC12,6,0,,0,
C1=CN2N=NC=12,6,0,,0,
C1=CN2NC1N2,6,0,,0,
C1=CN2NC1O2,6,0,,0,
C1=CN2NC2C1,6,0,,0,
C1=CN2NC2N1,6,0,,0,
C1=CN2NC2N=1,6,0,,0,
C1=CN2NC2O1,6,0,,0,
C1=CN2NC=1N2,6,0,,0,
C1=CN2NC=1O2,6,0,,0,
C1=CN2NCC12,6,0,,0,
C1=CN2NCC=12,6,0,,0,
C1=CN2NN1N2,6,0,,0,
C1=CN2NN1O2,6,0,,0,
C1=CN2NNC12,6,0,,0,
C1=CN2NNC=12,6,0,,0,
C1=CN2NOC12,6,0,,0,
C1=CN2NOC=12,6,0,,0,
C1=CN2OC1O2,6,0,,0,
C1=CN2OC2C1,6,0,,0,
C1=CN2OC2N1,6,0,,0,
C1=CN2OC2N=1,6,0,,0,
C1=CN2OC2O1,6,0,,0,
C1=CN2OC=1O2,6,0,,0,
C1=CN2OCC12,6,0,,0,
C1=CN2OCC=12,6,0,,0,
C1=CN2ON1O2,6,0,,0,
C1=CN2ONC12,6,0,,0,
C1=CN2ONC=12,6,0,,0,
C1=CN2OOC12,6,0,,0,
C1=CN2OOC=12,6,0,,0,
C1=CN=C2CC=12,6,0,,0,
C1=CN=C2NC=12,6,0,,0,
C1=CN=C2OC=12,6,0,,0,
C1=CN=C=CN=1,6,0,,0,
C1=CN=C=NC=1,6,0,,0,
C1=CN=C=NN=1,6,0,,0,
C1=CN=CCC1,6,0,,0,
C1=CN=CCN=1,6,0,,0,
C1=CN=CNC1,6,0,,0,
C1=CN=CNC=1,6,0,,0,
C1=CN=CNN=1,6,0,,0,
C1=CN=COC1,6,0,,0,
C1=CN=COC=1,6,0,,0,
C1=CN=CON=1,6,0,,0,
C1=CN=NCC1,6,0,,0,
C1=CN=NCN=1,6,0,,0,
C1=CN=NNC1,6,0,,0,
C1=CN=NNC=1,6,0,,0,
C1=CN=NNN=1,6,0,,0,
C1=CN=NOC1,6,0,,0,
C1=CN=NOC=1,6,0,,0,
C1=CN=NON=1,6,0,,0,
C1=CNC#CN=1,6,0,,0,
C1=CNC2=CC=12,6,0,,0,
C1=CNC2=NC=12,6,0,,0,
C1=CNC2CC=12,6,0,,0,
C1=CNC2NC=12,6,0,,0,
C1=CNC2OC=12,6,0,,0,
C1=CNC=CC1,6,0,,0,
C1=CNC=CN1,6,0,,0,
C1=CNC=CN=1,6,0,,0,
C1=CNC=NC1,6,0,,0,
C1=CNC=NN=1,6,0,,0,
C1=CNCC=N1,6,0,,0,
C1=CNCCC1,6,0,,0,
C1=CNCCN1,6,0,,0,
C1=CNCCN=1,6,0,,0,
C1=CNCN=C1,6,0,,0,
C1=CNCN=N1,6,0,,0,
C1=CNCNC1,6,0,,0,
C1=CNCNC=1,6,0,,0,
C1=CNCNN=1,6,0,,0,
C1=CNCOC1,6,0,,0,
C1=CNCOC=1,6,0,,0,
C1=CNCON=1,6,0,,0,
C1=CNN2CC=12,6,0,,0,
C1=CNN2NC=12,6,0,,0,
C1=CNN2OC=12,6,0,,0,
C1=CNN=CC1,6,0,,0,
C1=CNN=CN1,6,0,,0,
C1=CNN=CN=1,6,0,,0,
C1=CNN=NC1,6,0,,0,
C1=CNN=NN1,6,0,,0,
C1=CNN=NN=1,6,0,,0,
C1=CNNC=C1,6,0,,0,
C1=CNNC=N1,6,0,,0,
C1=CNNCC1,6,0,,0,
C1=CNNCN1,6,0,,0,
C1=CNNCN=1,6,0,,0,
C1=CNNN=C1,6,0,,0,
C1=CNNN=N1,6,0,,0,
C1=CNNNC1,6,0,,0,
C1=CNNNC=1,6,0,,0,
C1=CNNNN=1,6,0,,0,
C1=CNNOC1,6,0,,0,
C1=CNNOC=1,6,0,,0,
C1=CNNON=1,6,0,,0,
C1=CNOC=C1,6,0,,0,
C1=CNOC=N1,6,0,,0,
C1=CNOCC1,6,0,,0,
C1=CNOCN1,6,0,,0,
C1=CNOCN=1,6,0,,0,
C1=CNON=C1,6,0,,0,
C1=CNON=N1,6,0,,0,
C1=CNONC1,6,0,,0,
C1=CNONC=1,6,0,,0,
C1=CNONN=1,6,0,,0,
C1=CNOOC1,6,0,,0,
C1=CNOOC=1,6,0,,0,
C1=CNOON=1,6,0,,0,
C1=COC#CN=1,6,0,,0,
C1=COC2=CC=12,6,0,,0,
C1=COC2=NC=12,6,0,,0,
C1=COC2CC=12,6,0,,0,
C1=COC2NC=12,6,0,,0,
C1=COC2OC=12,6,0,,0,
C1=COC=CC1,6,0,,0,
C1=COC=CN1,6,0,,0,
C1=COC=CN=1,6,0,,0,
C1=COC=CO1,6,0,,0,
C1=COC=NC1,6,0,,0,
C1=COC=NN1,6,0,,0,
C1=COC=NN=1,6,0,,0,
C1=COCC=N1,6,0,,0,
C1=COCCC1,6,0,,0,
C1=COCCN1,6,0,,0,
C1=COCCN=1,6,0,,0,
C1=COCCO1,6,0,,0,
C1=COCN=C1,6,0,,0,
C1=COCN=N1,6,0,,0,
C1=COCNC1,6,0,,0,
C1=COCNN1,6,0,,0,
C1=COCNN=1,6,0,,0,
C1=COCOC1,6,0,,0,
C1=COCOC=1,6,0,,0,
C1=COCON1,6,0,,0,
C1=COCON=1,6,0,,0,
C1=CON2CC=12,6,0,,0,
C1=CON2NC=12,6,0,,0,
C1=CON2OC=12,6,0,,0,
C1=CON=CC1,6,0,,0,
C1=CON=CN1,6,0,,0,
C1=CON=CN=1,6,0,,0,
C1=CON=CO1,6,0,,0,
C1=CON=NC1,6,0,,0,
C1=CON=NN1,6,0,,0,
C1=CON=NN=1,6,0,,0,
C1=CON=NO1,6,0,,0,
C1=CONC=N1,6,0,,0,
C1=CONCC1,6,0,,0,
C1=CONCN1,6,0,,0,
C1=CONCN=1,6,0,,0,
C1=CONCO1,6,0,,0,
C1=CONN=C1,6,0,,0,
C1=CONN=N1,6,0,,0,
C1=CONNC1,6,0,,0,
C1=CONNN=1,6,0,,0,
C1=CONOC1,6,0,,0,
C1=CONOC=1,6,0,,0,
C1=CONON=1,6,0,,0,
C1=COOC=C1,6,0,,0,
C1=COOC=N1,6,0,,0,
C1=COOCC1,6,0,,0,
C1=COOCN1,6,0,,0,
C1=COOCN=1,6,0,,0,
C1=COOCO1,6,0,,0,
C1=COON=C1,6,0,,0,
C1=COON=N1,6,0,,0,
C1=COONC1,6,0,,0,
C1=COONN=1,6,0,,0,
C1=COOOC1,6,0,,0,
C1=COOOC=1,6,0,,0,
C1=COOON=1,6,0,,0,
C1=Cc2[nH][nH]c21,6,0,,0,
C1=Cc2o[nH]c21,6,0,,0,
C1=Cc2ooc21,6,0,,0,
C1=Cn2[nH]cc21,6,0,,0,
C1=Cn2[nH]n2C1,6,0,,0,
C1=Cn2[nH]n2C=1,6,0,,0,
C1=Cn2[nH]n2N=1,6,0,,0,
C1=Cn2[nH]nc21,6,0,,0,
C1=Cn2c3c2n31,6,0,,0,
C1=Cn2n3n2C13,6,0,,0,
C1=Cn2n3n2C=13,6,0,,0,
C1=Cn2occ21,6,0,,0,
C1=Cn2on2C1,6,0,,0,
C1=Cn2on2C=1,6,0,,0,
C1=Cn2on2N=1,6,0,,0,
C1=Cn2onc21,6,0,,0,
C1=NC#CCN=1,6,0,,0,
C1=NC#CNN=1,6,0,,0,
C1=NC#CON=1,6,0,,0,
C1=NC12C1=C2C1,6,0,,0,
C1=NC12C1=C2N1,6,0,,0,
C1=NC12C1=C2O1,6,0,,0,
C1=NC12C1=CC12,6,0,,0,
C1=NC12C1=CN12,6,0,,0,
C1=NC12C1=NC12,6,0,,0,
C1=NC12C1=NN12,6,0,,0,
C1=NC12C1CC12,6,0,,0,
C1=NC12C1CN12,6,0,,0,
C1=NC12C1NC12,6,0,,0,
C1=NC12C1NN12,6,0,,0,
C1=NC12C1OC12,6,0,,0,
C1=NC12C1ON12,6,0,,0,
C1=NC12CCC2,6,0,,0,
C1=NC12CCN2,6,0,,0,
C1=NC12CCO2,6,0,,0,
C1=NC12CN=N2,6,0,,0,
C1=NC12CNC2,6,0,,0,
C1=NC12CNN2,6,0,,0,
C1=NC12CNO2,6,0,,0,
C1=NC12COC2,6,0,,0,
C1=NC12CON2,6,0,,0,
C1=NC12COO2,6,0,,0,
C1=NC12N1CN12,6,0,,0,
C1=NC12N=NN2,6,0,,0,
C1=NC12N=NO2,6,0,,0,
C1=NC12NCN2,6,0,,0,
C1=NC12NCO2,6,0,,0,
C1=NC12NNN2,6,0,,0,
C1=NC12NNO2,6,0,,0,
C1=NC12NON2,6,0,,0,
C1=NC12NOO2,6,0,,0,
C1=NC12OCO2,6,0,,0,
C1=NC12ONO2,6,0,,0,
C1=NC12OOO2,6,0,,0,
C1=NC12n1[nH]n12,6,0,,0,
C1=NC12n1on12,6,0,,0,
C1=NC1=C1C=N1,6,0,,0,
C1=NC1=C1CC1,6,0,,0,
C1=NC1=C1CN1,6,0,,0,
C1=NC1=C1CO1,6,0,,0,
C1=NC1=C1N=N1,6,0,,0,
C1=NC1=C1NN1,6,0,,0,
C1=NC1=C1NO1,6,0,,0,
C1=NC1=C1OO1,6,0,,0,
C1=NC1C1=CC1,6,0,,0,
C1=NC1C1=CN1,6,0,,0,
C1=NC1C1=CO1,6,0,,0,
C1=NC1C1=NC1,6,0,,0,
C1=NC1C1=NN1,6,0,,0,
C1=NC1C1=NO1,6,0,,0,
C1=NC1C1C=N1,6,0,,0,
C1=NC1C1CC1,6,0,,0,
C1=NC1C1CN1,6,0,,0,
C1=NC1C1CO1,6,0,,0,
C1=NC1C1N=N1,6,0,,0,
C1=NC1C1NN1,6,0,,0,
C1=NC1C1NO1,6,0,,0,
C1=NC1C1OO1,6,0,,0,
C1=NC1N1C=N1,6,0,,0,
C1=NC1N1CC1,6,0,,0,
C1=NC1N1CN1,6,0,,0,
C1=NC1N1CO1,6,0,,0,
C1=NC1N1N=N1,6,0,,0,
C1=NC1n1[nH][nH]1,6,0,,0,
C1=NC1n1[nH]o1,6,0,,0,
C1=NC1n1oo1,6,0,,0,
C1=NC2(C#C2)N=1,6,0,,0,
C1=NC2(C1)CC2,6,0,,0,
C1=NC2(C1)CN2,6,0,,0,
C1=NC2(C1)CO2,6,0,,0,
C1=NC2(C1)N=N2,6,0,,0,
C1=NC2(C1)NN2,6,0,,0,
C1=NC2(C1)NO2,6,0,,0,
C1=NC2(C1)OO2,6,0,,0,
C1=NC2(C=C2)N=1,6,0,,0,
C1=NC2(C=N2)C1,6,0,,0,
C1=NC2(C=N2)N1,6,0,,0,
C1=NC2(C=N2)N=1,6,0,,0,
C1=NC2(C=N2)O1,6,0,,0,
C1=NC2(CC2)N1,6,0,,0,
C1=NC2(CC2)N=1,6,0,,0,
C1=NC2(CC2)O1,6,0,,0,
C1=NC2(CN2)N1,6,0,,0,
C1=NC2(CN2)N=1,6,0,,0,
C1=NC2(CN2)O1,6,0,,0,
C1=NC2(CO2)N1,6,0,,0,
C1=NC2(CO2)N=1,6,0,,0,
C1=NC2(CO2)O1,6,0,,0,
C1=NC2(N1)NN2,6,0,,0,
C1=NC2(N1)NO2,6,0,,0,
C1=NC2(N1)OO2,6,0,,0,
C1=NC2(N=1)N=N2,6,0,,0,
C1=NC2(N=1)NN2,6,0,,0,
C1=NC2(N=1)NO2,6,0,,0,
C1=NC2(N=1)OO2,6,0,,0,
C1=NC2(N=N2)N1,6,0,,0,
C1=NC2(N=N2)O1,6,0,,0,
C1=NC2(NN2)O1,6,0,,0,
C1=NC2(NO2)O1,6,0,,0,
C1=NC2(O1)OO2,6,0,,0,
C1=NC23C4=C2C143,6,0,,0,
C1=NC23C4C2C143,6,0,,0,
C1=NC23C4N2C143,6,0,,0,
C1=NC23C=C2C13,6,0,,0,
C1=NC23C=C2C=13,6,0,,0,
C1=NC23C=C2N13,6,0,,0,
C1=NC23CC12C3,6,0,,0,
C1=NC23CC12N3,6,0,,0,
C1=NC23CC12O3,6,0,,0,
C1=NC23CC2=C13,6,0,,0,
C1=NC23CC2C13,6,0,,0,
C1=NC23CC2C=13,6,0,,0,
C1=NC23CC2N13,6,0,,0,
C1=NC23CN2C13,6,0,,0,
C1=NC23CN2C=13,6,0,,0,
C1=NC23CN2N13,6,0,,0,
C1=NC23N4N2C143,6,0,,0,
C1=NC23N=C2C13,6,0,,0,
C1=NC23N=C2C=13,6,0,,0,
C1=NC23N=C2N13,6,0,,0,
C1=NC23NC12N3,6,0,,0,
C1=NC23NC12O3,6,0,,0,
C1=NC23NC2=C13,6,0,,0,
C1=NC23NC2C13,6,0,,0,
C1=NC23NC2C=13,6,0,,0,
C1=NC23NC2N13,6,0,,0,
C1=NC23NN2C13,6,0,,0,
C1=NC23NN2C=13,6,0,,0,
C1=NC23NN2N13,6,0,,0,
C1=NC23OC12O3,6,0,,0,
C1=NC23OC2=C13,6,0,,0,
C1=NC23OC2C13,6,0,,0,
C1=NC23OC2C=13,6,0,,0,
C1=NC23OC2N13,6,0,,0,
C1=NC23ON2C13,6,0,,0,
C1=NC23ON2C=13,6,0,,0,
C1=NC23ON2N13,6,0,,0,
C1=NC2=C(C1)C2,6,0,,0,
C1=NC2=C(C1)N2,6,0,,0,
C1=NC2=C(C1)O2,6,0,,0,
C1=NC2=C(C2)N=1,6,0,,0,
C1=NC2=C(N=1)N2,6,0,,0,
C1=NC2=C(N=1)O2,6,0,,0,
C1=NC2=C1CC2,6,0,,0,
C1=NC2=C1CN2,6,0,,0,
C1=NC2=C1CO2,6,0,,0,
C1=NC2=C1NC2,6,0,,0,
C1=NC2=C1OC2,6,0,,0,
C1=NC2=C3C1C23,6,0,,0,
C1=NC2=C3C1N23,6,0,,0,
C1=NC2=C3C=1C23,6,0,,0,
C1=NC2=C3C=1N23,6,0,,0,
C1=NC2=C3CC132,6,0,,0,
C1=NC2=C3NC123,6,0,,0,
C1=NC2=C3OC123,6,0,,0,
C1=NC2=C=C2N=1,6,0,,0,
C1=NC2=C=CC=12,6,0,,0,
C1=NC2=C=NC=12,6,0,,0,
C1=NC2=CC1=C2,6,0,,0,
C1=NC2=CC1=N2,6,0,,0,
C1=NC2=CC1C2,6,0,,0,
C1=NC2=CC1N2,6,0,,0,
C1=NC2=CC1O2,6,0,,0,
C1=NC2=CC2C1,6,0,,0,
C1=NC2=CC2N1,6,0,,0,
C1=NC2=CC2N=1,6,0,,0,
C1=NC2=CC2O1,6,0,,0,
C1=NC2=CC=1C2,6,0,,0,
C1=NC2=CC=1N2,6,0,,0,
C1=NC2=CC=1O2,6,0,,0,
C1=NC2=CCC12,6,0,,0,
C1=NC2=CCC=12,6,0,,0,
C1=NC2=CCN12,6,0,,0,
C1=NC2=CN2C1,6,0,,0,
C1=NC2=CN2N1,6,0,,0,
C1=NC2=CN2N=1,6,0,,0,
C1=NC2=CN2O1,6,0,,0,
C1=NC2=CNC12,6,0,,0,
C1=NC2=CNC=12,6,0,,0,
C1=NC2=COC12,6,0,,0,
C1=NC2=COC=12,6,0,,0,
C1=NC2=NC1=C2,6,0,,0,
C1=NC2=NC1=N2,6,0,,0,
C1=NC2=NC1C2,6,0,,0,
C1=NC2=NC1N2,6,0,,0,
C1=NC2=NC1O2,6,0,,0,
C1=NC2=NC2C1,6,0,,0,
C1=NC2=NC2N1,6,0,,0,
C1=NC2=NC2N=1,6,0,,0,
C1=NC2=NC2O1,6,0,,0,
C1=NC2=NC=1C2,6,0,,0,
C1=NC2=NC=1N2,6,0,,0,
C1=NC2=NC=1O2,6,0,,0,
C1=NC2=NCC12,6,0,,0,
C1=NC2=NCC=12,6,0,,0,
C1=NC2=NCN12,6,0,,0,
C1=NC2=NN2C1,6,0,,0,
C1=NC2=NN2N1,6,0,,0,
C1=NC2=NN2N=1,6,0,,0,
C1=NC2=NN2O1,6,0,,0,
C1=NC2=NNC12,6,0,,0,
C1=NC2=NNC=12,6,0,,0,
C1=NC2=NOC12,6,0,,0,
C1=NC2=NOC=12,6,0,,0,
C1=NC2C#CC=12,6,0,,0,
C1=NC2C3=C1C32,6,0,,0,
C1=NC2C3=C1N32,6,0,,0,
C1=NC2C3=C2C13,6,0,,0,
C1=NC2C3=C2C=13,6,0,,0,
C1=NC2C3=C2N13,6,0,,0,
C1=NC2C3=CC132,6,0,,0,
C1=NC2C3=NC132,6,0,,0,
C1=NC2C3C1C23,6,0,,0,
C1=NC2C3C1N23,6,0,,0,
C1=NC2C3C2N13,6,0,,0,
C1=NC2C3C=1C23,6,0,,0,
C1=NC2C3C=1N23,6,0,,0,
C1=NC2C3CC132,6,0,,0,
C1=NC2C3N1N23,6,0,,0,
C1=NC2C3NC123,6,0,,0,
C1=NC2C3OC123,6,0,,0,
C1=NC2C=C1C2,6,0,,0,
C1=NC2C=C1N2,6,0,,0,
C1=NC2C=C1O2,6,0,,0,
C1=NC2C=C2C1,6,0,,0,
C1=NC2C=C2N1,6,0,,0,
C1=NC2C=C2O1,6,0,,0,
C1=NC2C=CC=12,6,0,,0,
C1=NC2C=NC12,6,0,,0,
C1=NC2C=NC=12,6,0,,0,
C1=NC2C=NN12,6,0,,0,
C1=NC2CC1=N2,6,0,,0,
C1=NC2CC1C2,6,0,,0,
C1=NC2CC1N2,6,0,,0,
C1=NC2CC1O2,6,0,,0,
C1=NC2CC2=C1,6,0,,0,
C1=NC2CC2=N1,6,0,,0,
C1=NC2CC2C1,6,0,,0,
C1=NC2CC2N1,6,0,,0,
C1=NC2CC2N=1,6,0,,0,
C1=NC2CC2O1,6,0,,0,
C1=NC2CC=1C2,6,0,,0,
C1=NC2CC=1N2,6,0,,0,
C1=NC2CC=1O2,6,0,,0,
C1=NC2CC=C12,6,0,,0,
C1=NC2CCC12,6,0,,0,
C1=NC2CCC=12,6,0,,0,
C1=NC2CCN12,6,0,,0,
C1=NC2CN1C2,6,0,,0,
C1=NC2CN1N2,6,0,,0,
C1=NC2CN1O2,6,0,,0,
C1=NC2CN2C1,6,0,,0,
C1=NC2CN2N1,6,0,,0,
C1=NC2CN2N=1,6,0,,0,
C1=NC2CN2O1,6,0,,0,
C1=NC2CN=C12,6,0,,0,
C1=NC2CNC12,6,0,,0,
C1=NC2CNC=12,6,0,,0,
C1=NC2CNN12,6,0,,0,
C1=NC2COC12,6,0,,0,
C1=NC2COC=12,6,0,,0,
C1=NC2CON12,6,0,,0,
C1=NC2N3C1N23,6,0,,0,
C1=NC2N3C=1N23,6,0,,0,
C1=NC2N3CC123,6,0,,0,
C1=NC2N3NC123,6,0,,0,
C1=NC2N3OC123,6,0,,0,
C1=NC2N=C1N2,6,0,,0,
C1=NC2N=C1O2,6,0,,0,
C1=NC2N=C2C1,6,0,,0,
C1=NC2N=C2N1,6,0,,0,
C1=NC2N=C2O1,6,0,,0,
C1=NC2N=CC12,6,0,,0,
C1=NC2N=CC=12,6,0,,0,
C1=NC2N=CN12,6,0,,0,
C1=NC2N=NC12,6,0,,0,
C1=NC2N=NC=12,6,0,,0,
C1=NC2N=NN12,6,0,,0,
C1=NC2NC1N2,6,0,,0,
C1=NC2NC1O2,6,0,,0,
C1=NC2NC2=C1,6,0,,0,
C1=NC2NC2=N1,6,0,,0,
C1=NC2NC2C1,6,0,,0,
C1=NC2NC2N1,6,0,,0,
C1=NC2NC2N=1,6,0,,0,
C1=NC2NC2O1,6,0,,0,
C1=NC2NC=1N2,6,0,,0,
C1=NC2NC=1O2,6,0,,0,
C1=NC2NC=C12,6,0,,0,
C1=NC2NCC12,6,0,,0,
C1=NC2NCC=12,6,0,,0,
C1=NC2NCN12,6,0,,0,
C1=NC2NN1N2,6,0,,0,
C1=NC2NN1O2,6,0,,0,
C1=NC2NN2C1,6,0,,0,
C1=NC2NN2N1,6,0,,0,
C1=NC2NN2N=1,6,0,,0,
C1=NC2NN2O1,6,0,,0,
C1=NC2NN=C12,6,0,,0,
C1=NC2NNC12,6,0,,0,
C1=NC2NNC=12,6,0,,0,
C1=NC2NNN12,6,0,,0,
C1=NC2NOC12,6,0,,0,
C1=NC2NOC=12,6,0,,0,
C1=NC2NON12,6,0,,0,
C1=NC2OC1O2,6,0,,0,
C1=NC2OC2=C1,6,0,,0,
C1=NC2OC2=N1,6,0,,0,
C1=NC2OC2C1,6,0,,0,
C1=NC2OC2N1,6,0,,0,
C1=NC2OC2N=1,6,0,,0,
C1=NC2OC2O1,6,0,,0,
C1=NC2OC=1O2,6,0,,0,
C1=NC2OC=C12,6,0,,0,
C1=NC2OCC12,6,0,,0,
C1=NC2OCC=12,6,0,,0,
C1=NC2OCN12,6,0,,0,
C1=NC2ON1O2,6,0,,0,
C1=NC2ON2C1,6,0,,0,
C1=NC2ON2N1,6,0,,0,
C1=NC2ON2N=1,6,0,,0,
C1=NC2ON2O1,6,0,,0,
C1=NC2ON=C12,6,0,,0,
C1=NC2ONC12,6,0,,0,
C1=NC2ONC=12,6,0,,0,
C1=NC2ONN12,6,0,,0,
C1=NC2OOC12,6,0,,0,
C1=NC2OOC=12,6,0,,0,
C1=NC2OON12,6,0,,0,
C1=NC2n3n1n32,6,0,,0,
C1=NC=1C1=C=N1,6,0,,0,
C1=NC=1C1=CC1,6,0,,0,
C1=NC=1C1=CN1,6,0,,0,
C1=NC=1C1=CO1,6,0,,0,
C1=NC=1C1=NC1,6,0,,0,
C1=NC=1C1=NN1,6,0,,0,
C1=NC=1C1=NO1,6,0,,0,
C1=NC=1C1C#C1,6,0,,0,
C1=NC=1C1C=C1,6,0,,0,
C1=NC=1C1C=N1,6,0,,0,
C1=NC=1C1CC1,6,0,,0,
C1=NC=1C1CN1,6,0,,0,
C1=NC=1C1CO1,6,0,,0,
C1=NC=1C1N=N1,6,0,,0,
C1=NC=1C1NN1,6,0,,0,
C1=NC=1C1NO1,6,0,,0,
C1=NC=1C1OO1,6,0,,0,
C1=NC=1N1C#C1,6,0,,0,
C1=NC=1N1C=C1,6,0,,0,
C1=NC=1N1C=N1,6,0,,0,
C1=NC=1N1CC1,6,0,,0,
C1=NC=1N1CN1,6,0,,0,
C1=NC=1N1CO1,6,0,,0,
C1=NC=1N1N=N1,6,0,,0,
C1=NC=1n1[nH][nH]1,6,0,,0,
C1=NC=1n1[nH]o1,6,0,,0,
C1=NC=1n1oo1,6,0,,0,
C1=NC=C2CC12,6,0,,0,
C1=NC=C2CC=12,6,0,,0,
C1=NC=C2NC12,6,0,,0,
C1=NC=C2NC=12,6,0,,0,
C1=NC=C2OC12,6,0,,0,
C1=NC=C2OC=12,6,0,,0,
C1=NC=CCN=1,6,0,,0,
C1=NC=CNN=1,6,0,,0,
C1=NC=CON=1,6,0,,0,
C1=NC=NCC1,6,0,,0,
C1=NC=NCN1,6,0,,0,
C1=NC=NCN=1,6,0,,0,
C1=NC=NCO1,6,0,,0,
C1=NC=NNC1,6,0,,0,
C1=NC=NNN1,6,0,,0,
C1=NC=NNN=1,6,0,,0,
C1=NC=NNO1,6,0,,0,
C1=NC=NOC1,6,0,,0,
C1=NC=NON1,6,0,,0,
C1=NC=NON=1,6,0,,0,
C1=NC=NOO1,6,0,,0,
C1=NCC12C=N2,6,0,,0,
C1=NCC12CC2,6,0,,0,
C1=NCC12CN2,6,0,,0,
C1=NCC12CO2,6,0,,0,
C1=NCC12N=N2,6,0,,0,
C1=NCC12NN2,6,0,,0,
C1=NCC12NO2,6,0,,0,
C1=NCC12OO2,6,0,,0,
C1=NCC2=C1C2,6,0,,0,
C1=NCC2=C1N2,6,0,,0,
C1=NCC2=C1O2,6,0,,0,
C1=NCC2=CC12,6,0,,0,
C1=NCC2=CC=12,6,0,,0,
C1=NCC2=CN12,6,0,,0,
C1=NCC2=NC12,6,0,,0,
C1=NCC2=NC=12,6,0,,0,
C1=NCC2=NN12,6,0,,0,
C1=NCC2C=C12,6,0,,0,
C1=NCC2CC12,6,0,,0,
C1=NCC2CC=12,6,0,,0,
C1=NCC2CN12,6,0,,0,
C1=NCC2N=C12,6,0,,0,
C1=NCC2NC12,6,0,,0,
C1=NCC2NC=12,6,0,,0,
C1=NCC2NN12,6,0,,0,
C1=NCC2OC12,6,0,,0,
C1=NCC2OC=12,6,0,,0,
C1=NCC2ON12,6,0,,0,
C1=NCC=NC1,6,0,,0,
C1=NCC=NN1,6,0,,0,
C1=NCC=NN=1,6,0,,0,
C1=NCC=NO1,6,0,,0,
C1=NCCCC1,6,0,,0,
C1=NCCCN1,6,0,,0,
C1=NCCCN=1,6,0,,0,
C1=NCCCO1,6,0,,0,
C1=NCCN=C1,6,0,,0,
C1=NCCN=N1,6,0,,0,
C1=NCCNC1,6,0,,0,
C1=NCCNN1,6,0,,0,
C1=NCCNN=1,6,0,,0,
C1=NCCNO1,6,0,,0,
C1=NCCOC1,6,0,,0,
C1=NCCON1,6,0,,0,
C1=NCCON=1,6,0,,0,
C1=NCCOO1,6,0,,0,
C1=NCN2C=C12,6,0,,0,
C1=NCN2CC12,6,0,,0,
C1=NCN2CC=12,6,0,,0,
C1=NCN2CN12,6,0,,0,
C1=NCN2N=C12,6,0,,0,
C1=NCN2NC12,6,0,,0,
C1=NCN2NC=12,6,0,,0,
C1=NCN2OC12,6,0,,0,
C1=NCN2OC=12,6,0,,0,
C1=NCN=CC1,6,0,,0,
C1=NCN=CN1,6,0,,0,
C1=NCN=CO1,6,0,,0,
C1=NCN=NC1,6,0,,0,
C1=NCN=NN1,6,0,,0,
C1=NCN=NN=1,6,0,,0,
C1=NCN=NO1,6,0,,0,
C1=NCNCC1,6,0,,0,
C1=NCNCN1,6,0,,0,
C1=NCNCN=1,6,0,,0,
C1=NCNCO1,6,0,,0,
C1=NCNN=C1,6,0,,0,
C1=NCNN=N1,6,0,,0,
C1=NCNNC1,6,0,,0,
C1=NCNNN1,6,0,,0,
C1=NCNNN=1,6,0,,0,
C1=NCNNO1,6,0,,0,
C1=NCNOC1,6,0,,0,
C1=NCNON1,6,0,,0,
C1=NCNON=1,6,0,,0,
C1=NCNOO1,6,0,,0,
C1=NCOCC1,6,0,,0,
C1=NCOCN1,6,0,,0,
C1=NCOCN=1,6,0,,0,
C1=NCOCO1,6,0,,0,
C1=NCON=C1,6,0,,0,
C1=NCON=N1,6,0,,0,
C1=NCONC1,6,0,,0,
C1=NCONN1,6,0,,0,
C1=NCONN=1,6,0,,0,
C1=NCONO1,6,0,,0,
C1=NCOOC1,6,0,,0,
C1=NCOON1,6,0,,0,
C1=NCOON=1,6,0,,0,
C1=NCOOO1,6,0,,0,
C1=NCn2[nH]n21,6,0,,0,
C1=NCn2on21,6,0,,0,
C1=NN1C1=CC1,6,0,,0,
C1=NN1C1=CN1,6,0,,0,
C1=NN1C1=CO1,6,0,,0,
C1=NN1C1=NC1,6,0,,0,
C1=NN1C1=NN1,6,0,,0,
C1=NN1C1=NO1,6,0,,0,
C1=NN1C1CC1,6,0,,0,
C1=NN1C1CN1,6,0,,0,
C1=NN1C1CO1,6,0,,0,
C1=NN1C1N=N1,6,0,,0,
C1=NN1C1NN1,6,0,,0,
C1=NN1C1NO1,6,0,,0,
C1=NN1C1OO1,6,0,,0,
C1=NN1N1C=N1,6,0,,0,
C1=NN1N1CC1,6,0,,0,
C1=NN1N1CN1,6,0,,0,
C1=NN1N1CO1,6,0,,0,
C1=NN1N1N=N1,6,0,,0,
C1=NN1n1[nH][nH]1,6,0,,0,
C1=NN1n1[nH]o1,6,0,,0,
C1=NN1n1oo1,6,0,,0,
C1=NN2C#CC=12,6,0,,0,
C1=NN2C3=C2C13,6,0,,0,
C1=NN2C3=C2C=13,6,0,,0,
C1=NN2C3=CC132,6,0,,0,
C1=NN2C3=NC132,6,0,,0,
C1=NN2C3C1C32,6,0,,0,
C1=NN2C3C1N32,6,0,,0,
C1=NN2C3C2N13,6,0,,0,
C1=NN2C3C=1C32,6,0,,0,
C1=NN2C3C=1N32,6,0,,0,
C1=NN2C3CC132,6,0,,0,
C1=NN2C3N1N32,6,0,,0,
C1=NN2C3NC132,6,0,,0,
C1=NN2C3OC132,6,0,,0,
C1=NN2C=C2C1,6,0,,0,
C1=NN2C=C2N1,6,0,,0,
C1=NN2C=C2O1,6,0,,0,
C1=NN2C=CC=12,6,0,,0,
C1=NN2C=NC=12,6,0,,0,
C1=NN2CC1C2,6,0,,0,
C1=NN2CC1N2,6,0,,0,
C1=NN2CC1O2,6,0,,0,
C1=NN2CC2C1,6,0,,0,
C1=NN2CC2N1,6,0,,0,
C1=NN2CC2O1,6,0,,0,
C1=NN2CC=1C2,6,0,,0,
C1=NN2CC=1N2,6,0,,0,
C1=NN2CC=1O2,6,0,,0,
C1=NN2CC=C12,6,0,,0,
C1=NN2CCC12,6,0,,0,
C1=NN2CCC=12,6,0,,0,
C1=NN2CN1C2,6,0,,0,
C1=NN2CN1N2,6,0,,0,
C1=NN2CN1O2,6,0,,0,
C1=NN2CN2C1,6,0,,0,
C1=NN2CN2N1,6,0,,0,
C1=NN2CN2N=1,6,0,,0,
C1=NN2CN2O1,6,0,,0,
C1=NN2CN=C12,6,0,,0,
C1=NN2CNC12,6,0,,0,
C1=NN2CNC=12,6,0,,0,
C1=NN2COC12,6,0,,0,
C1=NN2COC=12,6,0,,0,
C1=NN2N3CC132,6,0,,0,
C1=NN2N3NC123,6,0,,0,
C1=NN2N3OC123,6,0,,0,
C1=NN2N=C2C1,6,0,,0,
C1=NN2N=C2N1,6,0,,0,
C1=NN2N=C2O1,6,0,,0,
C1=NN2N=CC12,6,0,,0,
C1=NN2N=CC=12,6,0,,0,
C1=NN2N=NC12,6,0,,0,
C1=NN2N=NC=12,6,0,,0,
C1=NN2NC1N2,6,0,,0,
C1=NN2NC1O2,6,0,,0,
C1=NN2NC2C1,6,0,,0,
C1=NN2NC2N1,6,0,,0,
C1=NN2NC2O1,6,0,,0,
C1=NN2NC=1N2,6,0,,0,
C1=NN2NC=1O2,6,0,,0,
C1=NN2NCC12,6,0,,0,
C1=NN2NCC=12,6,0,,0,
C1=NN2NN1N2,6,0,,0,
C1=NN2NN1O2,6,0,,0,
C1=NN2NNC12,6,0,,0,
C1=NN2NNC=12,6,0,,0,
C1=NN2NOC12,6,0,,0,
C1=NN2NOC=12,6,0,,0,
C1=NN2OC1O2,6,0,,0,
C1=NN2OC2C1,6,0,,0,
C1=NN2OC2N1,6,0,,0,
C1=NN2OC2O1,6,0,,0,
C1=NN2OC=1O2,6,0,,0,
C1=NN2OCC12,6,0,,0,
C1=NN2OCC=12,6,0,,0,
C1=NN2ON1O2,6,0,,0,
C1=NN2ONC12,6,0,,0,
C1=NN2ONC=12,6,0,,0,
C1=NN2OOC12,6,0,,0,
C1=NN2OOC=12,6,0,,0,
C1=NN=C2CC12,6,0,,0,
C1=NN=C2CC=12,6,0,,0,
C1=NN=C2NC12,6,0,,0,
C1=NN=C2NC=12,6,0,,0,
C1=NN=C2OC12,6,0,,0,
C1=NN=C2OC=12,6,0,,0,
C1=NN=C=NN=1,6,0,,0,
C1=NN=CCC1,6,0,,0,
C1=NN=CNC1,6,0,,0,
C1=NN=CNN1,6,0,,0,
C1=NN=CNN=1,6,0,,0,
C1=NN=COC1,6,0,,0,
C1=NN=CON1,6,0,,0,
C1=NN=CON=1,6,0,,0,
C1=NN=COO1,6,0,,0,
C1=NN=NCC1,6,0,,0,
C1=NN=NCN1,6,0,,0,
C1=NN=NCO1,6,0,,0,
C1=NN=NNC1,6,0,,0,
C1=NN=NNN1,6,0,,0,
C1=NN=NNN=1,6,0,,0,
C1=NN=NNO1,6,0,,0,
C1=NN=NOC1,6,0,,0,
C1=NN=NON1,6,0,,0,
C1=NN=NON=1,6,0,,0,
C1=NN=NOO1,6,0,,0,
C1=NNC12C=N2,6,0,,0,
C1=NNC12CC2,6,0,,0,
C1=NNC12CN2,6,0,,0,
C1=NNC12CO2,6,0,,0,
C1=NNC12N=N2,6,0,,0,
C1=NNC12NN2,6,0,,0,
C1=NNC12NO2,6,0,,0,
C1=NNC12OO2,6,0,,0,
C1=NNC2=CC12,6,0,,0,
C1=NNC2=CC=12,6,0,,0,
C1=NNC2=CN12,6,0,,0,
C1=NNC2=NC12,6,0,,0,
C1=NNC2=NC=12,6,0,,0,
C1=NNC2=NN12,6,0,,0,
C1=NNC2C=C12,6,0,,0,
C1=NNC2CC12,6,0,,0,
C1=NNC2CC=12,6,0,,0,
C1=NNC2CN12,6,0,,0,
C1=NNC2N=C12,6,0,,0,
C1=NNC2NC12,6,0,,0,
C1=NNC2NC=12,6,0,,0,
C1=NNC2NN12,6,0,,0,
C1=NNC2OC12,6,0,,0,
C1=NNC2OC=12,6,0,,0,
C1=NNC2ON12,6,0,,0,
C1=NNC=NN1,6,0,,0,
C1=NNC=NO1,6,0,,0,
C1=NNCCC1,6,0,,0,
C1=NNCCN1,6,0,,0,
C1=NNCCO1,6,0,,0,
C1=NNCN=N1,6,0,,0,
C1=NNCNC1,6,0,,0,
C1=NNCNN1,6,0,,0,
C1=NNCNN=1,6,0,,0,
C1=NNCNO1,6,0,,0,
C1=NNCOC1,6,0,,0,
C1=NNCON1,6,0,,0,
C1=NNCON=1,6,0,,0,
C1=NNCOO1,6,0,,0,
C1=NNN2C=C12,6,0,,0,
C1=NNN2CC12,6,0,,0,
C1=NNN2CC=12,6,0,,0,
C1=NNN2CN12,6,0,,0,
C1=NNN2N=C12,6,0,,0,
C1=NNN2NC12,6,0,,0,
C1=NNN2NC=12,6,0,,0,
C1=NNN2OC12,6,0,,0,
C1=NNN2OC=12,6,0,,0,
C1=NNN=CC1,6,0,,0,
C1=NNN=CN1,6,0,,0,
C1=NNN=CO1,6,0,,0,
C1=NNN=NC1,6,0,,0,
C1=NNN=NN1,6,0,,0,
C1=NNN=NO1,6,0,,0,
C1=NNNCC1,6,0,,0,
C1=NNNCN1,6,0,,0,
C1=NNNCO1,6,0,,0,
C1=NNNN=C1,6,0,,0,
C1=NNNN=N1,6,0,,0,
C1=NNNNC1,6,0,,0,
C1=NNNNN=1,6,0,,0,
C1=NNNOC1,6,0,,0,
C1=NNNON=1,6,0,,0,
C1=NNOCC1,6,0,,0,
C1=NNOCN1,6,0,,0,
C1=NNOCO1,6,0,,0,
C1=NNON=C1,6,0,,0,
C1=NNON=N1,6,0,,0,
C1=NNONC1,6,0,,0,
C1=NNONN=1,6,0,,0,
C1=NNOOC1,6,0,,0,
C1=NNOON=1,6,0,,0,
C1=NOC12C=N2,6,0,,0,
C1=NOC12CC2,6,0,,0,
C1=NOC12CN2,6,0,,0,
C1=NOC12CO2,6,0,,0,
C1=NOC12N=N2,6,0,,0,
C1=NOC12NN2,6,0,,0,
C1=NOC12NO2,6,0,,0,
C1=NOC12OO2,6,0,,0,
C1=NOC2=CC12,6,0,,0,
C1=NOC2=CC=12,6,0,,0,
C1=NOC2=CN12,6,0,,0,
C1=NOC2=NC12,6,0,,0,
C1=NOC2=NC=12,6,0,,0,
C1=NOC2=NN12,6,0,,0,
C1=NOC2C=C12,6,0,,0,
C1=NOC2CC12,6,0,,0,
C1=NOC2CC=12,6,0,,0,
C1=NOC2CN12,6,0,,0,
C1=NOC2N=C12,6,0,,0,
C1=NOC2NC12,6,0,,0,
C1=NOC2NC=12,6,0,,0,
C1=NOC2NN12,6,0,,0,
C1=NOC2OC12,6,0,,0,
C1=NOC2OC=12,6,0,,0,
C1=NOC2ON12,6,0,,0,
C1=NOC=NO1,6,0,,0,
C1=NOCCC1,6,0,,0,
C1=NOCCN1,6,0,,0,
C1=NOCCO1,6,0,,0,
C1=NOCN=N1,6,0,,0,
C1=NOCNC1,6,0,,0,
C1=NOCNN1,6,0,,0,
C1=NOCNO1,6,0,,0,
C1=NOCOC1,6,0,,0,
C1=NOCON1,6,0,,0,
C1=NOCON=1,6,0,,0,
C1=NOCOO1,6,0,,0,
C1=NON2C=C12,6,0,,0,
C1=NON2CC12,6,0,,0,
C1=NON2CC=12,6,0,,0,
C1=NON2CN12,6,0,,0,
C1=NON2N=C12,6,0,,0,
C1=NON2NC12,6,0,,0,
C1=NON2NC=12,6,0,,0,
C1=NON2OC12,6,0,,0,
C1=NON2OC=12,6,0,,0,
C1=NON=CC1,6,0,,0,
C1=NON=CN1,6,0,,0,
C1=NON=CO1,6,0,,0,
C1=NON=NC1,6,0,,0,
C1=NON=NN1,6,0,,0,
C1=NON=NO1,6,0,,0,
C1=NONCC1,6,0,,0,
C1=NONCN1,6,0,,0,
C1=NONCO1,6,0,,0,
C1=NONN=N1,6,0,,0,
C1=NONNC1,6,0,,0,
C1=NONOC1,6,0,,0,
C1=NONON=1,6,0,,0,
C1=NOOCC1,6,0,,0,
C1=NOOCN1,6,0,,0,
C1=NOOCO1,6,0,,0,
C1=NOON=C1,6,0,,0,
C1=NOON=N1,6,0,,0,
C1=NOONC1,6,0,,0,
C1=NOOOC1,6,0,,0,
C1=NOOON=1,6,0,,0,
C1=Nc2[nH][nH]c21,6,0,,0,
C1=Nc2[nH]oc21,6,0,,0,
C1=Nc2c[nH]n21,6,0,,0,
C1=Nc2con21,6,0,,0,
C1=Nc2n[nH]n21,6,0,,0,
C1=Nc2non21,6,0,,0,
C1=Nc2o[nH]c21,6,0,,0,
C1=Nc2ooc21,6,0,,0,
C1=Nn2[nH]cc21,6,0,,0,
C1=Nn2[nH]n2C1,6,0,,0,
C1=Nn2[nH]n2N=1,6,0,,0,
C1=Nn2[nH]nc21,6,0,,0,
C1=Nn2c3c2n31,6,0,,0,
C1=Nn2n3n2C13,6,0,,0,
C1=Nn2n3n2C=13,6,0,,0,
C1=Nn2occ21,6,0,,0,
C1=Nn2on2C1,6,0,,0,
C1=Nn2on2N=1,6,0,,0,
C1=Nn2onc21,6,0,,0,
C1=c2[nH][nH]c2=C1,6,0,,0,
C1=c2[nH][nH]c2=N1,6,0,,0,
C1=c2[nH]c3c=1c2=3,6,0,,0,
C1=c2[nH]oc2=C1,6,0,,0,
C1=c2[nH]oc2=N1,6,0,,0,
C1=c2c#c[nH]c2=1,6,0,,0,
C1=c2c#cc=1[nH]2,6,0,,0,
C1=c2c#cc=1o2,6,0,,0,
C1=c2c#coc2=1,6,0,,0,
C1=c2c3[nH]c=3c2=1,6,0,,0,
C1=c2c3c2N3N1,6,0,,0,
C1=c2c3c2N3O1,6,0,,0,
C1=c2c3cn-3c2=1,6,0,,0,
C1=c2c3n(n21)C=3,6,0,,0,
C1=c2c3n(n21)N=3,6,0,,0,
C1=c2c3nn-3c2=1,6,0,,0,
C1=c2c3oc=3c2=1,6,0,,0,
C1=c2c=1n1[nH]n21,6,0,,0,
C1=c2c=1n1n2C1,6,0,,0,
C1=c2c=1n1on21,6,0,,0,
C1=c2cc3c=1n2-3,6,0,,0,
C1=c2cc[nH]c2=1,6,0,,0,
C1=c2ccc=1[nH]2,6,0,,0,
C1=c2ccc=1o2,6,0,,0,
C1=c2ccoc2=1,6,0,,0,
C1=c2cn[nH]c2=1,6,0,,0,
C1=c2cnc=1[nH]2,6,0,,0,
C1=c2cnc=1o2,6,0,,0,
C1=c2cnoc2=1,6,0,,0,
C1=c2n1c1n2C=1,6,0,,0,
C1=c2n1c1n2N=1,6,0,,0,
C1=c2n3c=1n2C3,6,0,,0,
C1=c2n3c=1n2N3,6,0,,0,
C1=c2n3c=1n2O3,6,0,,0,
C1=c2nc3c=1n2-3,6,0,,0,
C1=c2nc[nH]c2=1,6,0,,0,
C1=c2ncoc2=1,6,0,,0,
C1=c2nn[nH]c2=1,6,0,,0,
C1=c2nnc=1[nH]2,6,0,,0,
C1=c2nnc=1o2,6,0,,0,
C1=c2nnoc2=1,6,0,,0,
C1=c2o[nH]c2=N1,6,0,,0,
C1=c2oc3c=1c2=3,6,0,,0,
C1=c2ooc2=C1,6,0,,0,
C1=c2ooc2=N1,6,0,,0,
C1C23C14C21CC341,6,0,,0,
C1C23C14C21NC341,6,0,,0,
C1C23C14C21OC341,6,0,,0,
C1C23C45C16C24C365,6,0,,0,
C1C23C4=C5C12C453,6,0,,0,
C1C23C4=NC2C143,6,0,,0,
C1C23C4=NN2C143,6,0,,0,
C1C23C4C15C2C435,6,0,,0,
C1C23C4C15N2C435,6,0,,0,
C1C23C4C5C12C453,6,0,,0,
C1C23C4N5C12C453,6,0,,0,
C1C23C4NC2C143,6,0,,0,
C1C23C4NN2C143,6,0,,0,
C1C23C4OC2C143,6,0,,0,
C1C23C4ON2C143,6,0,,0,
C1C23CC1(C2)C3,6,0,,0,
C1C23CC1(C2)N3,6,0,,0,
C1C23CC1(C2)O3,6,0,,0,
C1C23CC1(N2)N3,6,0,,0,
C1C23CC1(N2)O3,6,0,,0,
C1C23CC1(O2)O3,6,0,,0,
C1C23CC12N=N3,6,0,,0,
C1C23CC12NN3,6,0,,0,
C1C23CC12ON3,6,0,,0,
C1C23CC12OO3,6,0,,0,
C1C23CC14C2=C34,6,0,,0,
C1C23CC14C2C34,6,0,,0,
C1C23CC14C2N34,6,0,,0,
C1C23CC14N2N34,6,0,,0,
C1C23CC24CC134,6,0,,0,
C1C23CC24NC134,6,0,,0,
C1C23CC24OC134,6,0,,0,
C1C23N4C15N2C435,6,0,,0,
C1C23N4N5C12C453,6,0,,0,
C1C23N4NN2C143,6,0,,0,
C1C23N4ON2C143,6,0,,0,
C1C23N=C4C2C143,6,0,,0,
C1C23N=C4N2C143,6,0,,0,
C1C23N=NC12N3,6,0,,0,
C1C23N=NC12O3,6,0,,0,
C1C23NC1(N2)N3,6,0,,0,
C1C23NC1(N2)O3,6,0,,0,
C1C23NC1(O2)O3,6,0,,0,
C1C23NC12OO3,6,0,,0,
C1C23NC14C2=C34,6,0,,0,
C1C23NC14C2C34,6,0,,0,
C1C23NC14C2N34,6,0,,0,
C1C23NC14N2N34,6,0,,0,
C1C23NC24NC134,6,0,,0,
C1C23NC24OC134,6,0,,0,
C1C23NC4=C2C143,6,0,,0,
C1C23NC4C2C143,6,0,,0,
C1C23NC4N2C143,6,0,,0,
C1C23NN4C2C143,6,0,,0,
C1C23NN4N2C143,6,0,,0,
C1C23NNC12N3,6,0,,0,
C1C23NNC12O3,6,0,,0,
C1C23NOC12N3,6,0,,0,
C1C23NOC12O3,6,0,,0,
C1C23OC1(O2)O3,6,0,,0,
C1C23OC14C2=C34,6,0,,0,
C1C23OC14C2C34,6,0,,0,
C1C23OC14C2N34,6,0,,0,
C1C23OC14N2N34,6,0,,0,
C1C23OC24OC134,6,0,,0,
C1C23OC4=C2C143,6,0,,0,
C1C23OC4C2C143,6,0,,0,
C1C23OC4N2C143,6,0,,0,
C1C23ON4C2C143,6,0,,0,
C1C23ON4N2C143,6,0,,0,
C1C23OOC12O3,6,0,,0,
C1C2=C1C1=C2C1,6,0,,0,
C1C2=C1C1CC21,6,0,,0,
C1C2=C1C1N=C21,6,0,,0,
C1C2=C1C1NC21,6,0,,0,
C1C2=C1C1OC21,6,0,,0,
C1C2=C1C21CC1,6,0,,0,
C1C2=C1C21CN1,6,0,,0,
C1C2=C1C21CO1,6,0,,0,
C1C2=C1C21N=N1,6,0,,0,
C1C2=C1C21NN1,6,0,,0,
C1C2=C1C21NO1,6,0,,0,
C1C2=C1C21OO1,6,0,,0,
C1C2=C1N1CC21,6,0,,0,
C1C2=C1N1NC21,6,0,,0,
C1C2=C1N1OC21,6,0,,0,
C1C2=C1NNN2,6,0,,0,
C1C2=C1NON2,6,0,,0,
C1C2=C1ONN2,6,0,,0,
C1C2=C1ONO2,6,0,,0,
C1C2=C1OON2,6,0,,0,
C1C2=C1OOO2,6,0,,0,
C1C2=C3C(=N2)C13,6,0,,0,
C1C2=C3C(N2)N13,6,0,,0,
C1C2=C3C(O2)N13,6,0,,0,
C1C2=C3C14CC234,6,0,,0,
C1C2=C3C14NC234,6,0,,0,
C1C2=C3C14OC234,6,0,,0,
C1C2=C3C1=C3C2,6,0,,0,
C1C2=C3C1C3C2,6,0,,0,
C1C2=C3C1C3N2,6,0,,0,
C1C2=C3C1C3O2,6,0,,0,
C1C2=C3C1CC23,6,0,,0,
C1C2=C3C1CN23,6,0,,0,
C1C2=C3C1N3C2,6,0,,0,
C1C2=C3C1NC23,6,0,,0,
C1C2=C3C1NN23,6,0,,0,
C1C2=C3C1OC23,6,0,,0,
C1C2=C3C1ON23,6,0,,0,
C1C2=C3C2=NC13,6,0,,0,
C1C2=C3C2CN13,6,0,,0,
C1C2=C3C2NN13,6,0,,0,
C1C2=C3C2ON13,6,0,,0,
C1C2=C3C4=C1C234,6,0,,0,
C1C2=C3C4=C2C134,6,0,,0,
C1C2=C3C4=C3C124,6,0,,0,
C1C2=C3C4C1C234,6,0,,0,
C1C2=C3C4C2C134,6,0,,0,
C1C2=C3C4C3C124,6,0,,0,
C1C2=C3C4N1C234,6,0,,0,
C1C2=C3C4N2C134,6,0,,0,
C1C2=C3C4N3C124,6,0,,0,
C1C2=C3CC13C2,6,0,,0,
C1C2=C3CC13N2,6,0,,0,
C1C2=C3CC13O2,6,0,,0,
C1C2=C3CC1C23,6,0,,0,
C1C2=C3CC1N23,6,0,,0,
C1C2=C3CC2=C13,6,0,,0,
C1C2=C3CC2C13,6,0,,0,
C1C2=C3CC3=C12,6,0,,0,
C1C2=C3CC3C12,6,0,,0,
C1C2=C3CN1C23,6,0,,0,
C1C2=C3CN1N23,6,0,,0,
C1C2=C3CN2C13,6,0,,0,
C1C2=C3CN3C12,6,0,,0,
C1C2=C3N1CN23,6,0,,0,
C1C2=C3N1N3C2,6,0,,0,
C1C2=C3N1NN23,6,0,,0,
C1C2=C3N1ON23,6,0,,0,
C1C2=C3N4C1C234,6,0,,0,
C1C2=C3N4C2C134,6,0,,0,
C1C2=C3N4N1C234,6,0,,0,
C1C2=C3N4N3C124,6,0,,0,
C1C2=C3N=C2C13,6,0,,0,
C1C2=C3N=C2N13,6,0,,0,
C1C2=C3N=C3C12,6,0,,0,
C1C2=C3N=NC123,6,0,,0,
C1C2=C3NC12N3,6,0,,0,
C1C2=C3NC12O3,6,0,,0,
C1C2=C3NC13C2,6,0,,0,
C1C2=C3NC13N2,6,0,,0,
C1C2=C3NC13O2,6,0,,0,
C1C2=C3NC1C23,6,0,,0,
C1C2=C3NC1N23,6,0,,0,
C1C2=C3NC2=C13,6,0,,0,
C1C2=C3NC2C13,6,0,,0,
C1C2=C3NC2N13,6,0,,0,
C1C2=C3NC3C12,6,0,,0,
C1C2=C3NC3N12,6,0,,0,
C1C2=C3NN1C23,6,0,,0,
C1C2=C3NN1N23,6,0,,0,
C1C2=C3NN3C12,6,0,,0,
C1C2=C3NNC123,6,0,,0,
C1C2=C3NOC123,6,0,,0,
C1C2=C3OC12O3,6,0,,0,
C1C2=C3OC13C2,6,0,,0,
C1C2=C3OC13N2,6,0,,0,
C1C2=C3OC13O2,6,0,,0,
C1C2=C3OC1C23,6,0,,0,
C1C2=C3OC1N23,6,0,,0,
C1C2=C3OC2=C13,6,0,,0,
C1C2=C3OC2C13,6,0,,0,
C1C2=C3OC2N13,6,0,,0,
C1C2=C3OC3C12,6,0,,0,
C1C2=C3OC3N12,6,0,,0,
C1C2=C3ON1C23,6,0,,0,
C1C2=C3ON1N23,6,0,,0,
C1C2=C3ON3C12,6,0,,0,
C1C2=C3ONC123,6,0,,0,
C1C2=C3OOC123,6,0,,0,
C1C2=NC13CC23,6,0,,0,
C1C2=NC13CN23,6,0,,0,
C1C2=NC13N=C23,6,0,,0,
C1C2=NC13NC23,6,0,,0,
C1C2=NC13NN23,6,0,,0,
C1C2=NC13OC23,6,0,,0,
C1C2=NC13ON23,6,0,,0,
C1C2=NC1N=N2,6,0,,0,
C1C2=NC1NN2,6,0,,0,
C1C2=NC1NO2,6,0,,0,
C1C2=NC1ON2,6,0,,0,
C1C2=NC1OO2,6,0,,0,
C1C2=NC23CC13,6,0,,0,
C1C2=NC23CN13,6,0,,0,
C1C2=NC23N=C13,6,0,,0,
C1C2=NC23NC13,6,0,,0,
C1C2=NC23NN13,6,0,,0,
C1C2=NC23OC13,6,0,,0,
C1C2=NC23ON13,6,0,,0,
C1C2=NC3=C1C23,6,0,,0,
C1C2=NC3=C2C13,6,0,,0,
C1C2=NC3=NC123,6,0,,0,
C1C2=NC3C1=C23,6,0,,0,
C1C2=NC3C1C23,6,0,,0,
C1C2=NC3C1N23,6,0,,0,
C1C2=NC3C2N13,6,0,,0,
C1C2=NC3CC123,6,0,,0,
C1C2=NC3N1N23,6,0,,0,
C1C2=NC3NC123,6,0,,0,
C1C2=NC3OC123,6,0,,0,
C1C2=NN1NN2,6,0,,0,
C1C2=NN1NO2,6,0,,0,
C1C2=NN1ON2,6,0,,0,
C1C2=NN1OO2,6,0,,0,
C1C2=NN3C1C23,6,0,,0,
C1C2=NN3C2N13,6,0,,0,
C1C2=NN3CC123,6,0,,0,
C1C2=NN3NC123,6,0,,0,
C1C2=NN3OC123,6,0,,0,
C1C2=NN=C1C2,6,0,,0,
C1C2=NN=NC12,6,0,,0,
C1C2=NNC1C2,6,0,,0,
C1C2=NNC1N2,6,0,,0,
C1C2=NNC1O2,6,0,,0,
C1C2=NNN1C2,6,0,,0,
C1C2=NNN1N2,6,0,,0,
C1C2=NNN1O2,6,0,,0,
C1C2=NNNC12,6,0,,0,
C1C2=NNNN12,6,0,,0,
C1C2=NNOC12,6,0,,0,
C1C2=NNON12,6,0,,0,
C1C2=NOC1C2,6,0,,0,
C1C2=NOC1N2,6,0,,0,
C1C2=NOC1O2,6,0,,0,
C1C2=NON1C2,6,0,,0,
C1C2=NON1N2,6,0,,0,
C1C2=NON1O2,6,0,,0,
C1C2=NONC12,6,0,,0,
C1C2=NONN12,6,0,,0,
C1C2=NOOC12,6,0,,0,
C1C2=NOON12,6,0,,0,
C1C2C13C1=NC123,6,0,,0,
C1C2C13C1CC213,6,0,,0,
C1C2C13C1NC213,6,0,,0,
C1C2C13C1OC213,6,0,,0,
C1C2C13N1CC213,6,0,,0,
C1C2C13N1NC213,6,0,,0,
C1C2C13N1OC213,6,0,,0,
C1C2C1C1CC21,6,0,,0,
C1C2C1C1NC21,6,0,,0,
C1C2C1C1OC21,6,0,,0,
C1C2C1C21CC1,6,0,,0,
C1C2C1C21CN1,6,0,,0,
C1C2C1C21CO1,6,0,,0,
C1C2C1C21N=N1,6,0,,0,
C1C2C1C21NN1,6,0,,0,
C1C2C1C21NO1,6,0,,0,
C1C2C1C21OO1,6,0,,0,
C1C2C1N1CC21,6,0,,0,
C1C2C1N1CN21,6,0,,0,
C1C2C1N1NC21,6,0,,0,
C1C2C1N1OC21,6,0,,0,
C1C2C1n1[nH]n12,6,0,,0,
C1C2C1n1on12,6,0,,0,
C1C2C34C5C13C254,6,0,,0,
C1C2C34CC23C14,6,0,,0,
C1C2C34CC23N14,6,0,,0,
C1C2C34N5C13C254,6,0,,0,
C1C2C34NC23C14,6,0,,0,
C1C2C34NC23N14,6,0,,0,
C1C2C34OC23C14,6,0,,0,
C1C2C34OC23N14,6,0,,0,
C1C2C3=C(N3)C12,6,0,,0,
C1C2C3=C(N3)N12,6,0,,0,
C1C2C3=C(O3)C12,6,0,,0,
C1C2C3=C(O3)N12,6,0,,0,
C1C2C3=C4C1C342,6,0,,0,
C1C2C3=C4C2C134,6,0,,0,
C1C2C3=C4C3C142,6,0,,0,
C1C2C3=C4N1C342,6,0,,0,
C1C2C3=C4N2C134,6,0,,0,
C1C2C3=C4N3C142,6,0,,0,
C1C2C3=NC12N3,6,0,,0,
C1C2C3=NC12O3,6,0,,0,
C1C2C3=NC2C13,6,0,,0,
C1C2C3=NC2N13,6,0,,0,
C1C2C3=NC3C12,6,0,,0,
C1C2C3=NC3N12,6,0,,0,
C1C2C3=NN1C32,6,0,,0,
C1C2C3=NN2C13,6,0,,0,
C1C2C3=NN3C12,6,0,,0,
C1C2C3=NN3N12,6,0,,0,
C1C2C3=NNC132,6,0,,0,
C1C2C3=NOC132,6,0,,0,
C1C2C3C14CC234,6,0,,0,
C1C2C3C14NC234,6,0,,0,
C1C2C3C14OC234,6,0,,0,
C1C2C3C4=C3C142,6,0,,0,
C1C2C3C4C1C234,6,0,,0,
C1C2C3C4C2C134,6,0,,0,
C1C2C3C4C3C124,6,0,,0,
C1C2C3C4N1C234,6,0,,0,
C1C2C3C4N2C134,6,0,,0,
C1C2C3C4N3C124,6,0,,0,
C1C2C3CC2C13,6,0,,0,
C1C2C3CN1C23,6,0,,0,
C1C2C3CN1N23,6,0,,0,
C1C2C3CN2C13,6,0,,0,
C1C2C3CN2N13,6,0,,0,
C1C2C3CN3N12,6,0,,0,
C1C2C3N1CN23,6,0,,0,
C1C2C3N1NN23,6,0,,0,
C1C2C3N1ON23,6,0,,0,
C1C2C3N4C1C234,6,0,,0,
C1C2C3N4C2C134,6,0,,0,
C1C2C3N4N1C234,6,0,,0,
C1C2C3N4N2C134,6,0,,0,
C1C2C3N4N3C124,6,0,,0,
C1C2C3N=C3N12,6,0,,0,
C1C2C3N=NC123,6,0,,0,
C1C2C3NC12N3,6,0,,0,
C1C2C3NC12O3,6,0,,0,
C1C2C3NC2C13,6,0,,0,
C1C2C3NC2N13,6,0,,0,
C1C2C3NC3N12,6,0,,0,
C1C2C3NN1C23,6,0,,0,
C1C2C3NN1N23,6,0,,0,
C1C2C3NN2C13,6,0,,0,
C1C2C3NN2N13,6,0,,0,
C1C2C3NN3N12,6,0,,0,
C1C2C3NNC123,6,0,,0,
C1C2C3NOC123,6,0,,0,
C1C2C3OC12O3,6,0,,0,
C1C2C3OC2C13,6,0,,0,
C1C2C3OC2N13,6,0,,0,
C1C2C3OC3N12,6,0,,0,
C1C2C3ON1C23,6,0,,0,
C1C2C3ON1N23,6,0,,0,
C1C2C3ON2C13,6,0,,0,
C1C2C3ON2N13,6,0,,0,
C1C2C3ON3N12,6,0,,0,
C1C2C3ONC123,6,0,,0,
C1C2C3OOC123,6,0,,0,
C1C2CC13CC23,6,0,,0,
C1C2CC13CN23,6,0,,0,
C1C2CC13N=C23,6,0,,0,
C1C2CC13NC23,6,0,,0,
C1C2CC13NN23,6,0,,0,
C1C2CC13OC23,6,0,,0,
C1C2CC13ON23,6,0,,0,
C1C2CC1N=N2,6,0,,0,
C1C2CC1NN2,6,0,,0,
C1C2CC1ON2,6,0,,0,
C1C2CC1OO2,6,0,,0,
C1C2CC23CC13,6,0,,0,
C1C2CC23CN13,6,0,,0,
C1C2CC23NC13,6,0,,0,
C1C2CC23NN13,6,0,,0,
C1C2CC23OC13,6,0,,0,
C1C2CC23ON13,6,0,,0,
C1C2CC3C1C23,6,0,,0,
C1C2CC3C1N23,6,0,,0,
C1C2CN1N=N2,6,0,,0,
C1C2CN1NN2,6,0,,0,
C1C2CN1NO2,6,0,,0,
C1C2CN1ON2,6,0,,0,
C1C2CN1OO2,6,0,,0,
C1C2CN3C1C23,6,0,,0,
C1C2CN3C1N23,6,0,,0,
C1C2CN3C2N13,6,0,,0,
C1C2Cn3n1n32,6,0,,0,
C1C2N1C1=NN12,6,0,,0,
C1C2N1C1CN21,6,0,,0,
C1C2N1C1NN21,6,0,,0,
C1C2N1C1ON21,6,0,,0,
C1C2N1C21CC1,6,0,,0,
C1C2N1C21CN1,6,0,,0,
C1C2N1C21CO1,6,0,,0,
C1C2N1C21N=N1,6,0,,0,
C1C2N1C21NN1,6,0,,0,
C1C2N1C21NO1,6,0,,0,
C1C2N1C21OO1,6,0,,0,
C1C2N1N1CN21,6,0,,0,
C1C2N1n1[nH]n12,6,0,,0,
C1C2N1n1on12,6,0,,0,
C1C2N3C14CC234,6,0,,0,
C1C2N3C14NC234,6,0,,0,
C1C2N3C14OC234,6,0,,0,
C1C2N3C4=C3C142,6,0,,0,
C1C2N3C4C3C124,6,0,,0,
C1C2N3C4N1C243,6,0,,0,
C1C2N3C4N2C143,6,0,,0,
C1C2N3C4N3C124,6,0,,0,
C1C2N3CC12C3,6,0,,0,
C1C2N3CC12N3,6,0,,0,
C1C2N3CC12O3,6,0,,0,
C1C2N3CN1N23,6,0,,0,
C1C2N3CN2C13,6,0,,0,
C1C2N3N4C1C234,6,0,,0,
C1C2N3N4N1C234,6,0,,0,
C1C2N3N4N2C134,6,0,,0,
C1C2N3N=NC123,6,0,,0,
C1C2N3NC12N3,6,0,,0,
C1C2N3NC12O3,6,0,,0,
C1C2N3NN1N23,6,0,,0,
C1C2N3NN2C13,6,0,,0,
C1C2N3NN2N13,6,0,,0,
C1C2N3NNC123,6,0,,0,
C1C2N3NOC123,6,0,,0,
C1C2N3OC12O3,6,0,,0,
C1C2N3ON1N23,6,0,,0,
C1C2N3ON2C13,6,0,,0,
C1C2N3ON2N13,6,0,,0,
C1C2N3ONC123,6,0,,0,
C1C2N3OOC123,6,0,,0,
C1C2N=C3C1C32,6,0,,0,
C1C2N=C3C1N32,6,0,,0,
C1C2N=C3C2N13,6,0,,0,
C1C2N=C3N1N32,6,0,,0,
C1C2N=C3NC132,6,0,,0,
C1C2N=C3OC132,6,0,,0,
C1C2N=NC1N2,6,0,,0,
C1C2N=NC1O2,6,0,,0,
C1C2N=NN1N2,6,0,,0,
C1C2N=NN1O2,6,0,,0,
C1C2N=NNC12,6,0,,0,
C1C2N=NNN12,6,0,,0,
C1C2N=NOC12,6,0,,0,
C1C2N=NON12,6,0,,0,
C1C2NC13CC23,6,0,,0,
C1C2NC13CN23,6,0,,0,
C1C2NC13N=C23,6,0,,0,
C1C2NC13NC23,6,0,,0,
C1C2NC13NN23,6,0,,0,
C1C2NC13OC23,6,0,,0,
C1C2NC13ON23,6,0,,0,
C1C2NC1OO2,6,0,,0,
C1C2NC23CN13,6,0,,0,
C1C2NC23NC13,6,0,,0,
C1C2NC23NN13,6,0,,0,
C1C2NC23OC13,6,0,,0,
C1C2NC23ON13,6,0,,0,
C1C2NC3=C2C13,6,0,,0,
C1C2NC3=C2N13,6,0,,0,
C1C2NC3=NC132,6,0,,0,
C1C2NC3C1C23,6,0,,0,
C1C2NC3C1N23,6,0,,0,
C1C2NC3C2N13,6,0,,0,
C1C2NC3CC123,6,0,,0,
C1C2NC3N1N23,6,0,,0,
C1C2NC3NC123,6,0,,0,
C1C2NC3OC123,6,0,,0,
C1C2NN1NO2,6,0,,0,
C1C2NN1OO2,6,0,,0,
C1C2NN3C1C23,6,0,,0,
C1C2NN3C1N23,6,0,,0,
C1C2NN3C2N13,6,0,,0,
C1C2NN3CC123,6,0,,0,
C1C2NN3NC123,6,0,,0,
C1C2NN3OC123,6,0,,0,
C1C2NN=NN12,6,0,,0,
C1C2NNC1N2,6,0,,0,
C1C2NNC1O2,6,0,,0,
C1C2NNN1N2,6,0,,0,
C1C2NNN1O2,6,0,,0,
C1C2NNNC12,6,0,,0,
C1C2NNNN12,6,0,,0,
C1C2NNOC12,6,0,,0,
C1C2NNON12,6,0,,0,
C1C2NOC1N2,6,0,,0,
C1C2NOC1O2,6,0,,0,
C1C2NON1N2,6,0,,0,
C1C2NON1O2,6,0,,0,
C1C2NONC12,6,0,,0,
C1C2NONN12,6,0,,0,
C1C2NOOC12,6,0,,0,
C1C2NOON12,6,0,,0,
C1C2Nn3n1n32,6,0,,0,
C1C2OC13CC23,6,0,,0,
C1C2OC13CN23,6,0,,0,
C1C2OC13N=C23,6,0,,0,
C1C2OC13NC23,6,0,,0,
C1C2OC13NN23,6,0,,0,
C1C2OC13OC23,6,0,,0,
C1C2OC13ON23,6,0,,0,
C1C2OC23CN13,6,0,,0,
C1C2OC23NN13,6,0,,0,
C1C2OC23OC13,6,0,,0,
C1C2OC23ON13,6,0,,0,
C1C2OC3=C2C13,6,0,,0,
C1C2OC3=C2N13,6,0,,0,
C1C2OC3=NC132,6,0,,0,
C1C2OC3C1C23,6,0,,0,
C1C2OC3C1N23,6,0,,0,
C1C2OC3C2N13,6,0,,0,
C1C2OC3CC123,6,0,,0,
C1C2OC3N1N23,6,0,,0,
C1C2OC3NC123,6,0,,0,
C1C2OC3OC123,6,0,,0,
C1C2ON3C1C23,6,0,,0,
C1C2ON3C1N23,6,0,,0,
C1C2ON3C2N13,6,0,,0,
C1C2ON3CC123,6,0,,0,
C1C2ON3NC123,6,0,,0,
C1C2ON3OC123,6,0,,0,
C1C2ON=NN12,6,0,,0,
C1C2ONN1O2,6,0,,0,
C1C2ONNN12,6,0,,0,
C1C2ONOC12,6,0,,0,
C1C2ONON12,6,0,,0,
C1C2OOC1O2,6,0,,0,
C1C2OON1O2,6,0,,0,
C1C2OONN12,6,0,,0,
C1C2OOOC12,6,0,,0,
C1C2OOON12,6,0,,0,
C1C2On3n1n32,6,0,,0,
C1C2c3[nH]n1c32,6,0,,0,
C1C2c3nn1n32,6,0,,0,
C1C2c3nn2n31,6,0,,0,
C1C2c3on1c32,6,0,,0,
C1C2n3n4n3C124,6,0,,0,
C1CC12C1=C2N1,6,0,,0,
C1CC12C1=C2O1,6,0,,0,
C1CC12C1=NC12,6,0,,0,
C1CC12C1=NN12,6,0,,0,
C1CC12C1NC12,6,0,,0,
C1CC12C1NN12,6,0,,0,
C1CC12C1OC12,6,0,,0,
C1CC12C1ON12,6,0,,0,
C1CC12CN=N2,6,0,,0,
C1CC12CNC2,6,0,,0,
C1CC12CNN2,6,0,,0,
C1CC12CNO2,6,0,,0,
C1CC12COC2,6,0,,0,
C1CC12CON2,6,0,,0,
C1CC12COO2,6,0,,0,
C1CC12N=NN2,6,0,,0,
C1CC12N=NO2,6,0,,0,
C1CC12NNN2,6,0,,0,
C1CC12NNO2,6,0,,0,
C1CC12NON2,6,0,,0,
C1CC12NOO2,6,0,,0,
C1CC12ONO2,6,0,,0,
C1CC12OOO2,6,0,,0,
C1CC12n1[nH]n12,6,0,,0,
C1CC12n1on12,6,0,,0,
C1CC1=C1CC1,6,0,,0,
C1CC1=C1CN1,6,0,,0,
C1CC1=C1CO1,6,0,,0,
C1CC1=C1N=N1,6,0,,0,
C1CC1=C1NN1,6,0,,0,
C1CC1=C1NO1,6,0,,0,
C1CC1=C1OO1,6,0,,0,
C1CC1C1=NN1,6,0,,0,
C1CC1C1=NO1,6,0,,0,
C1CC1C1CC1,6,0,,0,
C1CC1C1CN1,6,0,,0,
C1CC1C1CO1,6,0,,0,
C1CC1C1N=N1,6,0,,0,
C1CC1C1NN1,6,0,,0,
C1CC1C1NO1,6,0,,0,
C1CC1C1OO1,6,0,,0,
C1CC1N1CC1,6,0,,0,
C1CC1N1CN1,6,0,,0,
C1CC1N1CO1,6,0,,0,
C1CC1N1N=N1,6,0,,0,
C1CC1n1[nH][nH]1,6,0,,0,
C1CC1n1[nH]o1,6,0,,0,
C1CC1n1oo1,6,0,,0,
C1CC2(C1)CC2,6,0,,0,
C1CC2(C1)CN2,6,0,,0,
C1CC2(C1)CO2,6,0,,0,
C1CC2(C1)N=N2,6,0,,0,
C1CC2(C1)NN2,6,0,,0,
C1CC2(C1)NO2,6,0,,0,
C1CC2(C1)OO2,6,0,,0,
C1CC2(CC2)N1,6,0,,0,
C1CC2(CC2)O1,6,0,,0,
C1CC2(CN2)N1,6,0,,0,
C1CC2(CN2)O1,6,0,,0,
C1CC2(CO2)N1,6,0,,0,
C1CC2(CO2)O1,6,0,,0,
C1CC2(N1)NN2,6,0,,0,
C1CC2(N1)NO2,6,0,,0,
C1CC2(N1)OO2,6,0,,0,
C1CC2(N=N2)N1,6,0,,0,
C1CC2(N=N2)O1,6,0,,0,
C1CC2(NN2)O1,6,0,,0,
C1CC2(NO2)O1,6,0,,0,
C1CC2(O1)OO2,6,0,,0,
C1CC23C4=C2C143,6,0,,0,
C1CC23C4C2C143,6,0,,0,
C1CC23C4N2C143,6,0,,0,
C1CC23CC12C3,6,0,,0,
C1CC23CC12N3,6,0,,0,
C1CC23CC12O3,6,0,,0,
C1CC23CC2=C13,6,0,,0,
C1CC23CC2C13,6,0,,0,
C1CC23CC2N13,6,0,,0,
C1CC23CN2C13,6,0,,0,
C1CC23CN2N13,6,0,,0,
C1CC23N4N2C143,6,0,,0,
C1CC23N=C2C13,6,0,,0,
C1CC23N=C2N13,6,0,,0,
C1CC23NC12N3,6,0,,0,
C1CC23NC12O3,6,0,,0,
C1CC23NC2=C13,6,0,,0,
C1CC23NC2C13,6,0,,0,
C1CC23NC2N13,6,0,,0,
C1CC23NN2C13,6,0,,0,
C1CC23NN2N13,6,0,,0,
C1CC23OC12O3,6,0,,0,
C1CC23OC2=C13,6,0,,0,
C1CC23OC2C13,6,0,,0,
C1CC23OC2N13,6,0,,0,
C1CC23ON2C13,6,0,,0,
C1CC23ON2N13,6,0,,0,
C1CC2=C(C1)C2,6,0,,0,
C1CC2=C(C1)N2,6,0,,0,
C1CC2=C(C1)O2,6,0,,0,
C1CC2=C(C2)N1,6,0,,0,
C1CC2=C(C2)O1,6,0,,0,
C1CC2=C(N1)N2,6,0,,0,
C1CC2=C(N1)O2,6,0,,0,
C1CC2=C(N2)O1,6,0,,0,
C1CC2=C(O1)O2,6,0,,0,
C1CC2=C1CC2,6,0,,0,
C1CC2=C1CN2,6,0,,0,
C1CC2=C1CO2,6,0,,0,
C1CC2=C1N=N2,6,0,,0,
C1CC2=C3C1=C23,6,0,,0,
C1CC2=NC1=N2,6,0,,0,
C1CC2=NC2=N1,6,0,,0,
C1CC2=NC2C1,6,0,,0,
C1CC2=NC2N1,6,0,,0,
C1CC2=NC2O1,6,0,,0,
C1CC2=NN2C1,6,0,,0,
C1CC2=NN2N1,6,0,,0,
C1CC2=NN2O1,6,0,,0,
C1CC2=NN=C12,6,0,,0,
C1CC2C3=C1C32,6,0,,0,
C1CC2C3=C1N32,6,0,,0,
C1CC2C3=C2C13,6,0,,0,
C1CC2C3C1C23,6,0,,0,
C1CC2C3C1N23,6,0,,0,
C1CC2CC1=N2,6,0,,0,
C1CC2CC1C2,6,0,,0,
C1CC2CC1N2,6,0,,0,
C1CC2CC1O2,6,0,,0,
C1CC2CC2=N1,6,0,,0,
C1CC2CC2C1,6,0,,0,
C1CC2CC2N1,6,0,,0,
C1CC2CC2O1,6,0,,0,
C1CC2CCC12,6,0,,0,
C1CC2CN2C1,6,0,,0,
C1CC2CN2N1,6,0,,0,
C1CC2CN2O1,6,0,,0,
C1CC2CN=C12,6,0,,0,
C1CC2N3C1N23,6,0,,0,
C1CC2N=C1N2,6,0,,0,
C1CC2N=C1O2,6,0,,0,
C1CC2N=C2N1,6,0,,0,
C1CC2N=C2O1,6,0,,0,
C1CC2N=NC12,6,0,,0,
C1CC2NC1N2,6,0,,0,
C1CC2NC1O2,6,0,,0,
C1CC2NC2=N1,6,0,,0,
C1CC2NC2C1,6,0,,0,
C1CC2NC2N1,6,0,,0,
C1CC2NC2O1,6,0,,0,
C1CC2NCC12,6,0,,0,
C1CC2NN2C1,6,0,,0,
C1CC2NN2N1,6,0,,0,
C1CC2NN2O1,6,0,,0,
C1CC2NN=C12,6,0,,0,
C1CC2NNC12,6,0,,0,
C1CC2OC1O2,6,0,,0,
C1CC2OC2=N1,6,0,,0,
C1CC2OC2C1,6,0,,0,
C1CC2OC2N1,6,0,,0,
C1CC2OC2O1,6,0,,0,
C1CC2OCC12,6,0,,0,
C1CC2ON2C1,6,0,,0,
C1CC2ON2N1,6,0,,0,
C1CC2ON2O1,6,0,,0,
C1CC2ON=C12,6,0,,0,
C1CC2ONC12,6,0,,0,
C1CC2OOC12,6,0,,0,
C1CCCCC1,6,0,,0,
C1CCN=NC1,6,0,,0,
C1CCNCC1,6,0,,0,
C1CCNNC1,6,0,,0,
C1CCOCC1,6,0,,0,
C1CCONC1,6,0,,0,
C1CCOOC1,6,0,,0,
C1CN1C1=NN1,6,0,,0,
C1CN1C1=NO1,6,0,,0,
C1CN1C1N=N1,6,0,,0,
C1CN1C1NN1,6,0,,0,
C1CN1C1NO1,6,0,,0,
C1CN1C1OO1,6,0,,0,
C1CN1N1CC1,6,0,,0,
C1CN1N1CN1,6,0,,0,
C1CN1N1CO1,6,0,,0,
C1CN1N1N=N1,6,0,,0,
C1CN1n1[nH][nH]1,6,0,,0,
C1CN1n1[nH]o1,6,0,,0,
C1CN1n1oo1,6,0,,0,
C1CN2C3=C1C32,6,0,,0,
C1CN2C3=C2C13,6,0,,0,
C1CN2C3C1C32,6,0,,0,
C1CN2C3C1N32,6,0,,0,
C1CN2C3C2N13,6,0,,0,
C1CN2C3N1N32,6,0,,0,
C1CN2CC1=N2,6,0,,0,
C1CN2CC1C2,6,0,,0,
C1CN2CC1N2,6,0,,0,
C1CN2CC1O2,6,0,,0,
C1CN2CC2=N1,6,0,,0,
C1CN2CC2N1,6,0,,0,
C1CN2CC2O1,6,0,,0,
C1CN2CCC12,6,0,,0,
C1CN2CCN12,6,0,,0,
C1CN2CN1C2,6,0,,0,
C1CN2CN1N2,6,0,,0,
C1CN2CN1O2,6,0,,0,
C1CN2CN2C1,6,0,,0,
C1CN2CN2N1,6,0,,0,
C1CN2CN2O1,6,0,,0,
C1CN2CN=C12,6,0,,0,
C1CN2CNC12,6,0,,0,
C1CN2COC12,6,0,,0,
C1CN2N=C2N1,6,0,,0,
C1CN2N=C2O1,6,0,,0,
C1CN2N=NC12,6,0,,0,
C1CN2NC1N2,6,0,,0,
C1CN2NC1O2,6,0,,0,
C1CN2NC2=N1,6,0,,0,
C1CN2NC2N1,6,0,,0,
C1CN2NC2O1,6,0,,0,
C1CN2NCC12,6,0,,0,
C1CN2NCN12,6,0,,0,
C1CN2NN1N2,6,0,,0,
C1CN2NN1O2,6,0,,0,
C1CN2NNC12,6,0,,0,
C1CN2NNN12,6,0,,0,
C1CN2NOC12,6,0,,0,
C1CN2OC1O2,6,0,,0,
C1CN2OC2=N1,6,0,,0,
C1CN2OC2N1,6,0,,0,
C1CN2OC2O1,6,0,,0,
C1CN2OCC12,6,0,,0,
C1CN2OCN12,6,0,,0,
C1CN2ON1O2,6,0,,0,
C1CN2ONC12,6,0,,0,
C1CN2ONN12,6,0,,0,
C1CN2OOC12,6,0,,0,
C1CN2OON12,6,0,,0,
C1CN=NN=N1,6,0,,0,
C1CN=NNC1,6,0,,0,
C1CN=NOC1,6,0,,0,
C1CNCCN1,6,0,,0,
C1CNCN=N1,6,0,,0,
C1CNCNC1,6,0,,0,
C1CNCOC1,6,0,,0,
C1CNN=NN1,6,0,,0,
C1CNNCN1,6,0,,0,
C1CNNN=N1,6,0,,0,
C1CNNNC1,6,0,,0,
C1CNNNN1,6,0,,0,
C1CNNOC1,6,0,,0,
C1CNOCN1,6,0,,0,
C1CNON=N1,6,0,,0,
C1CNONC1,6,0,,0,
C1CNONN1,6,0,,0,
C1CNOOC1,6,0,,0,
C1CNOON1,6,0,,0,
C1COCCN1,6,0,,0,
C1COCCO1,6,0,,0,
C1COCN=N1,6,0,,0,
C1COCNN1,6,0,,0,
C1COCOC1,6,0,,0,
C1COCON1,6,0,,0,
C1CON=NN1,6,0,,0,
C1CON=NO1,6,0,,0,
C1CONCN1,6,0,,0,
C1CONCO1,6,0,,0,
C1CONN=N1,6,0,,0,
C1CONNN1,6,0,,0,
C1CONNO1,6,0,,0,
C1CONOC1,6,0,,0,
C1CONON1,6,0,,0,
C1COOCN1,6,0,,0,
C1COOCO1,6,0,,0,
C1COON=N1,6,0,,0,
C1COONN1,6,0,,0,
C1COONO1,6,0,,0,
C1COOOC1,6,0,,0,
C1COOON1,6,0,,0,
C1COOOO1,6,0,,0,
C1Cc2[nH][nH]c21,6,0,,0,
C1Cc2o[nH]c21,6,0,,0,
C1Cc2ooc21,6,0,,0,
C1Cn2[nH]n2C1,6,0,,0,
C1Cn2[nH]n2N1,6,0,,0,
C1Cn2[nH]n2O1,6,0,,0,
C1Cn2[nH]nc21,6,0,,0,
C1Cn2c3c1n2-3,6,0,,0,
C1Cn2c3n1c2=3,6,0,,0,
C1Cn2n3n1n23,6,0,,0,
C1Cn2n3n2C13,6,0,,0,
C1Cn2nc1[nH]2,6,0,,0,
C1Cn2nc1o2,6,0,,0,
C1Cn2nnn21,6,0,,0,
C1Cn2on2C1,6,0,,0,
C1Cn2on2N1,6,0,,0,
C1Cn2on2O1,6,0,,0,
C1Cn2onc21,6,0,,0,
C1N2C13C1=NC123,6,0,,0,
C1N2C13C1NC123,6,0,,0,
C1N2C13C1OC123,6,0,,0,
C1N2C13N1CC213,6,0,,0,
C1N2C13N1NC213,6,0,,0,
C1N2C13N1OC213,6,0,,0,
C1N2C34C5C13C524,6,0,,0,
C1N2C34CC23N14,6,0,,0,
C1N2C34N5C13C254,6,0,,0,
C1N2C34NC23N14,6,0,,0,
C1N2C34OC23N14,6,0,,0,
C1N2C3=C4C2C143,6,0,,0,
C1N2C3=C4C3C142,6,0,,0,
C1N2C3=C4N1C342,6,0,,0,
C1N2C3=C4N3C142,6,0,,0,
C1N2C3=NC12N3,6,0,,0,
C1N2C3=NC12O3,6,0,,0,
C1N2C3=NC2N13,6,0,,0,
C1N2C3=NC3N12,6,0,,0,
C1N2C3=NN3N12,6,0,,0,
C1N2C3=NNC132,6,0,,0,
C1N2C3=NOC132,6,0,,0,
C1N2C3C14CC324,6,0,,0,
C1N2C3C14NC324,6,0,,0,
C1N2C3C14OC324,6,0,,0,
C1N2C3C4=C3C142,6,0,,0,
C1N2C3C4C2C143,6,0,,0,
C1N2C3C4C3C142,6,0,,0,
C1N2C3C4N1C342,6,0,,0,
C1N2C3C4N2C134,6,0,,0,
C1N2C3C4N3C142,6,0,,0,
C1N2C3CN2N13,6,0,,0,
C1N2C3N4C2C134,6,0,,0,
C1N2C3N4N1C324,6,0,,0,
C1N2C3N4N2C134,6,0,,0,
C1N2C3N4N3C124,6,0,,0,
C1N2C3N=NC132,6,0,,0,
C1N2C3NC12N3,6,0,,0,
C1N2C3NC12O3,6,0,,0,
C1N2C3NC2N13,6,0,,0,
C1N2C3NC3N12,6,0,,0,
C1N2C3NN2N13,6,0,,0,
C1N2C3NN3N12,6,0,,0,
C1N2C3NNC132,6,0,,0,
C1N2C3NOC132,6,0,,0,
C1N2C3OC12O3,6,0,,0,
C1N2C3OC2N13,6,0,,0,
C1N2C3OC3N12,6,0,,0,
C1N2C3ON2N13,6,0,,0,
C1N2C3ON3N12,6,0,,0,
C1N2C3ONC132,6,0,,0,
C1N2C3OOC132,6,0,,0,
C1N2CC13CN23,6,0,,0,
C1N2CC13N=C23,6,0,,0,
C1N2CC13NC23,6,0,,0,
C1N2CC13NN23,6,0,,0,
C1N2CC13OC23,6,0,,0,
C1N2CC13ON23,6,0,,0,
C1N2CC23CN13,6,0,,0,
C1N2CC23NN13,6,0,,0,
C1N2CC23ON13,6,0,,0,
C1N2CN1N=N2,6,0,,0,
C1N2CN1NN2,6,0,,0,
C1N2CN1ON2,6,0,,0,
C1N2CN1OO2,6,0,,0,
C1N2CN3C2N13,6,0,,0,
C1N2Cn3n1n32,6,0,,0,
C1N2N1C21CC1,6,0,,0,
C1N2N1C21CN1,6,0,,0,
C1N2N1C21CO1,6,0,,0,
C1N2N1C21N=N1,6,0,,0,
C1N2N1C21NN1,6,0,,0,
C1N2N1C21NO1,6,0,,0,
C1N2N1C21OO1,6,0,,0,
C1N2N1N1CN21,6,0,,0,
C1N2N3C14CC234,6,0,,0,
C1N2N3C14NC234,6,0,,0,
C1N2N3C14OC234,6,0,,0,
C1N2N3C4=C3C142,6,0,,0,
C1N2N3C4C3C142,6,0,,0,
C1N2N3C4N2C143,6,0,,0,
C1N2N3C4N3C142,6,0,,0,
C1N2N3CN2N13,6,0,,0,
C1N2N3N4N1C234,6,0,,0,
C1N2N3N4N2C134,6,0,,0,
C1N2N3N=NC123,6,0,,0,
C1N2N3NC12N3,6,0,,0,
C1N2N3NC12O3,6,0,,0,
C1N2N3NN2N13,6,0,,0,
C1N2N3NNC123,6,0,,0,
C1N2N3NOC123,6,0,,0,
C1N2N3OC12O3,6,0,,0,
C1N2N3ON2N13,6,0,,0,
C1N2N3ONC123,6,0,,0,
C1N2N3OOC123,6,0,,0,
C1N2N=C3C2N13,6,0,,0,
C1N2N=C3NC132,6,0,,0,
C1N2N=C3OC132,6,0,,0,
C1N2N=NN1N2,6,0,,0,
C1N2N=NN1O2,6,0,,0,
C1N2N=NNN12,6,0,,0,
C1N2N=NON12,6,0,,0,
C1N2NC13CN23,6,0,,0,
C1N2NC13N=C23,6,0,,0,
C1N2NC13NC23,6,0,,0,
C1N2NC13NN23,6,0,,0,
C1N2NC13OC23,6,0,,0,
C1N2NC13ON23,6,0,,0,
C1N2NC23NN13,6,0,,0,
C1N2NC23ON13,6,0,,0,
C1N2NC3=NC132,6,0,,0,
C1N2NC3C2N13,6,0,,0,
C1N2NC3N1N32,6,0,,0,
C1N2NC3NC132,6,0,,0,
C1N2NC3OC132,6,0,,0,
C1N2NN3C2N13,6,0,,0,
C1N2NN3CC123,6,0,,0,
C1N2NN3NC123,6,0,,0,
C1N2NN3OC123,6,0,,0,
C1N2OC13CN23,6,0,,0,
C1N2OC13N=C23,6,0,,0,
C1N2OC13NC23,6,0,,0,
C1N2OC13NN23,6,0,,0,
C1N2OC13OC23,6,0,,0,
C1N2OC13ON23,6,0,,0,
C1N2OC23ON13,6,0,,0,
C1N2OC3=NC132,6,0,,0,
C1N2OC3C2N13,6,0,,0,
C1N2OC3N1N32,6,0,,0,
C1N2OC3NC132,6,0,,0,
C1N2OC3OC132,6,0,,0,
C1N2ON3C2N13,6,0,,0,
C1N2ON3CC123,6,0,,0,
C1N2ON3NC123,6,0,,0,
C1N2ON3OC123,6,0,,0,
C1N2c3[nH]n1c32,6,0,,0,
C1N2c3nn1n32,6,0,,0,
C1N2c3on1c32,6,0,,0,
C1N2n3n4n3C124,6,0,,0,
C1N=C1C1=NC1,6,0,,0,
C1N=C1C1=NN1,6,0,,0,
C1N=C1C1=NO1,6,0,,0,
C1N=C1C1CC1,6,0,,0,
C1N=C1C1CN1,6,0,,0,
C1N=C1C1CO1,6,0,,0,
C1N=C1C1N=N1,6,0,,0,
C1N=C1C1NN1,6,0,,0,
C1N=C1C1NO1,6,0,,0,
C1N=C1C1OO1,6,0,,0,
C1N=C1N1CC1,6,0,,0,
C1N=C1N1CN1,6,0,,0,
C1N=C1N1CO1,6,0,,0,
C1N=C1N1N=N1,6,0,,0,
C1N=C1n1[nH][nH]1,6,0,,0,
C1N=C1n1[nH]o1,6,0,,0,
C1N=C1n1oo1,6,0,,0,
C1N=C2C3=C1C23,6,0,,0,
C1N=C2C3=C1N23,6,0,,0,
C1N=C2C3=C2C13,6,0,,0,
C1N=C2C3=C2N13,6,0,,0,
C1N=C2C3=NC123,6,0,,0,
C1N=C2C3C1C23,6,0,,0,
C1N=C2C3C1N23,6,0,,0,
C1N=C2C3C2N13,6,0,,0,
C1N=C2C3CC123,6,0,,0,
C1N=C2C3N1N23,6,0,,0,
C1N=C2C3NC123,6,0,,0,
C1N=C2C3OC123,6,0,,0,
C1N=C2CC1=N2,6,0,,0,
C1N=C2CC1C2,6,0,,0,
C1N=C2CC1N2,6,0,,0,
C1N=C2CC1O2,6,0,,0,
C1N=C2CC2=N1,6,0,,0,
C1N=C2CC2N1,6,0,,0,
C1N=C2CC2O1,6,0,,0,
C1N=C2CN1C2,6,0,,0,
C1N=C2CN1N2,6,0,,0,
C1N=C2CN1O2,6,0,,0,
C1N=C2CN2N1,6,0,,0,
C1N=C2CN2O1,6,0,,0,
C1N=C2CN=C12,6,0,,0,
C1N=C2N3C1N23,6,0,,0,
C1N=C2N3CC123,6,0,,0,
C1N=C2N3NC123,6,0,,0,
C1N=C2N3OC123,6,0,,0,
C1N=C2N=C1N2,6,0,,0,
C1N=C2N=C1O2,6,0,,0,
C1N=C2N=C2N1,6,0,,0,
C1N=C2N=C2O1,6,0,,0,
C1N=C2N=NC12,6,0,,0,
C1N=C2N=NN12,6,0,,0,
C1N=C2NC1N2,6,0,,0,
C1N=C2NC1O2,6,0,,0,
C1N=C2NC2=N1,6,0,,0,
C1N=C2NC2N1,6,0,,0,
C1N=C2NC2O1,6,0,,0,
C1N=C2NCC12,6,0,,0,
C1N=C2NCN12,6,0,,0,
C1N=C2NN1N2,6,0,,0,
C1N=C2NN1O2,6,0,,0,
C1N=C2NN2N1,6,0,,0,
C1N=C2NN2O1,6,0,,0,
C1N=C2NN=C12,6,0,,0,
C1N=C2NNC12,6,0,,0,
C1N=C2NNN12,6,0,,0,
C1N=C2NOC12,6,0,,0,
C1N=C2NON12,6,0,,0,
C1N=C2OC1O2,6,0,,0,
C1N=C2OC2=N1,6,0,,0,
C1N=C2OC2N1,6,0,,0,
C1N=C2OC2O1,6,0,,0,
C1N=C2OCC12,6,0,,0,
C1N=C2OCN12,6,0,,0,
C1N=C2ON1O2,6,0,,0,
C1N=C2ON2N1,6,0,,0,
C1N=C2ON2O1,6,0,,0,
C1N=C2ON=C12,6,0,,0,
C1N=C2ONC12,6,0,,0,
C1N=C2ONN12,6,0,,0,
C1N=C2OOC12,6,0,,0,
C1N=C2OON12,6,0,,0,
C1N=C2n3n1n32,6,0,,0,
C1N=NC12CN2,6,0,,0,
C1N=NC12CO2,6,0,,0,
C1N=NC12N=N2,6,0,,0,
C1N=NC12NN2,6,0,,0,
C1N=NC12NO2,6,0,,0,
C1N=NC12OO2,6,0,,0,
C1N=NC2=C1C2,6,0,,0,
C1N=NC2=C1N2,6,0,,0,
C1N=NC2=C1O2,6,0,,0,
C1N=NC2=NC12,6,0,,0,
C1N=NC2=NN12,6,0,,0,
C1N=NC2CC12,6,0,,0,
C1N=NC2CN12,6,0,,0,
C1N=NC2N=C12,6,0,,0,
C1N=NC2NC12,6,0,,0,
C1N=NC2NN12,6,0,,0,
C1N=NC2OC12,6,0,,0,
C1N=NC2ON12,6,0,,0,
C1N=NCN=N1,6,0,,0,
C1N=NCNN1,6,0,,0,
C1N=NCON1,6,0,,0,
C1N=NCOO1,6,0,,0,
C1N=NN2CC12,6,0,,0,
C1N=NN2CN12,6,0,,0,
C1N=NN2N=C12,6,0,,0,
C1N=NN2NC12,6,0,,0,
C1N=NN2OC12,6,0,,0,
C1N=NN=NN1,6,0,,0,
C1N=NN=NO1,6,0,,0,
C1N=NNCN1,6,0,,0,
C1N=NNCO1,6,0,,0,
C1N=NNN=N1,6,0,,0,
C1N=NNNN1,6,0,,0,
C1N=NNNO1,6,0,,0,
C1N=NNON1,6,0,,0,
C1N=NNOO1,6,0,,0,
C1N=NOCN1,6,0,,0,
C1N=NOCO1,6,0,,0,
C1N=NON=N1,6,0,,0,
C1N=NONN1,6,0,,0,
C1N=NONO1,6,0,,0,
C1N=NOON1,6,0,,0,
C1N=NOOO1,6,0,,0,
C1N=Nn2[nH]n21,6,0,,0,
C1N=Nn2on21,6,0,,0,
C1NC12C1=C2N1,6,0,,0,
C1NC12C1=C2O1,6,0,,0,
C1NC12C1=NC12,6,0,,0,
C1NC12C1=NN12,6,0,,0,
C1NC12C1NC12,6,0,,0,
C1NC12C1NN12,6,0,,0,
C1NC12C1OC12,6,0,,0,
C1NC12C1ON12,6,0,,0,
C1NC12COC2,6,0,,0,
C1NC12CON2,6,0,,0,
C1NC12COO2,6,0,,0,
C1NC12N=NN2,6,0,,0,
C1NC12N=NO2,6,0,,0,
C1NC12NNN2,6,0,,0,
C1NC12NNO2,6,0,,0,
C1NC12NON2,6,0,,0,
C1NC12NOO2,6,0,,0,
C1NC12ONO2,6,0,,0,
C1NC12OOO2,6,0,,0,
C1NC12n1[nH]n12,6,0,,0,
C1NC12n1on12,6,0,,0,
C1NC1=C1CN1,6,0,,0,
C1NC1=C1CO1,6,0,,0,
C1NC1=C1N=N1,6,0,,0,
C1NC1=C1NN1,6,0,,0,
C1NC1=C1NO1,6,0,,0,
C1NC1=C1OO1,6,0,,0,
C1NC1C1=NN1,6,0,,0,
C1NC1C1=NO1,6,0,,0,
C1NC1C1CN1,6,0,,0,
C1NC1C1CO1,6,0,,0,
C1NC1C1N=N1,6,0,,0,
C1NC1C1NN1,6,0,,0,
C1NC1C1NO1,6,0,,0,
C1NC1C1OO1,6,0,,0,
C1NC1N1CC1,6,0,,0,
C1NC1N1CN1,6,0,,0,
C1NC1N1CO1,6,0,,0,
C1NC1N1N=N1,6,0,,0,
C1NC1n1[nH][nH]1,6,0,,0,
C1NC1n1[nH]o1,6,0,,0,
C1NC1n1oo1,6,0,,0,
C1NC2(CC2)N1,6,0,,0,
C1NC2(CC2)O1,6,0,,0,
C1NC2(CN2)N1,6,0,,0,
C1NC2(CN2)O1,6,0,,0,
C1NC2(CO2)N1,6,0,,0,
C1NC2(CO2)O1,6,0,,0,
C1NC2(N1)NN2,6,0,,0,
C1NC2(N1)NO2,6,0,,0,
C1NC2(N1)OO2,6,0,,0,
C1NC2(N=N2)N1,6,0,,0,
C1NC2(N=N2)O1,6,0,,0,
C1NC2(NN2)O1,6,0,,0,
C1NC2(NO2)O1,6,0,,0,
C1NC2(O1)OO2,6,0,,0,
C1NC23C4=C2C143,6,0,,0,
C1NC23C4C2C143,6,0,,0,
C1NC23C4N2C143,6,0,,0,
C1NC23CC12C3,6,0,,0,
C1NC23CC12N3,6,0,,0,
C1NC23CC12O3,6,0,,0,
C1NC23CC2=C13,6,0,,0,
C1NC23CC2C13,6,0,,0,
C1NC23CC2N13,6,0,,0,
C1NC23CN2C13,6,0,,0,
C1NC23CN2N13,6,0,,0,
C1NC23N4N2C143,6,0,,0,
C1NC23N=C2C13,6,0,,0,
C1NC23N=C2N13,6,0,,0,
C1NC23NC12N3,6,0,,0,
C1NC23NC12O3,6,0,,0,
C1NC23NC2=C13,6,0,,0,
C1NC23NC2C13,6,0,,0,
C1NC23NC2N13,6,0,,0,
C1NC23NN2C13,6,0,,0,
C1NC23NN2N13,6,0,,0,
C1NC23OC12O3,6,0,,0,
C1NC23OC2=C13,6,0,,0,
C1NC23OC2C13,6,0,,0,
C1NC23OC2N13,6,0,,0,
C1NC23ON2C13,6,0,,0,
C1NC23ON2N13,6,0,,0,
C1NC2=C(C2)N1,6,0,,0,
C1NC2=C(C2)O1,6,0,,0,
C1NC2=C(N1)N2,6,0,,0,
C1NC2=C(N1)O2,6,0,,0,
C1NC2=C(N2)O1,6,0,,0,
C1NC2=C(O1)O2,6,0,,0,
C1NC2=C1CN2,6,0,,0,
C1NC2=C1CO2,6,0,,0,
C1NC2=C1N=N2,6,0,,0,
C1NC2=C1NC2,6,0,,0,
C1NC2=C3C1=C23,6,0,,0,
C1NC2=C3C1C23,6,0,,0,
C1NC2=C3C1N23,6,0,,0,
C1NC2=C3C2N13,6,0,,0,
C1NC2=C3CC132,6,0,,0,
C1NC2=C3NC123,6,0,,0,
C1NC2=C3OC123,6,0,,0,
C1NC2=NC1=N2,6,0,,0,
C1NC2=NC1C2,6,0,,0,
C1NC2=NC1N2,6,0,,0,
C1NC2=NC1O2,6,0,,0,
C1NC2=NC2N1,6,0,,0,
C1NC2=NC2O1,6,0,,0,
C1NC2=NN1C2,6,0,,0,
C1NC2=NN2N1,6,0,,0,
C1NC2=NN2O1,6,0,,0,
C1NC2=NN=C12,6,0,,0,
C1NC2=NNC12,6,0,,0,
C1NC2=NOC12,6,0,,0,
C1NC2C3=C1C32,6,0,,0,
C1NC2C3=C1N32,6,0,,0,
C1NC2C3=C2C13,6,0,,0,
C1NC2C3=C2N13,6,0,,0,
C1NC2C3=NC132,6,0,,0,
C1NC2C3C1C23,6,0,,0,
C1NC2C3C1N23,6,0,,0,
C1NC2C3C2N13,6,0,,0,
C1NC2C3CC132,6,0,,0,
C1NC2C3N1N23,6,0,,0,
C1NC2C3NC123,6,0,,0,
C1NC2C3OC123,6,0,,0,
C1NC2CC1=N2,6,0,,0,
C1NC2CC1C2,6,0,,0,
C1NC2CC1N2,6,0,,0,
C1NC2CC1O2,6,0,,0,
C1NC2CC2N1,6,0,,0,
C1NC2CC2O1,6,0,,0,
C1NC2CN1C2,6,0,,0,
C1NC2CN1N2,6,0,,0,
C1NC2CN1O2,6,0,,0,
C1NC2CN2N1,6,0,,0,
C1NC2CN2O1,6,0,,0,
C1NC2CN=C12,6,0,,0,
C1NC2CNC12,6,0,,0,
C1NC2N3C1N23,6,0,,0,
C1NC2N3CC123,6,0,,0,
C1NC2N3NC123,6,0,,0,
C1NC2N3OC123,6,0,,0,
C1NC2N=C1N2,6,0,,0,
C1NC2N=C1O2,6,0,,0,
C1NC2N=C2O1,6,0,,0,
C1NC2N=NC12,6,0,,0,
C1NC2N=NN12,6,0,,0,
C1NC2NC1N2,6,0,,0,
C1NC2NC1O2,6,0,,0,
C1NC2NC2N1,6,0,,0,
C1NC2NC2O1,6,0,,0,
C1NC2NCC12,6,0,,0,
C1NC2NCN12,6,0,,0,
C1NC2NN1N2,6,0,,0,
C1NC2NN1O2,6,0,,0,
C1NC2NN2N1,6,0,,0,
C1NC2NN2O1,6,0,,0,
C1NC2NN=C12,6,0,,0,
C1NC2NNC12,6,0,,0,
C1NC2NNN12,6,0,,0,
C1NC2NOC12,6,0,,0,
C1NC2NON12,6,0,,0,
C1NC2OC1O2,6,0,,0,
C1NC2OC2N1,6,0,,0,
C1NC2OC2O1,6,0,,0,
C1NC2OCC12,6,0,,0,
C1NC2OCN12,6,0,,0,
C1NC2ON1O2,6,0,,0,
C1NC2ON2N1,6,0,,0,
C1NC2ON2O1,6,0,,0,
C1NC2ON=C12,6,0,,0,
C1NC2ONC12,6,0,,0,
C1NC2ONN12,6,0,,0,
C1NC2OOC12,6,0,,0,
C1NC2OON12,6,0,,0,
C1NC2n3n1n32,6,0,,0,
C1NCC12CN2,6,0,,0,
C1NCC12CO2,6,0,,0,
C1NCC12N=N2,6,0,,0,
C1NCC12NN2,6,0,,0,
C1NCC12NO2,6,0,,0,
C1NCC12OO2,6,0,,0,
C1NCC2=C1C2,6,0,,0,
C1NCC2=C1N2,6,0,,0,
C1NCC2=C1O2,6,0,,0,
C1NCC2CC12,6,0,,0,
C1NCC2N=C12,6,0,,0,
C1NCC2NC12,6,0,,0,
C1NCC2OC12,6,0,,0,
C1NCN2CC12,6,0,,0,
C1NCN2CN12,6,0,,0,
C1NCN2N=C12,6,0,,0,
C1NCN2NC12,6,0,,0,
C1NCN2OC12,6,0,,0,
C1NCNCN1,6,0,,0,
C1NCNNN1,6,0,,0,
C1NCNON1,6,0,,0,
C1NCOCN1,6,0,,0,
C1NCOCO1,6,0,,0,
C1NCONN1,6,0,,0,
C1NCONO1,6,0,,0,
C1NCOON1,6,0,,0,
C1NCOOO1,6,0,,0,
C1NCn2[nH]n21,6,0,,0,
C1NCn2on21,6,0,,0,
C1NN1C1=NN1,6,0,,0,
C1NN1C1=NO1,6,0,,0,
C1NN1C1N=N1,6,0,,0,
C1NN1C1NN1,6,0,,0,
C1NN1C1NO1,6,0,,0,
C1NN1C1OO1,6,0,,0,
C1NN1N1CN1,6,0,,0,
C1NN1N1CO1,6,0,,0,
C1NN1N1N=N1,6,0,,0,
C1NN1n1[nH][nH]1,6,0,,0,
C1NN1n1[nH]o1,6,0,,0,
C1NN1n1oo1,6,0,,0,
C1NN2C3=C1C32,6,0,,0,
C1NN2C3=C2C13,6,0,,0,
C1NN2C3=NC132,6,0,,0,
C1NN2C3C1C32,6,0,,0,
C1NN2C3C1N32,6,0,,0,
C1NN2C3C2N13,6,0,,0,
C1NN2C3CC132,6,0,,0,
C1NN2C3N1N32,6,0,,0,
C1NN2C3NC132,6,0,,0,
C1NN2C3OC132,6,0,,0,
C1NN2CC1=N2,6,0,,0,
C1NN2CC1C2,6,0,,0,
C1NN2CC1N2,6,0,,0,
C1NN2CC1O2,6,0,,0,
C1NN2CC2O1,6,0,,0,
C1NN2CN1C2,6,0,,0,
C1NN2CN1N2,6,0,,0,
C1NN2CN1O2,6,0,,0,
C1NN2CN2N1,6,0,,0,
C1NN2CN2O1,6,0,,0,
C1NN2CN=C12,6,0,,0,
C1NN2CNC12,6,0,,0,
C1NN2CNN12,6,0,,0,
C1NN2COC12,6,0,,0,
C1NN2N3CC132,6,0,,0,
C1NN2N3NC123,6,0,,0,
C1NN2N3OC123,6,0,,0,
C1NN2N=C2O1,6,0,,0,
C1NN2N=NC12,6,0,,0,
C1NN2NC1N2,6,0,,0,
C1NN2NC1O2,6,0,,0,
C1NN2NC2O1,6,0,,0,
C1NN2NCC12,6,0,,0,
C1NN2NCN12,6,0,,0,
C1NN2NN1N2,6,0,,0,
C1NN2NN1O2,6,0,,0,
C1NN2NNC12,6,0,,0,
C1NN2NNN12,6,0,,0,
C1NN2NOC12,6,0,,0,
C1NN2NON12,6,0,,0,
C1NN2OC1O2,6,0,,0,
C1NN2OC2O1,6,0,,0,
C1NN2OCC12,6,0,,0,
C1NN2OCN12,6,0,,0,
C1NN2ON1O2,6,0,,0,
C1NN2ONC12,6,0,,0,
C1NN2ONN12,6,0,,0,
C1NN2OOC12,6,0,,0,
C1NN2OON12,6,0,,0,
C1NN=C2CC12,6,0,,0,
C1NN=C2CN12,6,0,,0,
C1NN=C2N=C12,6,0,,0,
C1NN=C2NC12,6,0,,0,
C1NN=C2NN12,6,0,,0,
C1NN=C2OC12,6,0,,0,
C1NN=C2ON12,6,0,,0,
C1NN=NNN1,6,0,,0,
C1NN=NNO1,6,0,,0,
C1NN=NON1,6,0,,0,
C1NN=NOO1,6,0,,0,
C1NNC12CN2,6,0,,0,
C1NNC12CO2,6,0,,0,
C1NNC12N=N2,6,0,,0,
C1NNC12NN2,6,0,,0,
C1NNC12NO2,6,0,,0,
C1NNC12OO2,6,0,,0,
C1NNC2=C1C2,6,0,,0,
C1NNC2=C1N2,6,0,,0,
C1NNC2=C1O2,6,0,,0,
C1NNC2=NC12,6,0,,0,
C1NNC2=NN12,6,0,,0,
C1NNC2CC12,6,0,,0,
C1NNC2CN12,6,0,,0,
C1NNC2N=C12,6,0,,0,
C1NNC2NC12,6,0,,0,
C1NNC2NN12,6,0,,0,
C1NNC2OC12,6,0,,0,
C1NNC2ON12,6,0,,0,
C1NNCNN1,6,0,,0,
C1NNCON1,6,0,,0,
C1NNCOO1,6,0,,0,
C1NNN2CC12,6,0,,0,
C1NNN2CN12,6,0,,0,
C1NNN2N=C12,6,0,,0,
C1NNN2NC12,6,0,,0,
C1NNN2OC12,6,0,,0,
C1NNN=NO1,6,0,,0,
C1NNNCO1,6,0,,0,
C1NNNNN1,6,0,,0,
C1NNNNO1,6,0,,0,
C1NNNON1,6,0,,0,
C1NNNOO1,6,0,,0,
C1NNOCO1,6,0,,0,
C1NNONN1,6,0,,0,
C1NNONO1,6,0,,0,
C1NNOON1,6,0,,0,
C1NNOOO1,6,0,,0,
C1NNn2[nH]n21,6,0,,0,
C1NNn2on21,6,0,,0,
C1NOC12CN2,6,0,,0,
C1NOC12CO2,6,0,,0,
C1NOC12N=N2,6,0,,0,
C1NOC12NN2,6,0,,0,
C1NOC12NO2,6,0,,0,
C1NOC12OO2,6,0,,0,
C1NOC2=C1C2,6,0,,0,
C1NOC2=C1N2,6,0,,0,
C1NOC2=C1O2,6,0,,0,
C1NOC2=NC12,6,0,,0,
C1NOC2=NN12,6,0,,0,
C1NOC2CC12,6,0,,0,
C1NOC2CN12,6,0,,0,
C1NOC2N=C12,6,0,,0,
C1NOC2NC12,6,0,,0,
C1NOC2NN12,6,0,,0,
C1NOC2OC12,6,0,,0,
C1NOC2ON12,6,0,,0,
C1NOCNO1,6,0,,0,
C1NOCON1,6,0,,0,
C1NOCOO1,6,0,,0,
C1NON2CC12,6,0,,0,
C1NON2CN12,6,0,,0,
C1NON2N=C12,6,0,,0,
C1NON2NC12,6,0,,0,
C1NON2OC12,6,0,,0,
C1NON=NO1,6,0,,0,
C1NONCO1,6,0,,0,
C1NONNO1,6,0,,0,
C1NONON1,6,0,,0,
C1NONOO1,6,0,,0,
C1NOOCO1,6,0,,0,
C1NOONO1,6,0,,0,
C1NOOON1,6,0,,0,
C1NOOOO1,6,0,,0,
C1NOn2[nH]n21,6,0,,0,
C1NOn2on21,6,0,,0,
C1Nc2[nH][nH]c21,6,0,,0,
C1Nc2[nH]oc21,6,0,,0,
C1Nc2c3n1n2-3,6,0,,0,
C1Nc2n[nH]n21,6,0,,0,
C1Nc2nn1[nH]2,6,0,,0,
C1Nc2nn1o2,6,0,,0,
C1Nc2non21,6,0,,0,
C1Nc2o[nH]c21,6,0,,0,
C1Nc2ooc21,6,0,,0,
C1Nn2[nH]n2N1,6,0,,0,
C1Nn2[nH]n2O1,6,0,,0,
C1Nn2[nH]nc21,6,0,,0,
C1Nn2c3c1n2-3,6,0,,0,
C1Nn2c3n1c2=3,6,0,,0,
C1Nn2n3n1n23,6,0,,0,
C1Nn2n3n2C13,6,0,,0,
C1Nn2nc1[nH]2,6,0,,0,
C1Nn2nc1o2,6,0,,0,
C1Nn2nnn21,6,0,,0,
C1Nn2on2N1,6,0,,0,
C1Nn2on2O1,6,0,,0,
C1Nn2onc21,6,0,,0,
C1OC12C1=C2N1,6,0,,0,
C1OC12C1=C2O1,6,0,,0,
C1OC12C1=NC12,6,0,,0,
C1OC12C1=NN12,6,0,,0,
C1OC12C1NC12,6,0,,0,
C1OC12C1NN12,6,0,,0,
C1OC12C1OC12,6,0,,0,
C1OC12C1ON12,6,0,,0,
C1OC12N=NN2,6,0,,0,
C1OC12N=NO2,6,0,,0,
C1OC12NNN2,6,0,,0,
C1OC12NNO2,6,0,,0,
C1OC12NON2,6,0,,0,
C1OC12NOO2,6,0,,0,
C1OC12ONO2,6,0,,0,
C1OC12OOO2,6,0,,0,
C1OC12n1[nH]n12,6,0,,0,
C1OC12n1on12,6,0,,0,
C1OC1=C1CO1,6,0,,0,
C1OC1=C1N=N1,6,0,,0,
C1OC1=C1NN1,6,0,,0,
C1OC1=C1NO1,6,0,,0,
C1OC1=C1OO1,6,0,,0,
C1OC1C1=NN1,6,0,,0,
C1OC1C1=NO1,6,0,,0,
C1OC1C1CO1,6,0,,0,
C1OC1C1N=N1,6,0,,0,
C1OC1C1NN1,6,0,,0,
C1OC1C1NO1,6,0,,0,
C1OC1C1OO1,6,0,,0,
C1OC1N1CC1,6,0,,0,
C1OC1N1CN1,6,0,,0,
C1OC1N1CO1,6,0,,0,
C1OC1N1N=N1,6,0,,0,
C1OC1n1[nH][nH]1,6,0,,0,
C1OC1n1[nH]o1,6,0,,0,
C1OC1n1oo1,6,0,,0,
C1OC2(CC2)O1,6,0,,0,
C1OC2(CN2)O1,6,0,,0,
C1OC2(CO2)O1,6,0,,0,
C1OC2(N=N2)O1,6,0,,0,
C1OC2(NN2)O1,6,0,,0,
C1OC2(NO2)O1,6,0,,0,
C1OC2(O1)OO2,6,0,,0,
C1OC23C4=C2C143,6,0,,0,
C1OC23C4C2C143,6,0,,0,
C1OC23C4N2C143,6,0,,0,
C1OC23CC12C3,6,0,,0,
C1OC23CC12N3,6,0,,0,
C1OC23CC12O3,6,0,,0,
C1OC23CC2=C13,6,0,,0,
C1OC23CC2C13,6,0,,0,
C1OC23CC2N13,6,0,,0,
C1OC23CN2C13,6,0,,0,
C1OC23CN2N13,6,0,,0,
C1OC23N4N2C143,6,0,,0,
C1OC23N=C2C13,6,0,,0,
C1OC23N=C2N13,6,0,,0,
C1OC23NC12N3,6,0,,0,
C1OC23NC12O3,6,0,,0,
C1OC23NC2=C13,6,0,,0,
C1OC23NC2C13,6,0,,0,
C1OC23NC2N13,6,0,,0,
C1OC23NN2C13,6,0,,0,
C1OC23NN2N13,6,0,,0,
C1OC23OC12O3,6,0,,0,
C1OC23OC2=C13,6,0,,0,
C1OC23OC2C13,6,0,,0,
C1OC23OC2N13,6,0,,0,
C1OC23ON2C13,6,0,,0,
C1OC23ON2N13,6,0,,0,
C1OC2=C(C2)O1,6,0,,0,
C1OC2=C(N2)O1,6,0,,0,
C1OC2=C(O1)O2,6,0,,0,
C1OC2=C1CO2,6,0,,0,
C1OC2=C1N=N2,6,0,,0,
C1OC2=C1NC2,6,0,,0,
C1OC2=C1OC2,6,0,,0,
C1OC2=C3C1=C23,6,0,,0,
C1OC2=C3C1C23,6,0,,0,
C1OC2=C3C1N23,6,0,,0,
C1OC2=C3C2N13,6,0,,0,
C1OC2=C3CC132,6,0,,0,
C1OC2=C3NC132,6,0,,0,
C1OC2=C3OC123,6,0,,0,
C1OC2=NC1=N2,6,0,,0,
C1OC2=NC1C2,6,0,,0,
C1OC2=NC1N2,6,0,,0,
C1OC2=NC1O2,6,0,,0,
C1OC2=NC2O1,6,0,,0,
C1OC2=NN1C2,6,0,,0,
C1OC2=NN2O1,6,0,,0,
C1OC2=NN=C12,6,0,,0,
C1OC2=NNC12,6,0,,0,
C1OC2=NOC12,6,0,,0,
C1OC2C3=C1C32,6,0,,0,
C1OC2C3=C1N32,6,0,,0,
C1OC2C3=C2C13,6,0,,0,
C1OC2C3=C2N13,6,0,,0,
C1OC2C3=NC132,6,0,,0,
C1OC2C3C1C23,6,0,,0,
C1OC2C3C1N23,6,0,,0,
C1OC2C3C2N13,6,0,,0,
C1OC2C3CC132,6,0,,0,
C1OC2C3N1N23,6,0,,0,
C1OC2C3NC132,6,0,,0,
C1OC2C3OC123,6,0,,0,
C1OC2CC1=N2,6,0,,0,
C1OC2CC1C2,6,0,,0,
C1OC2CC1N2,6,0,,0,
C1OC2CC1O2,6,0,,0,
C1OC2CC2O1,6,0,,0,
C1OC2CN1C2,6,0,,0,
C1OC2CN1N2,6,0,,0,
C1OC2CN1O2,6,0,,0,
C1OC2CN2O1,6,0,,0,
C1OC2CN=C12,6,0,,0,
C1OC2CNC12,6,0,,0,
C1OC2COC12,6,0,,0,
C1OC2N3C1N23,6,0,,0,
C1OC2N3CC123,6,0,,0,
C1OC2N3NC123,6,0,,0,
C1OC2N3OC123,6,0,,0,
C1OC2N=C1N2,6,0,,0,
C1OC2N=C1O2,6,0,,0,
C1OC2N=NC12,6,0,,0,
C1OC2N=NN12,6,0,,0,
C1OC2NC1N2,6,0,,0,
C1OC2NC1O2,6,0,,0,
C1OC2NC2O1,6,0,,0,
C1OC2NN1N2,6,0,,0,
C1OC2NN1O2,6,0,,0,
C1OC2NN2O1,6,0,,0,
C1OC2NN=C12,6,0,,0,
C1OC2NNC12,6,0,,0,
C1OC2NNN12,6,0,,0,
C1OC2NOC12,6,0,,0,
C1OC2NON12,6,0,,0,
C1OC2OC1O2,6,0,,0,
C1OC2OC2O1,6,0,,0,
C1OC2OCC12,6,0,,0,
C1OC2OCN12,6,0,,0,
C1OC2ON1O2,6,0,,0,
C1OC2ON2O1,6,0,,0,
C1OC2ON=C12,6,0,,0,
C1OC2ONC12,6,0,,0,
C1OC2ONN12,6,0,,0,
C1OC2OOC12,6,0,,0,
C1OC2OON12,6,0,,0,
C1OC2n3n1n32,6,0,,0,
C1OCC12CO2,6,0,,0,
C1OCC12N=N2,6,0,,0,
C1OCC12NN2,6,0,,0,
C1OCC12NO2,6,0,,0,
C1OCC12OO2,6,0,,0,
C1OCC2=C1C2,6,0,,0,
C1OCC2=C1N2,6,0,,0,
C1OCC2=C1O2,6,0,,0,
C1OCC2CC12,6,0,,0,
C1OCC2N=C12,6,0,,0,
C1OCC2NC12,6,0,,0,
C1OCC2OC12,6,0,,0,
C1OCN2CC12,6,0,,0,
C1OCN2CN12,6,0,,0,
C1OCN2N=C12,6,0,,0,
C1OCN2NC12,6,0,,0,
C1OCN2OC12,6,0,,0,
C1OCOCO1,6,0,,0,
C1OCONO1,6,0,,0,
C1OCOOO1,6,0,,0,
C1OCn2[nH]n21,6,0,,0,
C1OCn2on21,6,0,,0,
C1ON1C1=NN1,6,0,,0,
C1ON1C1=NO1,6,0,,0,
C1ON1C1N=N1,6,0,,0,
C1ON1C1NN1,6,0,,0,
C1ON1C1NO1,6,0,,0,
C1ON1C1OO1,6,0,,0,
C1ON1N1CO1,6,0,,0,
C1ON1N1N=N1,6,0,,0,
C1ON1n1[nH][nH]1,6,0,,0,
C1ON1n1[nH]o1,6,0,,0,
C1ON1n1oo1,6,0,,0,
C1ON2C3=C1C32,6,0,,0,
C1ON2C3=C2C13,6,0,,0,
C1ON2C3=NC132,6,0,,0,
C1ON2C3C1C32,6,0,,0,
C1ON2C3C1N32,6,0,,0,
C1ON2C3C2N13,6,0,,0,
C1ON2C3CC132,6,0,,0,
C1ON2C3N1N32,6,0,,0,
C1ON2C3NC132,6,0,,0,
C1ON2C3OC132,6,0,,0,
C1ON2CC1=N2,6,0,,0,
C1ON2CC1C2,6,0,,0,
C1ON2CC1N2,6,0,,0,
C1ON2CC1O2,6,0,,0,
C1ON2CN1C2,6,0,,0,
C1ON2CN1N2,6,0,,0,
C1ON2CN1O2,6,0,,0,
C1ON2CN2O1,6,0,,0,
C1ON2CN=C12,6,0,,0,
C1ON2CNC12,6,0,,0,
C1ON2CNN12,6,0,,0,
C1ON2COC12,6,0,,0,
C1ON2CON12,6,0,,0,
C1ON2N3CC132,6,0,,0,
C1ON2N3NC132,6,0,,0,
C1ON2N3OC123,6,0,,0,
C1ON2N=NC12,6,0,,0,
C1ON2NC1N2,6,0,,0,
C1ON2NC1O2,6,0,,0,
C1ON2NN1N2,6,0,,0,
C1ON2NN1O2,6,0,,0,
C1ON2NNC12,6,0,,0,
C1ON2NNN12,6,0,,0,
C1ON2NOC12,6,0,,0,
C1ON2NON12,6,0,,0,
C1ON2OC1O2,6,0,,0,
C1ON2OCC12,6,0,,0,
C1ON2OCN12,6,0,,0,
C1ON2ON1O2,6,0,,0,
C1ON2ONC12,6,0,,0,
C1ON2ONN12,6,0,,0,
C1ON2OOC12,6,0,,0,
C1ON2OON12,6,0,,0,
C1ON=C2CC12,6,0,,0,
C1ON=C2CN12,6,0,,0,
C1ON=C2N=C12,6,0,,0,
C1ON=C2NC12,6,0,,0,
C1ON=C2NN12,6,0,,0,
C1ON=C2OC12,6,0,,0,
C1ON=C2ON12,6,0,,0,
C1ON=NNO1,6,0,,0,
C1ON=NOO1,6,0,,0,
C1ONC12CO2,6,0,,0,
C1ONC12N=N2,6,0,,0,
C1ONC12NN2,6,0,,0,
C1ONC12NO2,6,0,,0,
C1ONC12OO2,6,0,,0,
C1ONC2=C1C2,6,0,,0,
C1ONC2=C1N2,6,0,,0,
C1ONC2=C1O2,6,0,,0,
C1ONC2=NC12,6,0,,0,
C1ONC2=NN12,6,0,,0,
C1ONC2CC12,6,0,,0,
C1ONC2CN12,6,0,,0,
C1ONC2N=C12,6,0,,0,
C1ONC2NC12,6,0,,0,
C1ONC2NN12,6,0,,0,
C1ONC2OC12,6,0,,0,
C1ONC2ON12,6,0,,0,
C1ONN2CC12,6,0,,0,
C1ONN2CN12,6,0,,0,
C1ONN2N=C12,6,0,,0,
C1ONN2NC12,6,0,,0,
C1ONN2OC12,6,0,,0,
C1ONNNO1,6,0,,0,
C1ONNOO1,6,0,,0,
C1ONONO1,6,0,,0,
C1ONOOO1,6,0,,0,
C1ONn2[nH]n21,6,0,,0,
C1ONn2on21,6,0,,0,
C1OOC12CO2,6,0,,0,
C1OOC12N=N2,6,0,,0,
C1OOC12NN2,6,0,,0,
C1OOC12NO2,6,0,,0,
C1OOC12OO2,6,0,,0,
C1OOC2=C1C2,6,0,,0,
C1OOC2=C1N2,6,0,,0,
C1OOC2=C1O2,6,0,,0,
C1OOC2=NC12,6,0,,0,
C1OOC2=NN12,6,0,,0,
C1OOC2CC12,6,0,,0,
C1OOC2CN12,6,0,,0,
C1OOC2N=C12,6,0,,0,
C1OOC2NC12,6,0,,0,
C1OOC2NN12,6,0,,0,
C1OOC2OC12,6,0,,0,
C1OOC2ON12,6,0,,0,
C1OOCOO1,6,0,,0,
C1OON2CC12,6,0,,0,
C1OON2CN12,6,0,,0,
C1OON2N=C12,6,0,,0,
C1OON2NC12,6,0,,0,
C1OON2OC12,6,0,,0,
C1OONOO1,6,0,,0,
C1OOOOO1,6,0,,0,
C1OOn2[nH]n21,6,0,,0,
C1OOn2on21,6,0,,0,
C1Oc2[nH][nH]c21,6,0,,0,
C1Oc2[nH]oc21,6,0,,0,
C1Oc2c3n1n2-3,6,0,,0,
C1Oc2n[nH]n21,6,0,,0,
C1Oc2nn1[nH]2,6,0,,0,
C1Oc2nn1o2,6,0,,0,
C1Oc2non21,6,0,,0,
C1Oc2o[nH]c21,6,0,,0,
C1Oc2ooc21,6,0,,0,
C1On2[nH]n2O1,6,0,,0,
C1On2[nH]nc21,6,0,,0,
C1On2c3c1n2-3,6,0,,0,
C1On2c3n1c2=3,6,0,,0,
C1On2n3n1n23,6,0,,0,
C1On2n3n2C13,6,0,,0,
C1On2nc1[nH]2,6,0,,0,
C1On2nc1o2,6,0,,0,
C1On2nnn21,6,0,,0,
C1On2on2O1,6,0,,0,
C1On2onc21,6,0,,0,
C1c2[nH]c3c1c2-3,6,0,,0,
C1c2[nH]n3c2C13,6,0,,0,
C1c2[nH]n3c2N13,6,0,,0,
C1c2c1c1[nH]c2=1,6,0,,0,
C1c2c1c1oc2=1,6,0,,0,
C1c2c1n1[nH]n21,6,0,,0,
C1c2c1n1n2C1,6,0,,0,
C1c2c1n1on21,6,0,,0,
C1c2c3[nH]c-3c21,6,0,,0,
C1c2c3[nH]n2C13,6,0,,0,
C1c2c3[nH]n2n31,6,0,,0,
C1c2c3n(n21)C3,6,0,,0,
C1c2c3n(n21)N3,6,0,,0,
C1c2c3n(n21)O3,6,0,,0,
C1c2c3n1n2C3,6,0,,0,
C1c2c3n4n2C134,6,0,,0,
C1c2c3nc-3n21,6,0,,0,
C1c2c3nn-3c21,6,0,,0,
C1c2c3nn1c2-3,6,0,,0,
C1c2c3oc-3c21,6,0,,0,
C1c2c3on2C13,6,0,,0,
C1c2c3on2n31,6,0,,0,
C1c2n[nH]c1n2,6,0,,0,
C1c2n[nH]nc21,6,0,,0,
C1c2nc3c1n2-3,6,0,,0,
C1c2nc3n1c2-3,6,0,,0,
C1c2nc3n1c2=3,6,0,,0,
C1c2nn3c1c2-3,6,0,,0,
C1c2nn3n1n23,6,0,,0,
C1c2nn3n2C13,6,0,,0,
C1c2nn[nH]c21,6,0,,0,
C1c2nnc1[nH]2,6,0,,0,
C1c2nnc1o2,6,0,,0,
C1c2nnn1n2,6,0,,0,
C1c2nnnn21,6,0,,0,
C1c2nnoc21,6,0,,0,
C1c2noc1n2,6,0,,0,
C1c2nonc21,6,0,,0,
C1c2oc3c1c2-3,6,0,,0,
C1c2on3c2C13,6,0,,0,
C1c2on3c2N13,6,0,,0,
C1n2[nH][nH][nH]n21,6,0,,0,
C1n2[nH][nH]n1[nH]2,6,0,,0,
C1n2[nH][nH]n1o2,6,0,,0,
C1n2[nH][nH]on21,6,0,,0,
C1n2[nH]n1oo2,6,0,,0,
C1n2[nH]n3n1n23,6,0,,0,
C1n2[nH]o[nH]n21,6,0,,0,
C1n2[nH]on1[nH]2,6,0,,0,
C1n2[nH]on1o2,6,0,,0,
C1n2[nH]oon21,6,0,,0,
C1n2c3c(n21)N3,6,0,,0,
C1n2c3c(n21)O3,6,0,,0,
C1n2c3c4n2C134,6,0,,0,
C1n2c3nn2n31,6,0,,0,
C1n2n1n1[nH]n21,6,0,,0,
C1n2n1n1on21,6,0,,0,
C1n2o[nH]on21,6,0,,0,
C1n2on3n1n23,6,0,,0,
C1n2oon1o2,6,0,,0,
C1n2ooon21,6,0,,0,
C=C(C#N)C#N,6,0,,0,
C=C(C#N)C=N,6,0,,0,
C=C(C#N)C=O,6,0,,0,
C=C(C#N)CC,6,0,,0,
C=C(C#N)CN,6,0,,0,
C=C(C#N)CO,6,0,,0,
C=C(C#N)N=N,6,0,,0,
C=C(C#N)N=O,6,0,,0,
C=C(C#N)NC,6,0,,0,
C=C(C#N)NN,6,0,,0,
C=C(C#N)NO,6,0,,0,
C=C(C#N)OC,6,0,,0,
C=C(C#N)ON,6,0,,0,
C=C(C#N)OO,6,0,,0,
C=C(C)C#CC,6,0,,0,
C=C(C)C#CN,6,0,,0,
C=C(C)C#CO,6,0,,0,
C=C(C)C(=C)C,6,0,,0,
C=C(C)C(=C)N,6,0,,0,
C=C(C)C(=C)O,6,0,,0,
C=C(C)C(=N)N,6,0,,0,
C=C(C)C(=N)O,6,0,,0,
C=C(C)C(=O)O,6,0,,0,
C=C(C)C(C)=N,6,0,,0,
C=C(C)C(C)=O,6,0,,0,
C=C(C)C(C)C,6,0,,0,
C=C(C)C(C)N,6,0,,0,
C=C(C)C(C)O,6,0,,0,
C=C(C)C(N)=O,6,0,,0,
C=C(C)C(N)N,6,0,,0,
C=C(C)C(N)O,6,0,,0,
C=C(C)C(O)O,6,0,,0,
C=C(C)C1=C=C1,6,0,,0,
C=C(C)C1=C=N1,6,0,,0,
C=C(C)C1=CC1,6,0,,0,
C=C(C)C1=CN1,6,0,,0,
C=C(C)C1=CO1,6,0,,0,
C=C(C)C1=NC1,6,0,,0,
C=C(C)C1=NN1,6,0,,0,
C=C(C)C1=NO1,6,0,,0,
C=C(C)C1C#C1,6,0,,0,
C=C(C)C1C=C1,6,0,,0,
C=C(C)C1C=N1,6,0,,0,
C=C(C)C1CC1,6,0,,0,
C=C(C)C1CN1,6,0,,0,
C=C(C)C1CO1,6,0,,0,
C=C(C)C1N=N1,6,0,,0,
C=C(C)C1NN1,6,0,,0,
C=C(C)C1NO1,6,0,,0,
C=C(C)C1OO1,6,0,,0,
C=C(C)C=C=N,6,0,,0,
C=C(C)C=C=O,6,0,,0,
C=C(C)C=CC,6,0,,0,
C=C(C)C=CN,6,0,,0,
C=C(C)C=CO,6,0,,0,
C=C(C)C=NC,6,0,,0,
C=C(C)C=NN,6,0,,0,
C=C(C)C=NO,6,0,,0,
C=C(C)CC#N,6,0,,0,
C=C(C)CC=N,6,0,,0,
C=C(C)CC=O,6,0,,0,
C=C(C)CCC,6,0,,0,
C=C(C)CCN,6,0,,0,
C=C(C)CCO,6,0,,0,
C=C(C)CN=N,6,0,,0,
C=C(C)CN=O,6,0,,0,
C=C(C)CNC,6,0,,0,
C=C(C)CNN,6,0,,0,
C=C(C)CNO,6,0,,0,
C=C(C)COC,6,0,,0,
C=C(C)CON,6,0,,0,
C=C(C)COO,6,0,,0,
C=C(C)N(C)C,6,0,,0,
C=C(C)N(C)N,6,0,,0,
C=C(C)N(C)O,6,0,,0,
C=C(C)N(N)N,6,0,,0,
C=C(C)N(N)O,6,0,,0,
C=C(C)N(O)O,6,0,,0,
C=C(C)N1C#C1,6,0,,0,
C=C(C)N1C=C1,6,0,,0,
C=C(C)N1C=N1,6,0,,0,
C=C(C)N1CC1,6,0,,0,
C=C(C)N1CN1,6,0,,0,
C=C(C)N1CO1,6,0,,0,
C=C(C)N1N=N1,6,0,,0,
C=C(C)N=C=N,6,0,,0,
C=C(C)N=C=O,6,0,,0,
C=C(C)N=CC,6,0,,0,
C=C(C)N=CN,6,0,,0,
C=C(C)N=CO,6,0,,0,
C=C(C)N=NC,6,0,,0,
C=C(C)N=NN,6,0,,0,
C=C(C)N=NO,6,0,,0,
C=C(C)NC#N,6,0,,0,
C=C(C)NC=N,6,0,,0,
C=C(C)NC=O,6,0,,0,
C=C(C)NCC,6,0,,0,
C=C(C)NCN,6,0,,0,
C=C(C)NCO,6,0,,0,
C=C(C)NN=N,6,0,,0,
C=C(C)NN=O,6,0,,0,
C=C(C)NNC,6,0,,0,
C=C(C)NNN,6,0,,0,
C=C(C)NNO,6,0,,0,
C=C(C)NOC,6,0,,0,
C=C(C)NON,6,0,,0,
C=C(C)NOO,6,0,,0,
C=C(C)OC#N,6,0,,0,
C=C(C)OC=N,6,0,,0,
C=C(C)OC=O,6,0,,0,
C=C(C)OCC,6,0,,0,
C=C(C)OCN,6,0,,0,
C=C(C)OCO,6,0,,0,
C=C(C)ON=N,6,0,,0,
C=C(C)ON=O,6,0,,0,
C=C(C)ONC,6,0,,0,
C=C(C)ONN,6,0,,0,
C=C(C)ONO,6,0,,0,
C=C(C)OOC,6,0,,0,
C=C(C)OON,6,0,,0,
C=C(C)OOO,6,0,,0,
C=C(C)n1[nH][nH]1,6,0,,0,
C=C(C)n1[nH]o1,6,0,,0,
C=C(C)n1oo1,6,0,,0,
C=C(C=N)C=N,6,0,,0,
C=C(C=N)C=O,6,0,,0,
C=C(C=N)CC,6,0,,0,
C=C(C=N)CN,6,0,,0,
C=C(C=N)CO,6,0,,0,
C=C(C=N)N=N,6,0,,0,
C=C(C=N)N=O,6,0,,0,
C=C(C=N)NC,6,0,,0,
C=C(C=N)NN,6,0,,0,
C=C(C=N)NO,6,0,,0,
C=C(C=N)OC,6,0,,0,
C=C(C=N)ON,6,0,,0,
C=C(C=N)OO,6,0,,0,
C=C(C=O)C=O,6,0,,0,
C=C(C=O)CC,6,0,,0,
C=C(C=O)CN,6,0,,0,
C=C(C=O)CO,6,0,,0,
C=C(C=O)N=N,6,0,,0,
C=C(C=O)N=O,6,0,,0,
C=C(C=O)NC,6,0,,0,
C=C(C=O)NN,6,0,,0,
C=C(C=O)NO,6,0,,0,
C=C(C=O)OC,6,0,,0,
C=C(C=O)ON,6,0,,0,
C=C(C=O)OO,6,0,,0,
C=C(CC)CC,6,0,,0,
C=C(CC)CN,6,0,,0,
C=C(CC)CO,6,0,,0,
C=C(CC)N=N,6,0,,0,
C=C(CC)N=O,6,0,,0,
C=C(CC)NC,6,0,,0,
C=C(CC)NN,6,0,,0,
C=C(CC)NO,6,0,,0,
C=C(CC)OC,6,0,,0,
C=C(CC)ON,6,0,,0,
C=C(CC)OO,6,0,,0,
C=C(CN)CN,6,0,,0,
C=C(CN)CO,6,0,,0,
C=C(CN)N=N,6,0,,0,
C=C(CN)N=O,6,0,,0,
C=C(CN)NC,6,0,,0,
C=C(CN)NN,6,0,,0,
C=C(CN)NO,6,0,,0,
C=C(CN)OC,6,0,,0,
C=C(CN)ON,6,0,,0,
C=C(CN)OO,6,0,,0,
C=C(CO)CO,6,0,,0,
C=C(CO)N=N,6,0,,0,
C=C(CO)N=O,6,0,,0,
C=C(CO)NC,6,0,,0,
C=C(CO)NN,6,0,,0,
C=C(CO)NO,6,0,,0,
C=C(CO)OC,6,0,,0,
C=C(CO)ON,6,0,,0,
C=C(CO)OO,6,0,,0,
C=C(N)C#CC,6,0,,0,
C=C(N)C#CN,6,0,,0,
C=C(N)C#CO,6,0,,0,
C=C(N)C(=C)N,6,0,,0,
C=C(N)C(=C)O,6,0,,0,
C=C(N)C(=N)N,6,0,,0,
C=C(N)C(=N)O,6,0,,0,
C=C(N)C(=O)O,6,0,,0,
C=C(N)C(C)=N,6,0,,0,
C=C(N)C(C)=O,6,0,,0,
C=C(N)C(C)C,6,0,,0,
C=C(N)C(C)N,6,0,,0,
C=C(N)C(C)O,6,0,,0,
C=C(N)C(N)=O,6,0,,0,
C=C(N)C(N)N,6,0,,0,
C=C(N)C(N)O,6,0,,0,
C=C(N)C(O)O,6,0,,0,
C=C(N)C1=C=C1,6,0,,0,
C=C(N)C1=C=N1,6,0,,0,
C=C(N)C1=CC1,6,0,,0,
C=C(N)C1=CN1,6,0,,0,
C=C(N)C1=CO1,6,0,,0,
C=C(N)C1=NC1,6,0,,0,
C=C(N)C1=NN1,6,0,,0,
C=C(N)C1=NO1,6,0,,0,
C=C(N)C1C#C1,6,0,,0,
C=C(N)C1C=C1,6,0,,0,
C=C(N)C1C=N1,6,0,,0,
C=C(N)C1CC1,6,0,,0,
C=C(N)C1CN1,6,0,,0,
C=C(N)C1CO1,6,0,,0,
C=C(N)C1N=N1,6,0,,0,
C=C(N)C1NN1,6,0,,0,
C=C(N)C1NO1,6,0,,0,
C=C(N)C1OO1,6,0,,0,
C=C(N)C=C=N,6,0,,0,
C=C(N)C=C=O,6,0,,0,
C=C(N)C=CC,6,0,,0,
C=C(N)C=CN,6,0,,0,
C=C(N)C=CO,6,0,,0,
C=C(N)C=NC,6,0,,0,
C=C(N)C=NN,6,0,,0,
C=C(N)C=NO,6,0,,0,
C=C(N)CC#N,6,0,,0,
C=C(N)CC=N,6,0,,0,
C=C(N)CC=O,6,0,,0,
C=C(N)CCC,6,0,,0,
C=C(N)CCN,6,0,,0,
C=C(N)CCO,6,0,,0,
C=C(N)CN=N,6,0,,0,
C=C(N)CN=O,6,0,,0,
C=C(N)CNC,6,0,,0,
C=C(N)CNN,6,0,,0,
C=C(N)CNO,6,0,,0,
C=C(N)COC,6,0,,0,
C=C(N)CON,6,0,,0,
C=C(N)COO,6,0,,0,
C=C(N)N(C)C,6,0,,0,
C=C(N)N(C)N,6,0,,0,
C=C(N)N(C)O,6,0,,0,
C=C(N)N(N)N,6,0,,0,
C=C(N)N(N)O,6,0,,0,
C=C(N)N(O)O,6,0,,0,
C=C(N)N1C#C1,6,0,,0,
C=C(N)N1C=C1,6,0,,0,
C=C(N)N1C=N1,6,0,,0,
C=C(N)N1CC1,6,0,,0,
C=C(N)N1CN1,6,0,,0,
C=C(N)N1CO1,6,0,,0,
C=C(N)N1N=N1,6,0,,0,
C=C(N)N=C=N,6,0,,0,
C=C(N)N=C=O,6,0,,0,
C=C(N)N=CC,6,0,,0,
C=C(N)N=CN,6,0,,0,
C=C(N)N=CO,6,0,,0,
C=C(N)N=NC,6,0,,0,
C=C(N)N=NN,6,0,,0,
C=C(N)N=NO,6,0,,0,
C=C(N)NC#N,6,0,,0,
C=C(N)NC=N,6,0,,0,
C=C(N)NC=O,6,0,,0,
C=C(N)NCC,6,0,,0,
C=C(N)NCN,6,0,,0,
C=C(N)NCO,6,0,,0,
C=C(N)NN=N,6,0,,0,
C=C(N)NN=O,6,0,,0,
C=C(N)NNC,6,0,,0,
C=C(N)NNN,6,0,,0,
C=C(N)NNO,6,0,,0,
C=C(N)NOC,6,0,,0,
C=C(N)NON,6,0,,0,
C=C(N)NOO,6,0,,0,
C=C(N)OC#N,6,0,,0,
C=C(N)OC=N,6,0,,0,
C=C(N)OC=O,6,0,,0,
C=C(N)OCC,6,0,,0,
C=C(N)OCN,6,0,,0,
C=C(N)OCO,6,0,,0,
C=C(N)ON=N,6,0,,0,
C=C(N)ON=O,6,0,,0,
C=C(N)ONC,6,0,,0,
C=C(N)ONN,6,0,,0,
C=C(N)ONO,6,0,,0,
C=C(N)OOC,6,0,,0,
C=C(N)OON,6,0,,0,
C=C(N)OOO,6,0,,0,
C=C(N)n1[nH][nH]1,6,0,,0,
C=C(N)n1[nH]o1,6,0,,0,
C=C(N)n1oo1,6,0,,0,
C=C(N=N)N=N,6,0,,0,
C=C(N=N)N=O,6,0,,0,
C=C(N=N)NC,6,0,,0,
C=C(N=N)NN,6,0,,0,
C=C(N=N)NO,6,0,,0,
C=C(N=N)OC,6,0,,0,
C=C(N=N)ON,6,0,,0,
C=C(N=N)OO,6,0,,0,
C=C(N=O)N=O,6,0,,0,
C=C(N=O)NC,6,0,,0,
C=C(N=O)NN,6,0,,0,
C=C(N=O)NO,6,0,,0,
C=C(N=O)OC,6,0,,0,
C=C(N=O)ON,6,0,,0,
C=C(N=O)OO,6,0,,0,
C=C(NC)NC,6,0,,0,
C=C(NC)NN,6,0,,0,
C=C(NC)NO,6,0,,0,
C=C(NC)OC,6,0,,0,
C=C(NC)ON,6,0,,0,
C=C(NC)OO,6,0,,0,
C=C(NN)NN,6,0,,0,
C=C(NN)NO,6,0,,0,
C=C(NN)OC,6,0,,0,
C=C(NN)ON,6,0,,0,
C=C(NN)OO,6,0,,0,
C=C(NO)NO,6,0,,0,
C=C(NO)OC,6,0,,0,
C=C(NO)ON,6,0,,0,
C=C(NO)OO,6,0,,0,
C=C(O)C#CC,6,0,,0,
C=C(O)C#CN,6,0,,0,
C=C(O)C#CO,6,0,,0,
C=C(O)C(=C)O,6,0,,0,
C=C(O)C(=N)N,6,0,,0,
C=C(O)C(=N)O,6,0,,0,
C=C(O)C(=O)O,6,0,,0,
C=C(O)C(C)=N,6,0,,0,
C=C(O)C(C)=O,6,0,,0,
C=C(O)C(C)C,6,0,,0,
C=C(O)C(C)N,6,0,,0,
C=C(O)C(C)O,6,0,,0,
C=C(O)C(N)=O,6,0,,0,
C=C(O)C(N)N,6,0,,0,
C=C(O)C(N)O,6,0,,0,
C=C(O)C(O)O,6,0,,0,
C=C(O)C1=C=C1,6,0,,0,
C=C(O)C1=C=N1,6,0,,0,
C=C(O)C1=CC1,6,0,,0,
C=C(O)C1=CN1,6,0,,0,
C=C(O)C1=CO1,6,0,,0,
C=C(O)C1=NC1,6,0,,0,
C=C(O)C1=NN1,6,0,,0,
C=C(O)C1=NO1,6,0,,0,
C=C(O)C1C#C1,6,0,,0,
C=C(O)C1C=C1,6,0,,0,
C=C(O)C1C=N1,6,0,,0,
C=C(O)C1CC1,6,0,,0,
C=C(O)C1CN1,6,0,,0,
C=C(O)C1CO1,6,0,,0,
C=C(O)C1N=N1,6,0,,0,
C=C(O)C1NN1,6,0,,0,
C=C(O)C1NO1,6,0,,0,
C=C(O)C1OO1,6,0,,0,
C=C(O)C=C=N,6,0,,0,
C=C(O)C=C=O,6,0,,0,
C=C(O)C=CC,6,0,,0,
C=C(O)C=CN,6,0,,0,
C=C(O)C=CO,6,0,,0,
C=C(O)C=NC,6,0,,0,
C=C(O)C=NN,6,0,,0,
C=C(O)C=NO,6,0,,0,
C=C(O)CC#N,6,0,,0,
C=C(O)CC=N,6,0,,0,
C=C(O)CC=O,6,0,,0,
C=C(O)CCC,6,0,,0,
C=C(O)CCN,6,0,,0,
C=C(O)CCO,6,0,,0,
C=C(O)CN=N,6,0,,0,
C=C(O)CN=O,6,0,,0,
C=C(O)CNC,6,0,,0,
C=C(O)CNN,6,0,,0,
C=C(O)CNO,6,0,,0,
C=C(O)COC,6,0,,0,
C=C(O)CON,6,0,,0,
C=C(O)COO,6,0,,0,
C=C(O)N(C)C,6,0,,0,
C=C(O)N(C)N,6,0,,0,
C=C(O)N(C)O,6,0,,0,
C=C(O)N(N)N,6,0,,0,
C=C(O)N(N)O,6,0,,0,
C=C(O)N(O)O,6,0,,0,
C=C(O)N1C#C1,6,0,,0,
C=C(O)N1C=C1,6,0,,0,
C=C(O)N1C=N1,6,0,,0,
C=C(O)N1CC1,6,0,,0,
C=C(O)N1CN1,6,0,,0,
C=C(O)N1CO1,6,0,,0,
C=C(O)N1N=N1,6,0,,0,
C=C(O)N=C=N,6,0,,0,
C=C(O)N=C=O,6,0,,0,
C=C(O)N=CC,6,0,,0,
C=C(O)N=CN,6,0,,0,
C=C(O)N=CO,6,0,,0,
C=C(O)N=NC,6,0,,0,
C=C(O)N=NN,6,0,,0,
C=C(O)N=NO,6,0,,0,
C=C(O)NC#N,6,0,,0,
C=C(O)NC=N,6,0,,0,
C=C(O)NC=O,6,0,,0,
C=C(O)NCC,6,0,,0,
C=C(O)NCN,6,0,,0,
C=C(O)NCO,6,0,,0,
C=C(O)NN=N,6,0,,0,
C=C(O)NN=O,6,0,,0,
C=C(O)NNC,6,0,,0,
C=C(O)NNN,6,0,,0,
C=C(O)NNO,6,0,,0,
C=C(O)NOC,6,0,,0,
C=C(O)NON,6,0,,0,
C=C(O)NOO,6,0,,0,
C=C(O)OC#N,6,0,,0,
C=C(O)OC=N,6,0,,0,
C=C(O)OC=O,6,0,,0,
C=C(O)OCC,6,0,,0,
C=C(O)OCN,6,0,,0,
C=C(O)OCO,6,0,,0,
C=C(O)ON=N,6,0,,0,
C=C(O)ON=O,6,0,,0,
C=C(O)ONC,6,0,,0,
C=C(O)ONN,6,0,,0,
C=C(O)ONO,6,0,,0,
C=C(O)OOC,6,0,,0,
C=C(O)OON,6,0,,0,
C=C(O)OOO,6,0,,0,
C=C(O)n1[nH][nH]1,6,0,,0,
C=C(O)n1[nH]o1,6,0,,0,
C=C(O)n1oo1,6,0,,0,
C=C(OC)OC,6,0,,0,
C=C(OC)ON,6,0,,0,
C=C(OC)OO,6,0,,0,
C=C(ON)ON,6,0,,0,
C=C(ON)OO,6,0,,0,
C=C(OO)OO,6,0,,0,
C=C1C#CC#C1,6,0,,0,
C=C1C#CC1=C,6,0,,0,
C=C1C#CC1=N,6,0,,0,
C=C1C#CC1=O,6,0,,0,
C=C1C#CC1C,6,0,,0,
C=C1C#CC1N,6,0,,0,
C=C1C#CC1O,6,0,,0,
C=C1C#CC=C1,6,0,,0,
C=C1C#CC=N1,6,0,,0,
C=C1C#CCC1,6,0,,0,
C=C1C#CCN1,6,0,,0,
C=C1C#CCO1,6,0,,0,
C=C1C#CN1C,6,0,,0,
C=C1C#CN1N,6,0,,0,
C=C1C#CN1O,6,0,,0,
C=C1C#CN=C1,6,0,,0,
C=C1C#CN=N1,6,0,,0,
C=C1C#CNC1,6,0,,0,
C=C1C#CNN1,6,0,,0,
C=C1C#CNO1,6,0,,0,
C=C1C#COC1,6,0,,0,
C=C1C#CON1,6,0,,0,
C=C1C#COO1,6,0,,0,
C=C1C(=C)C1=C,6,0,,0,
C=C1C(=C)C1C,6,0,,0,
C=C1C(=C)C1N,6,0,,0,
C=C1C(=C)C1O,6,0,,0,
C=C1C(=C)N1C,6,0,,0,
C=C1C(=C)N1N,6,0,,0,
C=C1C(=C)N1O,6,0,,0,
C=C1C(=N)C1=N,6,0,,0,
C=C1C(=N)C1=O,6,0,,0,
C=C1C(=N)C1C,6,0,,0,
C=C1C(=N)C1N,6,0,,0,
C=C1C(=N)C1O,6,0,,0,
C=C1C(=N)N1C,6,0,,0,
C=C1C(=N)N1N,6,0,,0,
C=C1C(=N)N1O,6,0,,0,
C=C1C(=O)C1=O,6,0,,0,
C=C1C(=O)C1C,6,0,,0,
C=C1C(=O)C1N,6,0,,0,
C=C1C(=O)C1O,6,0,,0,
C=C1C(=O)N1C,6,0,,0,
C=C1C(=O)N1N,6,0,,0,
C=C1C(=O)N1O,6,0,,0,
C=C1C(C)=C1C,6,0,,0,
C=C1C(C)=C1N,6,0,,0,
C=C1C(C)=C1O,6,0,,0,
C=C1C(C)C1C,6,0,,0,
C=C1C(C)C1N,6,0,,0,
C=C1C(C)C1O,6,0,,0,
C=C1C(C)N1C,6,0,,0,
C=C1C(C)N1N,6,0,,0,
C=C1C(C)N1O,6,0,,0,
C=C1C(N)=C1N,6,0,,0,
C=C1C(N)=C1O,6,0,,0,
C=C1C(N)C1N,6,0,,0,
C=C1C(N)C1O,6,0,,0,
C=C1C(N)N1C,6,0,,0,
C=C1C(N)N1N,6,0,,0,
C=C1C(N)N1O,6,0,,0,
C=C1C(O)=C1O,6,0,,0,
C=C1C(O)C1O,6,0,,0,
C=C1C(O)N1C,6,0,,0,
C=C1C(O)N1N,6,0,,0,
C=C1C(O)N1O,6,0,,0,
C=C1C23C4=C2C143,6,0,,0,
C=C1C23C4C2C143,6,0,,0,
C=C1C23C4N2C143,6,0,,0,
C=C1C23CC12C3,6,0,,0,
C=C1C23CC12N3,6,0,,0,
C=C1C23CC12O3,6,0,,0,
C=C1C23N4N2C143,6,0,,0,
C=C1C23NC12N3,6,0,,0,
C=C1C23NC12O3,6,0,,0,
C=C1C23OC12O3,6,0,,0,
C=C1C2=C(C)C12,6,0,,0,
C=C1C2=C(C)N12,6,0,,0,
C=C1C2=C(N)C12,6,0,,0,
C=C1C2=C(N)N12,6,0,,0,
C=C1C2=C(O)C12,6,0,,0,
C=C1C2=C(O)N12,6,0,,0,
C=C1C2=C1C#C2,6,0,,0,
C=C1C2=C1C2=C,6,0,,0,
C=C1C2=C1C2C,6,0,,0,
C=C1C2=C1C2N,6,0,,0,
C=C1C2=C1C2O,6,0,,0,
C=C1C2=C1C=C2,6,0,,0,
C=C1C2=C1CC2,6,0,,0,
C=C1C2=C1N2C,6,0,,0,
C=C1C2=C1N2N,6,0,,0,
C=C1C2=C1N2O,6,0,,0,
C=C1C2=C1N=C2,6,0,,0,
C=C1C2=C1N=N2,6,0,,0,
C=C1C2=C1NC2,6,0,,0,
C=C1C2=C1OC2,6,0,,0,
C=C1C2=C3C1=C23,6,0,,0,
C=C1C2=C3C1C23,6,0,,0,
C=C1C2=C3C1N23,6,0,,0,
C=C1C2=C3C2N13,6,0,,0,
C=C1C2=C3CC132,6,0,,0,
C=C1C2=C3NC132,6,0,,0,
C=C1C2=C3OC132,6,0,,0,
C=C1C2=C=C1C2,6,0,,0,
C=C1C2=C=C1N2,6,0,,0,
C=C1C2=C=C1O2,6,0,,0,
C=C1C2=C=C=C12,6,0,,0,
C=C1C2=C=CC12,6,0,,0,
C=C1C2=C=CN12,6,0,,0,
C=C1C2=C=NC12,6,0,,0,
C=C1C2=C=NN12,6,0,,0,
C=C1C2=CC12C,6,0,,0,
C=C1C2=CC12N,6,0,,0,
C=C1C2=CC12O,6,0,,0,
C=C1C2=CC1=C2,6,0,,0,
C=C1C2=CC1=N2,6,0,,0,
C=C1C2=CC1C2,6,0,,0,
C=C1C2=CC1N2,6,0,,0,
C=C1C2=CC1O2,6,0,,0,
C=C1C2=CC=C12,6,0,,0,
C=C1C2=CCC12,6,0,,0,
C=C1C2=CCN12,6,0,,0,
C=C1C2=CN1C2,6,0,,0,
C=C1C2=CN=C12,6,0,,0,
C=C1C2=CNC12,6,0,,0,
C=C1C2=COC12,6,0,,0,
C=C1C2=NC12C,6,0,,0,
C=C1C2=NC12N,6,0,,0,
C=C1C2=NC12O,6,0,,0,
C=C1C2=NC1=N2,6,0,,0,
C=C1C2=NC1C2,6,0,,0,
C=C1C2=NC1N2,6,0,,0,
C=C1C2=NC1O2,6,0,,0,
C=C1C2=NCC12,6,0,,0,
C=C1C2=NCN12,6,0,,0,
C=C1C2=NN1C2,6,0,,0,
C=C1C2=NN=C12,6,0,,0,
C=C1C2=NNC12,6,0,,0,
C=C1C2=NOC12,6,0,,0,
C=C1C2C#CC12,6,0,,0,
C=C1C2C#CN12,6,0,,0,
C=C1C2C(=C)C12,6,0,,0,
C=C1C2C(=C)N12,6,0,,0,
C=C1C2C(=N)C12,6,0,,0,
C=C1C2C(=N)N12,6,0,,0,
C=C1C2C(=O)C12,6,0,,0,
C=C1C2C(=O)N12,6,0,,0,
C=C1C2C(C)C12,6,0,,0,
C=C1C2C(C)N12,6,0,,0,
C=C1C2C(N)C12,6,0,,0,
C=C1C2C(N)N12,6,0,,0,
C=C1C2C(O)C12,6,0,,0,
C=C1C2C(O)N12,6,0,,0,
C=C1C2C1N2C,6,0,,0,
C=C1C2C1N2N,6,0,,0,
C=C1C2C1N2O,6,0,,0,
C=C1C2C3=C2C13,6,0,,0,
C=C1C2C3=C2N13,6,0,,0,
C=C1C2C3=CC132,6,0,,0,
C=C1C2C3=NC132,6,0,,0,
C=C1C2C3C1C23,6,0,,0,
C=C1C2C3C1N23,6,0,,0,
C=C1C2C3C2N13,6,0,,0,
C=C1C2C3CC132,6,0,,0,
C=C1C2C3N1N23,6,0,,0,
C=C1C2C3NC132,6,0,,0,
C=C1C2C3OC132,6,0,,0,
C=C1C2C=CC12,6,0,,0,
C=C1C2C=CN12,6,0,,0,
C=C1C2C=NC12,6,0,,0,
C=C1C2C=NN12,6,0,,0,
C=C1C2CC12C,6,0,,0,
C=C1C2CC12N,6,0,,0,
C=C1C2CC12O,6,0,,0,
C=C1C2CC1C2,6,0,,0,
C=C1C2CC1N2,6,0,,0,
C=C1C2CC1O2,6,0,,0,
C=C1C2CCC12,6,0,,0,
C=C1C2CCN12,6,0,,0,
C=C1C2CN1C2,6,0,,0,
C=C1C2CN1N2,6,0,,0,
C=C1C2CN1O2,6,0,,0,
C=C1C2CNC12,6,0,,0,
C=C1C2CNN12,6,0,,0,
C=C1C2COC12,6,0,,0,
C=C1C2CON12,6,0,,0,
C=C1C2N(C)N12,6,0,,0,
C=C1C2N(N)N12,6,0,,0,
C=C1C2N(O)N12,6,0,,0,
C=C1C2N3C1N23,6,0,,0,
C=C1C2N3CC123,6,0,,0,
C=C1C2N3NC123,6,0,,0,
C=C1C2N3OC123,6,0,,0,
C=C1C2N=CN12,6,0,,0,
C=C1C2N=NC12,6,0,,0,
C=C1C2N=NN12,6,0,,0,
C=C1C2NC12C,6,0,,0,
C=C1C2NC12N,6,0,,0,
C=C1C2NC12O,6,0,,0,
C=C1C2NC1N2,6,0,,0,
C=C1C2NC1O2,6,0,,0,
C=C1C2NCN12,6,0,,0,
C=C1C2NN1N2,6,0,,0,
C=C1C2NN1O2,6,0,,0,
C=C1C2NNC12,6,0,,0,
C=C1C2NNN12,6,0,,0,
C=C1C2NOC12,6,0,,0,
C=C1C2NON12,6,0,,0,
C=C1C2OC12C,6,0,,0,
C=C1C2OC12N,6,0,,0,
C=C1C2OC12O,6,0,,0,
C=C1C2OC1O2,6,0,,0,
C=C1C2OCN12,6,0,,0,
C=C1C2ON1O2,6,0,,0,
C=C1C2ONN12,6,0,,0,
C=C1C2OOC12,6,0,,0,
C=C1C2OON12,6,0,,0,
C=C1C2n3n1n32,6,0,,0,
C=C1C=C(C)C1,6,0,,0,
C=C1C=C(C)N1,6,0,,0,
C=C1C=C(C)O1,6,0,,0,
C=C1C=C(N)C1,6,0,,0,
C=C1C=C(N)N1,6,0,,0,
C=C1C=C(N)O1,6,0,,0,
C=C1C=C(O)C1,6,0,,0,
C=C1C=C(O)N1,6,0,,0,
C=C1C=C(O)O1,6,0,,0,
C=C1C=C1C#N,6,0,,0,
C=C1C=C1C=N,6,0,,0,
C=C1C=C1C=O,6,0,,0,
C=C1C=C1CC,6,0,,0,
C=C1C=C1CN,6,0,,0,
C=C1C=C1CO,6,0,,0,
C=C1C=C1N=N,6,0,,0,
C=C1C=C1N=O,6,0,,0,
C=C1C=C1NC,6,0,,0,
C=C1C=C1NN,6,0,,0,
C=C1C=C1NO,6,0,,0,
C=C1C=C1OC,6,0,,0,
C=C1C=C1ON,6,0,,0,
C=C1C=C1OO,6,0,,0,
C=C1C=C2C=C12,6,0,,0,
C=C1C=C2CC12,6,0,,0,
C=C1C=C2CN12,6,0,,0,
C=C1C=C2N=C12,6,0,,0,
C=C1C=C2NC12,6,0,,0,
C=C1C=C2NN12,6,0,,0,
C=C1C=C2OC12,6,0,,0,
C=C1C=C2ON12,6,0,,0,
C=C1C=C=C1C,6,0,,0,
C=C1C=C=C1N,6,0,,0,
C=C1C=C=C1O,6,0,,0,
C=C1C=C=C=C1,6,0,,0,
C=C1C=C=C=N1,6,0,,0,
C=C1C=C=CC1,6,0,,0,
C=C1C=C=CN1,6,0,,0,
C=C1C=C=CO1,6,0,,0,
C=C1C=C=NC1,6,0,,0,
C=C1C=C=NN1,6,0,,0,
C=C1C=C=NO1,6,0,,0,
C=C1C=CC1=C,6,0,,0,
C=C1C=CC1=N,6,0,,0,
C=C1C=CC1=O,6,0,,0,
C=C1C=CC1C,6,0,,0,
C=C1C=CC1N,6,0,,0,
C=C1C=CC1O,6,0,,0,
C=C1C=CC=C1,6,0,,0,
C=C1C=CC=N1,6,0,,0,
C=C1C=CCC1,6,0,,0,
C=C1C=CCN1,6,0,,0,
C=C1C=CCO1,6,0,,0,
C=C1C=CN1C,6,0,,0,
C=C1C=CN1N,6,0,,0,
C=C1C=CN1O,6,0,,0,
C=C1C=CN=C1,6,0,,0,
C=C1C=CN=N1,6,0,,0,
C=C1C=CNC1,6,0,,0,
C=C1C=CNN1,6,0,,0,
C=C1C=CNO1,6,0,,0,
C=C1C=COC1,6,0,,0,
C=C1C=CON1,6,0,,0,
C=C1C=COO1,6,0,,0,
C=C1C=NC1=C,6,0,,0,
C=C1C=NC1=N,6,0,,0,
C=C1C=NC1=O,6,0,,0,
C=C1C=NC1C,6,0,,0,
C=C1C=NC1N,6,0,,0,
C=C1C=NC1O,6,0,,0,
C=C1C=NC=N1,6,0,,0,
C=C1C=NCC1,6,0,,0,
C=C1C=NCN1,6,0,,0,
C=C1C=NCO1,6,0,,0,
C=C1C=NN1C,6,0,,0,
C=C1C=NN1N,6,0,,0,
C=C1C=NN1O,6,0,,0,
C=C1C=NN=C1,6,0,,0,
C=C1C=NN=N1,6,0,,0,
C=C1C=NNC1,6,0,,0,
C=C1C=NNN1,6,0,,0,
C=C1C=NNO1,6,0,,0,
C=C1C=NOC1,6,0,,0,
C=C1C=NON1,6,0,,0,
C=C1C=NOO1,6,0,,0,
C=C1CC#CC1,6,0,,0,
C=C1CC#CN1,6,0,,0,
C=C1CC#CO1,6,0,,0,
C=C1CC(=C)C1,6,0,,0,
C=C1CC(=C)N1,6,0,,0,
C=C1CC(=C)O1,6,0,,0,
C=C1CC(=N)C1,6,0,,0,
C=C1CC(=N)N1,6,0,,0,
C=C1CC(=N)O1,6,0,,0,
C=C1CC(=O)C1,6,0,,0,
C=C1CC(=O)N1,6,0,,0,
C=C1CC(=O)O1,6,0,,0,
C=C1CC(C)=N1,6,0,,0,
C=C1CC(C)C1,6,0,,0,
C=C1CC(C)N1,6,0,,0,
C=C1CC(C)O1,6,0,,0,
C=C1CC(N)=N1,6,0,,0,
C=C1CC(N)C1,6,0,,0,
C=C1CC(N)N1,6,0,,0,
C=C1CC(N)O1,6,0,,0,
C=C1CC(O)=N1,6,0,,0,
C=C1CC(O)C1,6,0,,0,
C=C1CC(O)N1,6,0,,0,
C=C1CC(O)O1,6,0,,0,
C=C1CC1(C)C,6,0,,0,
C=C1CC1(C)N,6,0,,0,
C=C1CC1(C)O,6,0,,0,
C=C1CC1(N)N,6,0,,0,
C=C1CC1(N)O,6,0,,0,
C=C1CC1(O)O,6,0,,0,
C=C1CC12C#C2,6,0,,0,
C=C1CC12C=C2,6,0,,0,
C=C1CC12C=N2,6,0,,0,
C=C1CC12CC2,6,0,,0,
C=C1CC12CN2,6,0,,0,
C=C1CC12CO2,6,0,,0,
C=C1CC12N=N2,6,0,,0,
C=C1CC12NN2,6,0,,0,
C=C1CC12NO2,6,0,,0,
C=C1CC12OO2,6,0,,0,
C=C1CC1=C=N,6,0,,0,
C=C1CC1=C=O,6,0,,0,
C=C1CC1=CC,6,0,,0,
C=C1CC1=CN,6,0,,0,
C=C1CC1=CO,6,0,,0,
C=C1CC1=NC,6,0,,0,
C=C1CC1=NN,6,0,,0,
C=C1CC1=NO,6,0,,0,
C=C1CC1C#N,6,0,,0,
C=C1CC1C=N,6,0,,0,
C=C1CC1C=O,6,0,,0,
C=C1CC1CC,6,0,,0,
C=C1CC1CN,6,0,,0,
C=C1CC1CO,6,0,,0,
C=C1CC1N=N,6,0,,0,
C=C1CC1N=O,6,0,,0,
C=C1CC1NC,6,0,,0,
C=C1CC1NN,6,0,,0,
C=C1CC1NO,6,0,,0,
C=C1CC1OC,6,0,,0,
C=C1CC1ON,6,0,,0,
C=C1CC1OO,6,0,,0,
C=C1CC2=C1C2,6,0,,0,
C=C1CC2=C1N2,6,0,,0,
C=C1CC2=C1O2,6,0,,0,
C=C1CC2=C=C12,6,0,,0,
C=C1CC2=CC12,6,0,,0,
C=C1CC2=CN12,6,0,,0,
C=C1CC2=NC12,6,0,,0,
C=C1CC2=NN12,6,0,,0,
C=C1CC2C=C12,6,0,,0,
C=C1CC2CC12,6,0,,0,
C=C1CC2CN12,6,0,,0,
C=C1CC2N=C12,6,0,,0,
C=C1CC2NC12,6,0,,0,
C=C1CC2NN12,6,0,,0,
C=C1CC2OC12,6,0,,0,
C=C1CC2ON12,6,0,,0,
C=C1CC=C1C,6,0,,0,
C=C1CC=C1N,6,0,,0,
C=C1CC=C1O,6,0,,0,
C=C1CC=C=N1,6,0,,0,
C=C1CC=CC1,6,0,,0,
C=C1CC=CN1,6,0,,0,
C=C1CC=CO1,6,0,,0,
C=C1CC=NC1,6,0,,0,
C=C1CC=NN1,6,0,,0,
C=C1CC=NO1,6,0,,0,
C=C1CCC1=C,6,0,,0,
C=C1CCC1=N,6,0,,0,
C=C1CCC1=O,6,0,,0,
C=C1CCC1C,6,0,,0,
C=C1CCC1N,6,0,,0,
C=C1CCC1O,6,0,,0,
C=C1CCC=N1,6,0,,0,
C=C1CCCC1,6,0,,0,
C=C1CCCN1,6,0,,0,
C=C1CCCO1,6,0,,0,
C=C1CCN1C,6,0,,0,
C=C1CCN1N,6,0,,0,
C=C1CCN1O,6,0,,0,
C=C1CCN=N1,6,0,,0,
C=C1CCNC1,6,0,,0,
C=C1CCNN1,6,0,,0,
C=C1CCNO1,6,0,,0,
C=C1CCOC1,6,0,,0,
C=C1CCON1,6,0,,0,
C=C1CCOO1,6,0,,0,
C=C1CN(C)C1,6,0,,0,
C=C1CN(C)N1,6,0,,0,
C=C1CN(C)O1,6,0,,0,
C=C1CN(N)C1,6,0,,0,
C=C1CN(N)N1,6,0,,0,
C=C1CN(N)O1,6,0,,0,
C=C1CN(O)C1,6,0,,0,
C=C1CN(O)N1,6,0,,0,
C=C1CN(O)O1,6,0,,0,
C=C1CN1C#N,6,0,,0,
C=C1CN1C=N,6,0,,0,
C=C1CN1C=O,6,0,,0,
C=C1CN1CC,6,0,,0,
C=C1CN1CN,6,0,,0,
C=C1CN1CO,6,0,,0,
C=C1CN1N=N,6,0,,0,
C=C1CN1N=O,6,0,,0,
C=C1CN1NC,6,0,,0,
C=C1CN1NN,6,0,,0,
C=C1CN1NO,6,0,,0,
C=C1CN1OC,6,0,,0,
C=C1CN1ON,6,0,,0,
C=C1CN1OO,6,0,,0,
C=C1CN2C=C12,6,0,,0,
C=C1CN2CC12,6,0,,0,
C=C1CN2CN12,6,0,,0,
C=C1CN2N=C12,6,0,,0,
C=C1CN2NC12,6,0,,0,
C=C1CN2OC12,6,0,,0,
C=C1CN=C1C,6,0,,0,
C=C1CN=C1N,6,0,,0,
C=C1CN=C1O,6,0,,0,
C=C1CN=C=N1,6,0,,0,
C=C1CN=CN1,6,0,,0,
C=C1CN=CO1,6,0,,0,
C=C1CN=NC1,6,0,,0,
C=C1CN=NN1,6,0,,0,
C=C1CN=NO1,6,0,,0,
C=C1CNC1=C,6,0,,0,
C=C1CNC1=N,6,0,,0,
C=C1CNC1=O,6,0,,0,
C=C1CNC1C,6,0,,0,
C=C1CNC1N,6,0,,0,
C=C1CNC1O,6,0,,0,
C=C1CNC=N1,6,0,,0,
C=C1CNCN1,6,0,,0,
C=C1CNCO1,6,0,,0,
C=C1CNN1C,6,0,,0,
C=C1CNN1N,6,0,,0,
C=C1CNN1O,6,0,,0,
C=C1CNN=N1,6,0,,0,
C=C1CNNC1,6,0,,0,
C=C1CNNN1,6,0,,0,
C=C1CNNO1,6,0,,0,
C=C1CNOC1,6,0,,0,
C=C1CNON1,6,0,,0,
C=C1CNOO1,6,0,,0,
C=C1COC1=C,6,0,,0,
C=C1COC1=N,6,0,,0,
C=C1COC1=O,6,0,,0,
C=C1COC1C,6,0,,0,
C=C1COC1N,6,0,,0,
C=C1COC1O,6,0,,0,
C=C1COC=N1,6,0,,0,
C=C1COCN1,6,0,,0,
C=C1COCO1,6,0,,0,
C=C1CON1C,6,0,,0,
C=C1CON1N,6,0,,0,
C=C1CON1O,6,0,,0,
C=C1CON=N1,6,0,,0,
C=C1CONN1,6,0,,0,
C=C1CONO1,6,0,,0,
C=C1COOC1,6,0,,0,
C=C1COON1,6,0,,0,
C=C1COOO1,6,0,,0,
C=C1Cn2[nH]n21,6,0,,0,
C=C1Cn2on21,6,0,,0,
C=C1N(C)N1C,6,0,,0,
C=C1N(C)N1N,6,0,,0,
C=C1N(C)N1O,6,0,,0,
C=C1N(N)N1N,6,0,,0,
C=C1N(N)N1O,6,0,,0,
C=C1N(O)N1O,6,0,,0,
C=C1N2C(=N)N12,6,0,,0,
C=C1N2C(=O)N12,6,0,,0,
C=C1N2C(C)N12,6,0,,0,
C=C1N2C(N)N12,6,0,,0,
C=C1N2C(O)N12,6,0,,0,
C=C1N2C3=CC132,6,0,,0,
C=C1N2C3=NC132,6,0,,0,
C=C1N2C3C2N13,6,0,,0,
C=C1N2C3CC132,6,0,,0,
C=C1N2C3N1N32,6,0,,0,
C=C1N2C3NC132,6,0,,0,
C=C1N2C3OC132,6,0,,0,
C=C1N2CC12C,6,0,,0,
C=C1N2CC12N,6,0,,0,
C=C1N2CC12O,6,0,,0,
C=C1N2CCN12,6,0,,0,
C=C1N2CN1C2,6,0,,0,
C=C1N2CN1N2,6,0,,0,
C=C1N2CN1O2,6,0,,0,
C=C1N2CNN12,6,0,,0,
C=C1N2CON12,6,0,,0,
C=C1N2N3CC132,6,0,,0,
C=C1N2N3NC132,6,0,,0,
C=C1N2N3OC132,6,0,,0,
C=C1N2NC12C,6,0,,0,
C=C1N2NC12N,6,0,,0,
C=C1N2NC12O,6,0,,0,
C=C1N2NN1N2,6,0,,0,
C=C1N2NN1O2,6,0,,0,
C=C1N2NNN12,6,0,,0,
C=C1N2NON12,6,0,,0,
C=C1N2OC12C,6,0,,0,
C=C1N2OC12N,6,0,,0,
C=C1N2OC12O,6,0,,0,
C=C1N2ON1O2,6,0,,0,
C=C1N2OON12,6,0,,0,
C=C1N=C(C)N1,6,0,,0,
C=C1N=C(C)O1,6,0,,0,
C=C1N=C(N)N1,6,0,,0,
C=C1N=C(N)O1,6,0,,0,
C=C1N=C(O)N1,6,0,,0,
C=C1N=C(O)O1,6,0,,0,
C=C1N=C1C#N,6,0,,0,
C=C1N=C1C=N,6,0,,0,
C=C1N=C1C=O,6,0,,0,
C=C1N=C1CC,6,0,,0,
C=C1N=C1CN,6,0,,0,
C=C1N=C1CO,6,0,,0,
C=C1N=C1N=N,6,0,,0,
C=C1N=C1N=O,6,0,,0,
C=C1N=C1NC,6,0,,0,
C=C1N=C1NN,6,0,,0,
C=C1N=C1NO,6,0,,0,
C=C1N=C1OC,6,0,,0,
C=C1N=C1ON,6,0,,0,
C=C1N=C1OO,6,0,,0,
C=C1N=C2C=C12,6,0,,0,
C=C1N=C2CC12,6,0,,0,
C=C1N=C2CN12,6,0,,0,
C=C1N=C2N=C12,6,0,,0,
C=C1N=C2NC12,6,0,,0,
C=C1N=C2NN12,6,0,,0,
C=C1N=C2OC12,6,0,,0,
C=C1N=C2ON12,6,0,,0,
C=C1N=C=C1C,6,0,,0,
C=C1N=C=C1N,6,0,,0,
C=C1N=C=C1O,6,0,,0,
C=C1N=C=C=N1,6,0,,0,
C=C1N=C=CN1,6,0,,0,
C=C1N=C=CO1,6,0,,0,
C=C1N=C=NN1,6,0,,0,
C=C1N=C=NO1,6,0,,0,
C=C1N=CC1=N,6,0,,0,
C=C1N=CC1=O,6,0,,0,
C=C1N=CC1C,6,0,,0,
C=C1N=CC1N,6,0,,0,
C=C1N=CC1O,6,0,,0,
C=C1N=CC=N1,6,0,,0,
C=C1N=CCN1,6,0,,0,
C=C1N=CCO1,6,0,,0,
C=C1N=CN1C,6,0,,0,
C=C1N=CN1N,6,0,,0,
C=C1N=CN1O,6,0,,0,
C=C1N=CN=N1,6,0,,0,
C=C1N=CNN1,6,0,,0,
C=C1N=CNO1,6,0,,0,
C=C1N=CON1,6,0,,0,
C=C1N=COO1,6,0,,0,
C=C1N=NC1=C,6,0,,0,
C=C1N=NC1=N,6,0,,0,
C=C1N=NC1=O,6,0,,0,
C=C1N=NC1C,6,0,,0,
C=C1N=NC1N,6,0,,0,
C=C1N=NC1O,6,0,,0,
C=C1N=NCN1,6,0,,0,
C=C1N=NCO1,6,0,,0,
C=C1N=NN1C,6,0,,0,
C=C1N=NN1N,6,0,,0,
C=C1N=NN1O,6,0,,0,
C=C1N=NN=N1,6,0,,0,
C=C1N=NNN1,6,0,,0,
C=C1N=NNO1,6,0,,0,
C=C1N=NON1,6,0,,0,
C=C1N=NOO1,6,0,,0,
C=C1NC#CN1,6,0,,0,
C=C1NC#CO1,6,0,,0,
C=C1NC(=N)N1,6,0,,0,
C=C1NC(=N)O1,6,0,,0,
C=C1NC(=O)N1,6,0,,0,
C=C1NC(=O)O1,6,0,,0,
C=C1NC(C)N1,6,0,,0,
C=C1NC(C)O1,6,0,,0,
C=C1NC(N)N1,6,0,,0,
C=C1NC(N)O1,6,0,,0,
C=C1NC(O)N1,6,0,,0,
C=C1NC(O)O1,6,0,,0,
C=C1NC1(C)C,6,0,,0,
C=C1NC1(C)N,6,0,,0,
C=C1NC1(C)O,6,0,,0,
C=C1NC1(N)N,6,0,,0,
C=C1NC1(N)O,6,0,,0,
C=C1NC1(O)O,6,0,,0,
C=C1NC12C#C2,6,0,,0,
C=C1NC12C=C2,6,0,,0,
C=C1NC12C=N2,6,0,,0,
C=C1NC12CC2,6,0,,0,
C=C1NC12CN2,6,0,,0,
C=C1NC12CO2,6,0,,0,
C=C1NC12N=N2,6,0,,0,
C=C1NC12NN2,6,0,,0,
C=C1NC12NO2,6,0,,0,
C=C1NC12OO2,6,0,,0,
C=C1NC1=C=N,6,0,,0,
C=C1NC1=C=O,6,0,,0,
C=C1NC1=CC,6,0,,0,
C=C1NC1=CN,6,0,,0,
C=C1NC1=CO,6,0,,0,
C=C1NC1=NC,6,0,,0,
C=C1NC1=NN,6,0,,0,
C=C1NC1=NO,6,0,,0,
C=C1NC1C#N,6,0,,0,
C=C1NC1C=N,6,0,,0,
C=C1NC1C=O,6,0,,0,
C=C1NC1CC,6,0,,0,
C=C1NC1CN,6,0,,0,
C=C1NC1CO,6,0,,0,
C=C1NC1N=N,6,0,,0,
C=C1NC1N=O,6,0,,0,
C=C1NC1NC,6,0,,0,
C=C1NC1NN,6,0,,0,
C=C1NC1NO,6,0,,0,
C=C1NC1OC,6,0,,0,
C=C1NC1ON,6,0,,0,
C=C1NC1OO,6,0,,0,
C=C1NC2=C1C2,6,0,,0,
C=C1NC2=C1N2,6,0,,0,
C=C1NC2=C1O2,6,0,,0,
C=C1NC2=C=C12,6,0,,0,
C=C1NC2=CC12,6,0,,0,
C=C1NC2=NC12,6,0,,0,
C=C1NC2C=C12,6,0,,0,
C=C1NC2CC12,6,0,,0,
C=C1NC2CN12,6,0,,0,
C=C1NC2N=C12,6,0,,0,
C=C1NC2NC12,6,0,,0,
C=C1NC2NN12,6,0,,0,
C=C1NC2OC12,6,0,,0,
C=C1NC2ON12,6,0,,0,
C=C1NC=C1C,6,0,,0,
C=C1NC=C1N,6,0,,0,
C=C1NC=C1O,6,0,,0,
C=C1NC=CN1,6,0,,0,
C=C1NC=CO1,6,0,,0,
C=C1NC=NN1,6,0,,0,
C=C1NC=NO1,6,0,,0,
C=C1NCC1=N,6,0,,0,
C=C1NCC1=O,6,0,,0,
C=C1NCC1C,6,0,,0,
C=C1NCC1N,6,0,,0,
C=C1NCC1O,6,0,,0,
C=C1NCCN1,6,0,,0,
C=C1NCCO1,6,0,,0,
C=C1NCN1C,6,0,,0,
C=C1NCN1N,6,0,,0,
C=C1NCN1O,6,0,,0,
C=C1NCNN1,6,0,,0,
C=C1NCNO1,6,0,,0,
C=C1NCON1,6,0,,0,
C=C1NCOO1,6,0,,0,
C=C1NN(C)N1,6,0,,0,
C=C1NN(C)O1,6,0,,0,
C=C1NN(N)N1,6,0,,0,
C=C1NN(N)O1,6,0,,0,
C=C1NN(O)N1,6,0,,0,
C=C1NN(O)O1,6,0,,0,
C=C1NN1C#N,6,0,,0,
C=C1NN1C=N,6,0,,0,
C=C1NN1C=O,6,0,,0,
C=C1NN1CC,6,0,,0,
C=C1NN1CN,6,0,,0,
C=C1NN1CO,6,0,,0,
C=C1NN1N=N,6,0,,0,
C=C1NN1N=O,6,0,,0,
C=C1NN1NC,6,0,,0,
C=C1NN1NN,6,0,,0,
C=C1NN1NO,6,0,,0,
C=C1NN1OC,6,0,,0,
C=C1NN1ON,6,0,,0,
C=C1NN1OO,6,0,,0,
C=C1NN2CC12,6,0,,0,
C=C1NN2CN12,6,0,,0,
C=C1NN2NC12,6,0,,0,
C=C1NN2OC12,6,0,,0,
C=C1NN=C1C,6,0,,0,
C=C1NN=C1N,6,0,,0,
C=C1NN=C1O,6,0,,0,
C=C1NN=CO1,6,0,,0,
C=C1NN=NN1,6,0,,0,
C=C1NN=NO1,6,0,,0,
C=C1NNC1=N,6,0,,0,
C=C1NNC1=O,6,0,,0,
C=C1NNC1C,6,0,,0,
C=C1NNC1N,6,0,,0,
C=C1NNC1O,6,0,,0,
C=C1NNCO1,6,0,,0,
C=C1NNN1C,6,0,,0,
C=C1NNN1N,6,0,,0,
C=C1NNN1O,6,0,,0,
C=C1NNNN1,6,0,,0,
C=C1NNNO1,6,0,,0,
C=C1NNON1,6,0,,0,
C=C1NNOO1,6,0,,0,
C=C1NOC1=N,6,0,,0,
C=C1NOC1=O,6,0,,0,
C=C1NOC1C,6,0,,0,
C=C1NOC1N,6,0,,0,
C=C1NOC1O,6,0,,0,
C=C1NOCO1,6,0,,0,
C=C1NON1C,6,0,,0,
C=C1NON1N,6,0,,0,
C=C1NON1O,6,0,,0,
C=C1NONO1,6,0,,0,
C=C1NOON1,6,0,,0,
C=C1NOOO1,6,0,,0,
C=C1Nn2[nH]n21,6,0,,0,
C=C1Nn2on21,6,0,,0,
C=C1OC#CO1,6,0,,0,
C=C1OC(=N)O1,6,0,,0,
C=C1OC(=O)O1,6,0,,0,
C=C1OC(C)O1,6,0,,0,
C=C1OC(N)O1,6,0,,0,
C=C1OC(O)O1,6,0,,0,
C=C1OC1(C)C,6,0,,0,
C=C1OC1(C)N,6,0,,0,
C=C1OC1(C)O,6,0,,0,
C=C1OC1(N)N,6,0,,0,
C=C1OC1(N)O,6,0,,0,
C=C1OC1(O)O,6,0,,0,
C=C1OC12C#C2,6,0,,0,
C=C1OC12C=C2,6,0,,0,
C=C1OC12C=N2,6,0,,0,
C=C1OC12CC2,6,0,,0,
C=C1OC12CN2,6,0,,0,
C=C1OC12CO2,6,0,,0,
C=C1OC12N=N2,6,0,,0,
C=C1OC12NN2,6,0,,0,
C=C1OC12NO2,6,0,,0,
C=C1OC12OO2,6,0,,0,
C=C1OC1=C=N,6,0,,0,
C=C1OC1=C=O,6,0,,0,
C=C1OC1=CC,6,0,,0,
C=C1OC1=CN,6,0,,0,
C=C1OC1=CO,6,0,,0,
C=C1OC1=NC,6,0,,0,
C=C1OC1=NN,6,0,,0,
C=C1OC1=NO,6,0,,0,
C=C1OC1C#N,6,0,,0,
C=C1OC1C=N,6,0,,0,
C=C1OC1C=O,6,0,,0,
C=C1OC1CC,6,0,,0,
C=C1OC1CN,6,0,,0,
C=C1OC1CO,6,0,,0,
C=C1OC1N=N,6,0,,0,
C=C1OC1N=O,6,0,,0,
C=C1OC1NC,6,0,,0,
C=C1OC1NN,6,0,,0,
C=C1OC1NO,6,0,,0,
C=C1OC1OC,6,0,,0,
C=C1OC1ON,6,0,,0,
C=C1OC1OO,6,0,,0,
C=C1OC2=C1C2,6,0,,0,
C=C1OC2=C1N2,6,0,,0,
C=C1OC2=C1O2,6,0,,0,
C=C1OC2=C=C12,6,0,,0,
C=C1OC2=CC12,6,0,,0,
C=C1OC2=NC12,6,0,,0,
C=C1OC2C=C12,6,0,,0,
C=C1OC2CC12,6,0,,0,
C=C1OC2CN12,6,0,,0,
C=C1OC2N=C12,6,0,,0,
C=C1OC2NC12,6,0,,0,
C=C1OC2NN12,6,0,,0,
C=C1OC2OC12,6,0,,0,
C=C1OC2ON12,6,0,,0,
C=C1OC=C1C,6,0,,0,
C=C1OC=C1N,6,0,,0,
C=C1OC=C1O,6,0,,0,
C=C1OC=CO1,6,0,,0,
C=C1OC=NO1,6,0,,0,
C=C1OCC1=N,6,0,,0,
C=C1OCC1=O,6,0,,0,
C=C1OCC1C,6,0,,0,
C=C1OCC1N,6,0,,0,
C=C1OCC1O,6,0,,0,
C=C1OCCO1,6,0,,0,
C=C1OCN1C,6,0,,0,
C=C1OCN1N,6,0,,0,
C=C1OCN1O,6,0,,0,
C=C1OCNO1,6,0,,0,
C=C1OCOO1,6,0,,0,
C=C1ON(C)O1,6,0,,0,
C=C1ON(N)O1,6,0,,0,
C=C1ON(O)O1,6,0,,0,
C=C1ON1C#N,6,0,,0,
C=C1ON1C=N,6,0,,0,
C=C1ON1C=O,6,0,,0,
C=C1ON1CC,6,0,,0,
C=C1ON1CN,6,0,,0,
C=C1ON1CO,6,0,,0,
C=C1ON1N=N,6,0,,0,
C=C1ON1N=O,6,0,,0,
C=C1ON1NC,6,0,,0,
C=C1ON1NN,6,0,,0,
C=C1ON1NO,6,0,,0,
C=C1ON1OC,6,0,,0,
C=C1ON1ON,6,0,,0,
C=C1ON1OO,6,0,,0,
C=C1ON2CC12,6,0,,0,
C=C1ON2CN12,6,0,,0,
C=C1ON2NC12,6,0,,0,
C=C1ON2OC12,6,0,,0,
C=C1ON=C1C,6,0,,0,
C=C1ON=C1N,6,0,,0,
C=C1ON=C1O,6,0,,0,
C=C1ON=NO1,6,0,,0,
C=C1ONC1=N,6,0,,0,
C=C1ONC1=O,6,0,,0,
C=C1ONC1C,6,0,,0,
C=C1ONC1N,6,0,,0,
C=C1ONC1O,6,0,,0,
C=C1ONN1C,6,0,,0,
C=C1ONN1N,6,0,,0,
C=C1ONN1O,6,0,,0,
C=C1ONNO1,6,0,,0,
C=C1ONOO1,6,0,,0,
C=C1OOC1=N,6,0,,0,
C=C1OOC1=O,6,0,,0,
C=C1OOC1C,6,0,,0,
C=C1OOC1N,6,0,,0,
C=C1OOC1O,6,0,,0,
C=C1OON1C,6,0,,0,
C=C1OON1N,6,0,,0,
C=C1OON1O,6,0,,0,
C=C1OOOO1,6,0,,0,
C=C1On2[nH]n21,6,0,,0,
C=C1On2on21,6,0,,0,
C=C1c2[nH][nH]c21,6,0,,0,
C=C1c2[nH]oc21,6,0,,0,
C=C1c2c1c2=N,6,0,,0,
C=C1c2c1c2=O,6,0,,0,
C=C1c2c[nH]n21,6,0,,0,
C=C1c2con21,6,0,,0,
C=C1c2n[nH]n21,6,0,,0,
C=C1c2non21,6,0,,0,
C=C1c2ooc21,6,0,,0,
C=C1n2c#cn21,6,0,,0,
C=C1n2ccn21,6,0,,0,
C=C1n2cnn21,6,0,,0,
C=C1n2n(C)n21,6,0,,0,
C=C1n2n(N)n21,6,0,,0,
C=C1n2n(O)n21,6,0,,0,
C=C1n2n3n1n23,6,0,,0,
C=C1n2nnn21,6,0,,0,
C=C=C(C)C#N,6,0,,0,
C=C=C(C)C=C,6,0,,0,
C=C=C(C)C=N,6,0,,0,
C=C=C(C)C=O,6,0,,0,
C=C=C(C)CC,6,0,,0,
C=C=C(C)CN,6,0,,0,
C=C=C(C)CO,6,0,,0,
C=C=C(C)N=C,6,0,,0,
C=C=C(C)N=N,6,0,,0,
C=C=C(C)N=O,6,0,,0,
C=C=C(C)NC,6,0,,0,
C=C=C(C)NN,6,0,,0,
C=C=C(C)NO,6,0,,0,
C=C=C(C)OC,6,0,,0,
C=C=C(C)ON,6,0,,0,
C=C=C(C)OO,6,0,,0,
C=C=C(N)C#N,6,0,,0,
C=C=C(N)C=C,6,0,,0,
C=C=C(N)C=N,6,0,,0,
C=C=C(N)C=O,6,0,,0,
C=C=C(N)CC,6,0,,0,
C=C=C(N)CN,6,0,,0,
C=C=C(N)CO,6,0,,0,
C=C=C(N)N=C,6,0,,0,
C=C=C(N)N=N,6,0,,0,
C=C=C(N)N=O,6,0,,0,
C=C=C(N)NC,6,0,,0,
C=C=C(N)NN,6,0,,0,
C=C=C(N)NO,6,0,,0,
C=C=C(N)OC,6,0,,0,
C=C=C(N)ON,6,0,,0,
C=C=C(N)OO,6,0,,0,
C=C=C(O)C#N,6,0,,0,
C=C=C(O)C=C,6,0,,0,
C=C=C(O)C=N,6,0,,0,
C=C=C(O)C=O,6,0,,0,
C=C=C(O)CC,6,0,,0,
C=C=C(O)CN,6,0,,0,
C=C=C(O)CO,6,0,,0,
C=C=C(O)N=C,6,0,,0,
C=C=C(O)N=N,6,0,,0,
C=C=C(O)N=O,6,0,,0,
C=C=C(O)NC,6,0,,0,
C=C=C(O)NN,6,0,,0,
C=C=C(O)NO,6,0,,0,
C=C=C(O)OC,6,0,,0,
C=C=C(O)ON,6,0,,0,
C=C=C(O)OO,6,0,,0,
C=C=C1C#CC1,6,0,,0,
C=C=C1C#CN1,6,0,,0,
C=C=C1C#CO1,6,0,,0,
C=C=C1C2=C1C2,6,0,,0,
C=C=C1C2=C1N2,6,0,,0,
C=C=C1C2=C1O2,6,0,,0,
C=C=C1C2=C=C12,6,0,,0,
C=C=C1C2=CC12,6,0,,0,
C=C=C1C2=CN12,6,0,,0,
C=C=C1C2=NC12,6,0,,0,
C=C=C1C2=NN12,6,0,,0,
C=C=C1C2CC12,6,0,,0,
C=C=C1C2CN12,6,0,,0,
C=C=C1C2NC12,6,0,,0,
C=C=C1C2NN12,6,0,,0,
C=C=C1C2OC12,6,0,,0,
C=C=C1C2ON12,6,0,,0,
C=C=C1C=C1C,6,0,,0,
C=C=C1C=C1N,6,0,,0,
C=C=C1C=C1O,6,0,,0,
C=C=C1C=C=C1,6,0,,0,
C=C=C1C=C=N1,6,0,,0,
C=C=C1C=CC1,6,0,,0,
C=C=C1C=CN1,6,0,,0,
C=C=C1C=CO1,6,0,,0,
C=C=C1C=NC1,6,0,,0,
C=C=C1C=NN1,6,0,,0,
C=C=C1C=NO1,6,0,,0,
C=C=C1CC1=C,6,0,,0,
C=C=C1CC1=N,6,0,,0,
C=C=C1CC1=O,6,0,,0,
C=C=C1CC1C,6,0,,0,
C=C=C1CC1N,6,0,,0,
C=C=C1CC1O,6,0,,0,
C=C=C1CC=N1,6,0,,0,
C=C=C1CCC1,6,0,,0,
C=C=C1CCN1,6,0,,0,
C=C=C1CCO1,6,0,,0,
C=C=C1CN1C,6,0,,0,
C=C=C1CN1N,6,0,,0,
C=C=C1CN1O,6,0,,0,
C=C=C1CN=N1,6,0,,0,
C=C=C1CNC1,6,0,,0,
C=C=C1CNN1,6,0,,0,
C=C=C1CNO1,6,0,,0,
C=C=C1COC1,6,0,,0,
C=C=C1CON1,6,0,,0,
C=C=C1COO1,6,0,,0,
C=C=C1N2CN12,6,0,,0,
C=C=C1N=C1C,6,0,,0,
C=C=C1N=C1N,6,0,,0,
C=C=C1N=C1O,6,0,,0,
C=C=C1N=C=N1,6,0,,0,
C=C=C1N=CN1,6,0,,0,
C=C=C1N=CO1,6,0,,0,
C=C=C1N=NN1,6,0,,0,
C=C=C1N=NO1,6,0,,0,
C=C=C1NC1=C,6,0,,0,
C=C=C1NC1=N,6,0,,0,
C=C=C1NC1=O,6,0,,0,
C=C=C1NC1C,6,0,,0,
C=C=C1NC1N,6,0,,0,
C=C=C1NC1O,6,0,,0,
C=C=C1NCN1,6,0,,0,
C=C=C1NCO1,6,0,,0,
C=C=C1NN1C,6,0,,0,
C=C=C1NN1N,6,0,,0,
C=C=C1NN1O,6,0,,0,
C=C=C1NNN1,6,0,,0,
C=C=C1NNO1,6,0,,0,
C=C=C1NON1,6,0,,0,
C=C=C1NOO1,6,0,,0,
C=C=C1OC1=C,6,0,,0,
C=C=C1OC1=N,6,0,,0,
C=C=C1OC1=O,6,0,,0,
C=C=C1OC1C,6,0,,0,
C=C=C1OC1N,6,0,,0,
C=C=C1OC1O,6,0,,0,
C=C=C1OCO1,6,0,,0,
C=C=C1ON1C,6,0,,0,
C=C=C1ON1N,6,0,,0,
C=C=C1ON1O,6,0,,0,
C=C=C1ONO1,6,0,,0,
C=C=C1OOO1,6,0,,0,
C=C=C1n2[nH]n21,6,0,,0,
C=C=C1n2on21,6,0,,0,
C=C=C=C(C)C,6,0,,0,
C=C=C=C(C)N,6,0,,0,
C=C=C=C(C)O,6,0,,0,
C=C=C=C(N)N,6,0,,0,
C=C=C=C(N)O,6,0,,0,
C=C=C=C(O)O,6,0,,0,
C=C=C=C1C#C1,6,0,,0,
C=C=C=C1C=C1,6,0,,0,
C=C=C=C1C=N1,6,0,,0,
C=C=C=C1CC1,6,0,,0,
C=C=C=C1CN1,6,0,,0,
C=C=C=C1CO1,6,0,,0,
C=C=C=C1N=N1,6,0,,0,
C=C=C=C1NN1,6,0,,0,
C=C=C=C1NO1,6,0,,0,
C=C=C=C1OO1,6,0,,0,
C=C=C=C=C=C,6,0,,0,
C=C=C=C=C=N,6,0,,0,
C=C=C=C=C=O,6,0,,0,
C=C=C=C=CC,6,0,,0,
C=C=C=C=CN,6,0,,0,
C=C=C=C=CO,6,0,,0,
C=C=C=C=NC,6,0,,0,
C=C=C=C=NN,6,0,,0,
C=C=C=C=NO,6,0,,0,
C=C=C=CC#N,6,0,,0,
C=C=C=CC=C,6,0,,0,
C=C=C=CC=N,6,0,,0,
C=C=C=CC=O,6,0,,0,
C=C=C=CCC,6,0,,0,
C=C=C=CCN,6,0,,0,
C=C=C=CCO,6,0,,0,
C=C=C=CN=C,6,0,,0,
C=C=C=CN=N,6,0,,0,
C=C=C=CN=O,6,0,,0,
C=C=C=CNC,6,0,,0,
C=C=C=CNN,6,0,,0,
C=C=C=CNO,6,0,,0,
C=C=C=COC,6,0,,0,
C=C=C=CON,6,0,,0,
C=C=C=COO,6,0,,0,
C=C=C=NC#N,6,0,,0,
C=C=C=NC=C,6,0,,0,
C=C=C=NC=N,6,0,,0,
C=C=C=NC=O,6,0,,0,
C=C=C=NCC,6,0,,0,
C=C=C=NCN,6,0,,0,
C=C=C=NCO,6,0,,0,
C=C=C=NN=C,6,0,,0,
C=C=C=NN=N,6,0,,0,
C=C=C=NN=O,6,0,,0,
C=C=C=NNC,6,0,,0,
C=C=C=NNN,6,0,,0,
C=C=C=NNO,6,0,,0,
C=C=C=NOC,6,0,,0,
C=C=C=NON,6,0,,0,
C=C=C=NOO,6,0,,0,
C=C=CC#CC,6,0,,0,
C=C=CC#CN,6,0,,0,
C=C=CC#CO,6,0,,0,
C=C=CC(=C)C,6,0,,0,
C=C=CC(=C)N,6,0,,0,
C=C=CC(=C)O,6,0,,0,
C=C=CC(=N)N,6,0,,0,
C=C=CC(=N)O,6,0,,0,
C=C=CC(=O)O,6,0,,0,
C=C=CC(C)=N,6,0,,0,
C=C=CC(C)=O,6,0,,0,
C=C=CC(C)C,6,0,,0,
C=C=CC(C)N,6,0,,0,
C=C=CC(C)O,6,0,,0,
C=C=CC(N)=O,6,0,,0,
C=C=CC(N)N,6,0,,0,
C=C=CC(N)O,6,0,,0,
C=C=CC(O)O,6,0,,0,
C=C=CC1=C=C1,6,0,,0,
C=C=CC1=C=N1,6,0,,0,
C=C=CC1=CC1,6,0,,0,
C=C=CC1=CN1,6,0,,0,
C=C=CC1=CO1,6,0,,0,
C=C=CC1=NC1,6,0,,0,
C=C=CC1=NN1,6,0,,0,
C=C=CC1=NO1,6,0,,0,
C=C=CC1C#C1,6,0,,0,
C=C=CC1C=C1,6,0,,0,
C=C=CC1C=N1,6,0,,0,
C=C=CC1CC1,6,0,,0,
C=C=CC1CN1,6,0,,0,
C=C=CC1CO1,6,0,,0,
C=C=CC1N=N1,6,0,,0,
C=C=CC1NN1,6,0,,0,
C=C=CC1NO1,6,0,,0,
C=C=CC1OO1,6,0,,0,
C=C=CC=C=C,6,0,,0,
C=C=CC=C=N,6,0,,0,
C=C=CC=C=O,6,0,,0,
C=C=CC=CC,6,0,,0,
C=C=CC=CN,6,0,,0,
C=C=CC=CO,6,0,,0,
C=C=CC=NC,6,0,,0,
C=C=CC=NN,6,0,,0,
C=C=CC=NO,6,0,,0,
C=C=CCC#N,6,0,,0,
C=C=CCC=C,6,0,,0,
C=C=CCC=N,6,0,,0,
C=C=CCC=O,6,0,,0,
C=C=CCCC,6,0,,0,
C=C=CCCN,6,0,,0,
C=C=CCCO,6,0,,0,
C=C=CCN=C,6,0,,0,
C=C=CCN=N,6,0,,0,
C=C=CCN=O,6,0,,0,
C=C=CCNC,6,0,,0,
C=C=CCNN,6,0,,0,
C=C=CCNO,6,0,,0,
C=C=CCOC,6,0,,0,
C=C=CCON,6,0,,0,
C=C=CCOO,6,0,,0,
C=C=CN(C)C,6,0,,0,
C=C=CN(C)N,6,0,,0,
C=C=CN(C)O,6,0,,0,
C=C=CN(N)N,6,0,,0,
C=C=CN(N)O,6,0,,0,
C=C=CN(O)O,6,0,,0,
C=C=CN1C#C1,6,0,,0,
C=C=CN1C=C1,6,0,,0,
C=C=CN1C=N1,6,0,,0,
C=C=CN1CC1,6,0,,0,
C=C=CN1CN1,6,0,,0,
C=C=CN1CO1,6,0,,0,
C=C=CN1N=N1,6,0,,0,
C=C=CN=C=C,6,0,,0,
C=C=CN=C=N,6,0,,0,
C=C=CN=C=O,6,0,,0,
C=C=CN=CC,6,0,,0,
C=C=CN=CN,6,0,,0,
C=C=CN=CO,6,0,,0,
C=C=CN=NC,6,0,,0,
C=C=CN=NN,6,0,,0,
C=C=CN=NO,6,0,,0,
C=C=CNC#N,6,0,,0,
C=C=CNC=C,6,0,,0,
C=C=CNC=N,6,0,,0,
C=C=CNC=O,6,0,,0,
C=C=CNCC,6,0,,0,
C=C=CNCN,6,0,,0,
C=C=CNCO,6,0,,0,
C=C=CNN=C,6,0,,0,
C=C=CNN=N,6,0,,0,
C=C=CNN=O,6,0,,0,
C=C=CNNC,6,0,,0,
C=C=CNNN,6,0,,0,
C=C=CNNO,6,0,,0,
C=C=CNOC,6,0,,0,
C=C=CNON,6,0,,0,
C=C=CNOO,6,0,,0,
C=C=COC#N,6,0,,0,
C=C=COC=C,6,0,,0,
C=C=COC=N,6,0,,0,
C=C=COC=O,6,0,,0,
C=C=COCC,6,0,,0,
C=C=COCN,6,0,,0,
C=C=COCO,6,0,,0,
C=C=CON=C,6,0,,0,
C=C=CON=N,6,0,,0,
C=C=CON=O,6,0,,0,
C=C=CONC,6,0,,0,
C=C=CONN,6,0,,0,
C=C=CONO,6,0,,0,
C=C=COOC,6,0,,0,
C=C=COON,6,0,,0,
C=C=COOO,6,0,,0,
C=C=Cn1[nH][nH]1,6,0,,0,
C=C=Cn1[nH]o1,6,0,,0,
C=C=Cn1oo1,6,0,,0,
C=C=NC#CC,6,0,,0,
C=C=NC#CN,6,0,,0,
C=C=NC#CO,6,0,,0,
C=C=NC(=C)C,6,0,,0,
C=C=NC(=C)N,6,0,,0,
C=C=NC(=C)O,6,0,,0,
C=C=NC(=N)N,6,0,,0,
C=C=NC(=N)O,6,0,,0,
C=C=NC(=O)O,6,0,,0,
C=C=NC(C)=N,6,0,,0,
C=C=NC(C)=O,6,0,,0,
C=C=NC(C)C,6,0,,0,
C=C=NC(C)N,6,0,,0,
C=C=NC(C)O,6,0,,0,
C=C=NC(N)=O,6,0,,0,
C=C=NC(N)N,6,0,,0,
C=C=NC(N)O,6,0,,0,
C=C=NC(O)O,6,0,,0,
C=C=NC1=C=C1,6,0,,0,
C=C=NC1=C=N1,6,0,,0,
C=C=NC1=CC1,6,0,,0,
C=C=NC1=CN1,6,0,,0,
C=C=NC1=CO1,6,0,,0,
C=C=NC1=NC1,6,0,,0,
C=C=NC1=NN1,6,0,,0,
C=C=NC1=NO1,6,0,,0,
C=C=NC1C#C1,6,0,,0,
C=C=NC1C=C1,6,0,,0,
C=C=NC1C=N1,6,0,,0,
C=C=NC1CC1,6,0,,0,
C=C=NC1CN1,6,0,,0,
C=C=NC1CO1,6,0,,0,
C=C=NC1N=N1,6,0,,0,
C=C=NC1NN1,6,0,,0,
C=C=NC1NO1,6,0,,0,
C=C=NC1OO1,6,0,,0,
C=C=NC=C=N,6,0,,0,
C=C=NC=C=O,6,0,,0,
C=C=NC=CC,6,0,,0,
C=C=NC=CN,6,0,,0,
C=C=NC=CO,6,0,,0,
C=C=NC=NC,6,0,,0,
C=C=NC=NN,6,0,,0,
C=C=NC=NO,6,0,,0,
C=C=NCC#N,6,0,,0,
C=C=NCC=C,6,0,,0,
C=C=NCC=N,6,0,,0,
C=C=NCC=O,6,0,,0,
C=C=NCCC,6,0,,0,
C=C=NCCN,6,0,,0,
C=C=NCCO,6,0,,0,
C=C=NCN=C,6,0,,0,
C=C=NCN=N,6,0,,0,
C=C=NCN=O,6,0,,0,
C=C=NCNC,6,0,,0,
C=C=NCNN,6,0,,0,
C=C=NCNO,6,0,,0,
C=C=NCOC,6,0,,0,
C=C=NCON,6,0,,0,
C=C=NCOO,6,0,,0,
C=C=NN(C)C,6,0,,0,
C=C=NN(C)N,6,0,,0,
C=C=NN(C)O,6,0,,0,
C=C=NN(N)N,6,0,,0,
C=C=NN(N)O,6,0,,0,
C=C=NN(O)O,6,0,,0,
C=C=NN1C#C1,6,0,,0,
C=C=NN1C=C1,6,0,,0,
C=C=NN1C=N1,6,0,,0,
C=C=NN1CC1,6,0,,0,
C=C=NN1CN1,6,0,,0,
C=C=NN1CO1,6,0,,0,
C=C=NN1N=N1,6,0,,0,
C=C=NN=C=C,6,0,,0,
C=C=NN=C=N,6,0,,0,
C=C=NN=C=O,6,0,,0,
C=C=NN=CC,6,0,,0,
C=C=NN=CN,6,0,,0,
C=C=NN=CO,6,0,,0,
C=C=NN=NC,6,0,,0,
C=C=NN=NN,6,0,,0,
C=C=NN=NO,6,0,,0,
C=C=NNC#N,6,0,,0,
C=C=NNC=C,6,0,,0,
C=C=NNC=N,6,0,,0,
C=C=NNC=O,6,0,,0,
C=C=NNCC,6,0,,0,
C=C=NNCN,6,0,,0,
C=C=NNCO,6,0,,0,
C=C=NNN=C,6,0,,0,
C=C=NNN=N,6,0,,0,
C=C=NNN=O,6,0,,0,
C=C=NNNC,6,0,,0,
C=C=NNNN,6,0,,0,
C=C=NNNO,6,0,,0,
C=C=NNOC,6,0,,0,
C=C=NNON,6,0,,0,
C=C=NNOO,6,0,,0,
C=C=NOC#N,6,0,,0,
C=C=NOC=C,6,0,,0,
C=C=NOC=N,6,0,,0,
C=C=NOC=O,6,0,,0,
C=C=NOCC,6,0,,0,
C=C=NOCN,6,0,,0,
C=C=NOCO,6,0,,0,
C=C=NON=C,6,0,,0,
C=C=NON=N,6,0,,0,
C=C=NON=O,6,0,,0,
C=C=NONC,6,0,,0,
C=C=NONN,6,0,,0,
C=C=NONO,6,0,,0,
C=C=NOOC,6,0,,0,
C=C=NOON,6,0,,0,
C=C=NOOO,6,0,,0,
C=C=Nn1[nH][nH]1,6,0,,0,
C=C=Nn1[nH]o1,6,0,,0,
C=C=Nn1oo1,6,0,,0,
C=CC#CC#N,6,1,vinylcyanoacetylene,2021,
C=CC#CC=C,6,0,,0,
C=CC#CC=N,6,0,,0,
C=CC#CC=O,6,0,,0,
C=CC#CCC,6,0,,0,
C=CC#CCN,6,0,,0,
C=CC#CCO,6,0,,0,
C=CC#CN=C,6,0,,0,
C=CC#CN=N,6,0,,0,
C=CC#CN=O,6,0,,0,
C=CC#CNC,6,0,,0,
C=CC#CNN,6,0,,0,
C=CC#CNO,6,0,,0,
C=CC#COC,6,0,,0,
C=CC#CON,6,0,,0,
C=CC#COO,6,0,,0,
C=CC(=C)C#N,6,0,,0,
C=CC(=C)C=C,6,0,,0,
C=CC(=C)C=N,6,0,,0,
C=CC(=C)C=O,6,0,,0,
C=CC(=C)CC,6,0,,0,
C=CC(=C)CN,6,0,,0,
C=CC(=C)CO,6,0,,0,
C=CC(=C)N=C,6,0,,0,
C=CC(=C)N=N,6,0,,0,
C=CC(=C)N=O,6,0,,0,
C=CC(=C)NC,6,0,,0,
C=CC(=C)NN,6,0,,0,
C=CC(=C)NO,6,0,,0,
C=CC(=C)OC,6,0,,0,
C=CC(=C)ON,6,0,,0,
C=CC(=C)OO,6,0,,0,
C=CC(=N)C#N,6,0,,0,
C=CC(=N)C=C,6,0,,0,
C=CC(=N)C=N,6,0,,0,
C=CC(=N)C=O,6,0,,0,
C=CC(=N)CC,6,0,,0,
C=CC(=N)CN,6,0,,0,
C=CC(=N)CO,6,0,,0,
C=CC(=N)N=C,6,0,,0,
C=CC(=N)N=N,6,0,,0,
C=CC(=N)N=O,6,0,,0,
C=CC(=N)NC,6,0,,0,
C=CC(=N)NN,6,0,,0,
C=CC(=N)NO,6,0,,0,
C=CC(=N)OC,6,0,,0,
C=CC(=N)ON,6,0,,0,
C=CC(=N)OO,6,0,,0,
C=CC(=O)C#N,6,0,,0,
C=CC(=O)C=C,6,0,,0,
C=CC(=O)C=N,6,0,,0,
C=CC(=O)C=O,6,0,,0,
C=CC(=O)CC,6,0,,0,
C=CC(=O)CN,6,0,,0,
C=CC(=O)CO,6,0,,0,
C=CC(=O)N=C,6,0,,0,
C=CC(=O)N=N,6,0,,0,
C=CC(=O)N=O,6,0,,0,
C=CC(=O)NC,6,0,,0,
C=CC(=O)NN,6,0,,0,
C=CC(=O)NO,6,0,,0,
C=CC(=O)OC,6,0,,0,
C=CC(=O)ON,6,0,,0,
C=CC(=O)OO,6,0,,0,
C=CC(C)(C)C,6,0,,0,
C=CC(C)(C)N,6,0,,0,
C=CC(C)(C)O,6,0,,0,
C=CC(C)(N)N,6,0,,0,
C=CC(C)(N)O,6,0,,0,
C=CC(C)(O)O,6,0,,0,
C=CC(C)=C=N,6,0,,0,
C=CC(C)=C=O,6,0,,0,
C=CC(C)=CC,6,0,,0,
C=CC(C)=CN,6,0,,0,
C=CC(C)=CO,6,0,,0,
C=CC(C)=NC,6,0,,0,
C=CC(C)=NN,6,0,,0,
C=CC(C)=NO,6,0,,0,
C=CC(C)C#N,6,0,,0,
C=CC(C)C=C,6,0,,0,
C=CC(C)C=N,6,0,,0,
C=CC(C)C=O,6,0,,0,
C=CC(C)CC,6,0,,0,
C=CC(C)CN,6,0,,0,
C=CC(C)CO,6,0,,0,
C=CC(C)N=C,6,0,,0,
C=CC(C)N=N,6,0,,0,
C=CC(C)N=O,6,0,,0,
C=CC(C)NC,6,0,,0,
C=CC(C)NN,6,0,,0,
C=CC(C)NO,6,0,,0,
C=CC(C)OC,6,0,,0,
C=CC(C)ON,6,0,,0,
C=CC(C)OO,6,0,,0,
C=CC(N)(N)N,6,0,,0,
C=CC(N)(N)O,6,0,,0,
C=CC(N)(O)O,6,0,,0,
C=CC(N)=C=N,6,0,,0,
C=CC(N)=C=O,6,0,,0,
C=CC(N)=CC,6,0,,0,
C=CC(N)=CN,6,0,,0,
C=CC(N)=CO,6,0,,0,
C=CC(N)=NC,6,0,,0,
C=CC(N)=NN,6,0,,0,
C=CC(N)=NO,6,0,,0,
C=CC(N)C#N,6,0,,0,
C=CC(N)C=C,6,0,,0,
C=CC(N)C=N,6,0,,0,
C=CC(N)C=O,6,0,,0,
C=CC(N)CC,6,0,,0,
C=CC(N)CN,6,0,,0,
C=CC(N)CO,6,0,,0,
C=CC(N)N=C,6,0,,0,
C=CC(N)N=N,6,0,,0,
C=CC(N)N=O,6,0,,0,
C=CC(N)NC,6,0,,0,
C=CC(N)NN,6,0,,0,
C=CC(N)NO,6,0,,0,
C=CC(N)OC,6,0,,0,
C=CC(N)ON,6,0,,0,
C=CC(N)OO,6,0,,0,
C=CC(O)(O)O,6,0,,0,
C=CC(O)=C=N,6,0,,0,
C=CC(O)=C=O,6,0,,0,
C=CC(O)=CC,6,0,,0,
C=CC(O)=CN,6,0,,0,
C=CC(O)=CO,6,0,,0,
C=CC(O)=NC,6,0,,0,
C=CC(O)=NN,6,0,,0,
C=CC(O)=NO,6,0,,0,
C=CC(O)C#N,6,0,,0,
C=CC(O)C=C,6,0,,0,
C=CC(O)C=N,6,0,,0,
C=CC(O)C=O,6,0,,0,
C=CC(O)CC,6,0,,0,
C=CC(O)CN,6,0,,0,
C=CC(O)CO,6,0,,0,
C=CC(O)N=C,6,0,,0,
C=CC(O)N=N,6,0,,0,
C=CC(O)N=O,6,0,,0,
C=CC(O)NC,6,0,,0,
C=CC(O)NN,6,0,,0,
C=CC(O)NO,6,0,,0,
C=CC(O)OC,6,0,,0,
C=CC(O)ON,6,0,,0,
C=CC(O)OO,6,0,,0,
C=CC1(C)C#C1,6,0,,0,
C=CC1(C)C=C1,6,0,,0,
C=CC1(C)C=N1,6,0,,0,
C=CC1(C)CC1,6,0,,0,
C=CC1(C)CN1,6,0,,0,
C=CC1(C)CO1,6,0,,0,
C=CC1(C)N=N1,6,0,,0,
C=CC1(C)NN1,6,0,,0,
C=CC1(C)NO1,6,0,,0,
C=CC1(C)OO1,6,0,,0,
C=CC1(N)C#C1,6,0,,0,
C=CC1(N)C=C1,6,0,,0,
C=CC1(N)C=N1,6,0,,0,
C=CC1(N)CC1,6,0,,0,
C=CC1(N)CN1,6,0,,0,
C=CC1(N)CO1,6,0,,0,
C=CC1(N)N=N1,6,0,,0,
C=CC1(N)NN1,6,0,,0,
C=CC1(N)NO1,6,0,,0,
C=CC1(N)OO1,6,0,,0,
C=CC1(O)C#C1,6,0,,0,
C=CC1(O)C=C1,6,0,,0,
C=CC1(O)C=N1,6,0,,0,
C=CC1(O)CC1,6,0,,0,
C=CC1(O)CN1,6,0,,0,
C=CC1(O)CO1,6,0,,0,
C=CC1(O)N=N1,6,0,,0,
C=CC1(O)NN1,6,0,,0,
C=CC1(O)NO1,6,0,,0,
C=CC1(O)OO1,6,0,,0,
C=CC12C3=C1C32,6,0,,0,
C=CC12C3=C1N32,6,0,,0,
C=CC12C3C1C32,6,0,,0,
C=CC12C3C1N32,6,0,,0,
C=CC12C3N1N32,6,0,,0,
C=CC12C=C1C2,6,0,,0,
C=CC12C=C1N2,6,0,,0,
C=CC12C=C1O2,6,0,,0,
C=CC12CC1=N2,6,0,,0,
C=CC12CC1C2,6,0,,0,
C=CC12CC1N2,6,0,,0,
C=CC12CC1O2,6,0,,0,
C=CC12CN1C2,6,0,,0,
C=CC12CN1N2,6,0,,0,
C=CC12CN1O2,6,0,,0,
C=CC12N=C1N2,6,0,,0,
C=CC12N=C1O2,6,0,,0,
C=CC12NC1N2,6,0,,0,
C=CC12NC1O2,6,0,,0,
C=CC12NN1N2,6,0,,0,
C=CC12NN1O2,6,0,,0,
C=CC12OC1O2,6,0,,0,
C=CC12ON1O2,6,0,,0,
C=CC12n3n1n32,6,0,,0,
C=CC1=C(C)C1,6,0,,0,
C=CC1=C(C)N1,6,0,,0,
C=CC1=C(C)O1,6,0,,0,
C=CC1=C(N)C1,6,0,,0,
C=CC1=C(N)N1,6,0,,0,
C=CC1=C(N)O1,6,0,,0,
C=CC1=C(O)C1,6,0,,0,
C=CC1=C(O)N1,6,0,,0,
C=CC1=C(O)O1,6,0,,0,
C=CC1=C2C=C12,6,0,,0,
C=CC1=C2CC12,6,0,,0,
C=CC1=C2CN12,6,0,,0,
C=CC1=C2N=C12,6,0,,0,
C=CC1=C2NC12,6,0,,0,
C=CC1=C2OC12,6,0,,0,
C=CC1=C=C1C,6,0,,0,
C=CC1=C=C1N,6,0,,0,
C=CC1=C=C1O,6,0,,0,
C=CC1=C=C=C1,6,0,,0,
C=CC1=C=C=N1,6,0,,0,
C=CC1=C=CC1,6,0,,0,
C=CC1=C=CN1,6,0,,0,
C=CC1=C=CO1,6,0,,0,
C=CC1=C=NC1,6,0,,0,
C=CC1=C=NN1,6,0,,0,
C=CC1=C=NO1,6,0,,0,
C=CC1=CC#C1,6,0,,0,
C=CC1=CC1=C,6,0,,0,
C=CC1=CC1C,6,0,,0,
C=CC1=CC1N,6,0,,0,
C=CC1=CC1O,6,0,,0,
C=CC1=CC=C1,6,0,,0,
C=CC1=CC=N1,6,0,,0,
C=CC1=CCC1,6,0,,0,
C=CC1=CCN1,6,0,,0,
C=CC1=CCO1,6,0,,0,
C=CC1=CN1C,6,0,,0,
C=CC1=CN1N,6,0,,0,
C=CC1=CN1O,6,0,,0,
C=CC1=CN=C1,6,0,,0,
C=CC1=CN=N1,6,0,,0,
C=CC1=CNC1,6,0,,0,
C=CC1=COC1,6,0,,0,
C=CC1=NC#C1,6,0,,0,
C=CC1=NC1=C,6,0,,0,
C=CC1=NC1C,6,0,,0,
C=CC1=NC1N,6,0,,0,
C=CC1=NC1O,6,0,,0,
C=CC1=NC=C1,6,0,,0,
C=CC1=NC=N1,6,0,,0,
C=CC1=NCC1,6,0,,0,
C=CC1=NCN1,6,0,,0,
C=CC1=NCO1,6,0,,0,
C=CC1=NN1C,6,0,,0,
C=CC1=NN1N,6,0,,0,
C=CC1=NN1O,6,0,,0,
C=CC1=NN=C1,6,0,,0,
C=CC1=NN=N1,6,0,,0,
C=CC1=NNC1,6,0,,0,
C=CC1=NOC1,6,0,,0,
C=CC1C#CC1,6,0,,0,
C=CC1C#CN1,6,0,,0,
C=CC1C#CO1,6,0,,0,
C=CC1C2=C1C2,6,0,,0,
C=CC1C2=C1N2,6,0,,0,
C=CC1C2=C1O2,6,0,,0,
C=CC1C2=C=C21,6,0,,0,
C=CC1C2=CC21,6,0,,0,
C=CC1C2=CN21,6,0,,0,
C=CC1C2=NC21,6,0,,0,
C=CC1C2=NN21,6,0,,0,
C=CC1C2CC12,6,0,,0,
C=CC1C2CN12,6,0,,0,
C=CC1C2NC12,6,0,,0,
C=CC1C2NN12,6,0,,0,
C=CC1C2OC12,6,0,,0,
C=CC1C2ON12,6,0,,0,
C=CC1C=C1C,6,0,,0,
C=CC1C=C1N,6,0,,0,
C=CC1C=C1O,6,0,,0,
C=CC1C=C=C1,6,0,,0,
C=CC1C=C=N1,6,0,,0,
C=CC1C=CC1,6,0,,0,
C=CC1C=CN1,6,0,,0,
C=CC1C=CO1,6,0,,0,
C=CC1C=NC1,6,0,,0,
C=CC1C=NN1,6,0,,0,
C=CC1C=NO1,6,0,,0,
C=CC1CC1=C,6,0,,0,
C=CC1CC1=N,6,0,,0,
C=CC1CC1=O,6,0,,0,
C=CC1CC1C,6,0,,0,
C=CC1CC1N,6,0,,0,
C=CC1CC1O,6,0,,0,
C=CC1CC=N1,6,0,,0,
C=CC1CCC1,6,0,,0,
C=CC1CCN1,6,0,,0,
C=CC1CCO1,6,0,,0,
C=CC1CN1C,6,0,,0,
C=CC1CN1N,6,0,,0,
C=CC1CN1O,6,0,,0,
C=CC1CN=N1,6,0,,0,
C=CC1CNC1,6,0,,0,
C=CC1CNN1,6,0,,0,
C=CC1CNO1,6,0,,0,
C=CC1COC1,6,0,,0,
C=CC1CON1,6,0,,0,
C=CC1COO1,6,0,,0,
C=CC1N2CN12,6,0,,0,
C=CC1N=C1C,6,0,,0,
C=CC1N=C1N,6,0,,0,
C=CC1N=C1O,6,0,,0,
C=CC1N=C=N1,6,0,,0,
C=CC1N=CN1,6,0,,0,
C=CC1N=CO1,6,0,,0,
C=CC1N=NN1,6,0,,0,
C=CC1N=NO1,6,0,,0,
C=CC1NC1=C,6,0,,0,
C=CC1NC1=N,6,0,,0,
C=CC1NC1=O,6,0,,0,
C=CC1NC1C,6,0,,0,
C=CC1NC1N,6,0,,0,
C=CC1NC1O,6,0,,0,
C=CC1NCN1,6,0,,0,
C=CC1NCO1,6,0,,0,
C=CC1NN1C,6,0,,0,
C=CC1NN1N,6,0,,0,
C=CC1NN1O,6,0,,0,
C=CC1NNN1,6,0,,0,
C=CC1NNO1,6,0,,0,
C=CC1NON1,6,0,,0,
C=CC1NOO1,6,0,,0,
C=CC1OC1=C,6,0,,0,
C=CC1OC1=N,6,0,,0,
C=CC1OC1=O,6,0,,0,
C=CC1OC1C,6,0,,0,
C=CC1OC1N,6,0,,0,
C=CC1OC1O,6,0,,0,
C=CC1OCO1,6,0,,0,
C=CC1ON1C,6,0,,0,
C=CC1ON1N,6,0,,0,
C=CC1ON1O,6,0,,0,
C=CC1ONO1,6,0,,0,
C=CC1OOO1,6,0,,0,
C=CC1n2[nH]n21,6,0,,0,
C=CC1n2on21,6,0,,0,
C=CC=C(C)C,6,0,,0,
C=CC=C(C)N,6,0,,0,
C=CC=C(C)O,6,0,,0,
C=CC=C(N)N,6,0,,0,
C=CC=C(N)O,6,0,,0,
C=CC=C(O)O,6,0,,0,
C=CC=C1C#C1,6,0,,0,
C=CC=C1C=C1,6,0,,0,
C=CC=C1C=N1,6,0,,0,
C=CC=C1CC1,6,0,,0,
C=CC=C1CN1,6,0,,0,
C=CC=C1CO1,6,0,,0,
C=CC=C1N=N1,6,0,,0,
C=CC=C1NN1,6,0,,0,
C=CC=C1NO1,6,0,,0,
C=CC=C1OO1,6,0,,0,
C=CC=C=C=N,6,0,,0,
C=CC=C=C=O,6,0,,0,
C=CC=C=CC,6,0,,0,
C=CC=C=CN,6,0,,0,
C=CC=C=CO,6,0,,0,
C=CC=C=NC,6,0,,0,
C=CC=C=NN,6,0,,0,
C=CC=C=NO,6,0,,0,
C=CC=CC#N,6,0,,0,"E-1-cyano-1,3-butadiene"
C=CC=CC=C,6,0,,0,
C=CC=CC=N,6,0,,0,
C=CC=CC=O,6,0,,0,
C=CC=CCC,6,0,,0,
C=CC=CCN,6,0,,0,
C=CC=CCO,6,0,,0,
C=CC=CN=C,6,0,,0,
C=CC=CN=N,6,0,,0,
C=CC=CN=O,6,0,,0,
C=CC=CNC,6,0,,0,
C=CC=CNN,6,0,,0,
C=CC=CNO,6,0,,0,
C=CC=COC,6,0,,0,
C=CC=CON,6,0,,0,
C=CC=COO,6,0,,0,
C=CC=NC#N,6,0,,0,
C=CC=NC=C,6,0,,0,
C=CC=NC=N,6,0,,0,
C=CC=NC=O,6,0,,0,
C=CC=NCC,6,0,,0,
C=CC=NCN,6,0,,0,
C=CC=NCO,6,0,,0,
C=CC=NN=C,6,0,,0,
C=CC=NN=N,6,0,,0,
C=CC=NN=O,6,0,,0,
C=CC=NNC,6,0,,0,
C=CC=NNN,6,0,,0,
C=CC=NNO,6,0,,0,
C=CC=NOC,6,0,,0,
C=CC=NON,6,0,,0,
C=CC=NOO,6,0,,0,
C=CCC#CC,6,0,,0,
C=CCC#CN,6,0,,0,
C=CCC#CO,6,0,,0,
C=CCC(=C)C,6,0,,0,
C=CCC(=C)N,6,0,,0,
C=CCC(=C)O,6,0,,0,
C=CCC(=N)N,6,0,,0,
C=CCC(=N)O,6,0,,0,
C=CCC(=O)O,6,0,,0,
C=CCC(C)=N,6,0,,0,
C=CCC(C)=O,6,0,,0,
C=CCC(C)C,6,0,,0,
C=CCC(C)N,6,0,,0,
C=CCC(C)O,6,0,,0,
C=CCC(N)=O,6,0,,0,
C=CCC(N)N,6,0,,0,
C=CCC(N)O,6,0,,0,
C=CCC(O)O,6,0,,0,
C=CCC1=C=C1,6,0,,0,
C=CCC1=C=N1,6,0,,0,
C=CCC1=CC1,6,0,,0,
C=CCC1=CN1,6,0,,0,
C=CCC1=CO1,6,0,,0,
C=CCC1=NC1,6,0,,0,
C=CCC1=NN1,6,0,,0,
C=CCC1=NO1,6,0,,0,
C=CCC1C#C1,6,0,,0,
C=CCC1C=C1,6,0,,0,
C=CCC1C=N1,6,0,,0,
C=CCC1CC1,6,0,,0,
C=CCC1CN1,6,0,,0,
C=CCC1CO1,6,0,,0,
C=CCC1N=N1,6,0,,0,
C=CCC1NN1,6,0,,0,
C=CCC1NO1,6,0,,0,
C=CCC1OO1,6,0,,0,
C=CCC=C=N,6,0,,0,
C=CCC=C=O,6,0,,0,
C=CCC=CC,6,0,,0,
C=CCC=CN,6,0,,0,
C=CCC=CO,6,0,,0,
C=CCC=NC,6,0,,0,
C=CCC=NN,6,0,,0,
C=CCC=NO,6,0,,0,
C=CCCC#N,6,0,,0,
C=CCCC=C,6,0,,0,
C=CCCC=N,6,0,,0,
C=CCCC=O,6,0,,0,
C=CCCCC,6,0,,0,
C=CCCCN,6,0,,0,
C=CCCCO,6,0,,0,
C=CCCN=C,6,0,,0,
C=CCCN=N,6,0,,0,
C=CCCN=O,6,0,,0,
C=CCCNC,6,0,,0,
C=CCCNN,6,0,,0,
C=CCCNO,6,0,,0,
C=CCCOC,6,0,,0,
C=CCCON,6,0,,0,
C=CCCOO,6,0,,0,
C=CCN(C)C,6,0,,0,
C=CCN(C)N,6,0,,0,
C=CCN(C)O,6,0,,0,
C=CCN(N)N,6,0,,0,
C=CCN(N)O,6,0,,0,
C=CCN(O)O,6,0,,0,
C=CCN1C#C1,6,0,,0,
C=CCN1C=C1,6,0,,0,
C=CCN1C=N1,6,0,,0,
C=CCN1CC1,6,0,,0,
C=CCN1CN1,6,0,,0,
C=CCN1CO1,6,0,,0,
C=CCN1N=N1,6,0,,0,
C=CCN=C=N,6,0,,0,
C=CCN=C=O,6,0,,0,
C=CCN=CC,6,0,,0,
C=CCN=CN,6,0,,0,
C=CCN=CO,6,0,,0,
C=CCN=NC,6,0,,0,
C=CCN=NN,6,0,,0,
C=CCN=NO,6,0,,0,
C=CCNC#N,6,0,,0,
C=CCNC=C,6,0,,0,
C=CCNC=N,6,0,,0,
C=CCNC=O,6,0,,0,
C=CCNCC,6,0,,0,
C=CCNCN,6,0,,0,
C=CCNCO,6,0,,0,
C=CCNN=C,6,0,,0,
C=CCNN=N,6,0,,0,
C=CCNN=O,6,0,,0,
C=CCNNC,6,0,,0,
C=CCNNN,6,0,,0,
C=CCNNO,6,0,,0,
C=CCNOC,6,0,,0,
C=CCNON,6,0,,0,
C=CCNOO,6,0,,0,
C=CCOC#N,6,0,,0,
C=CCOC=C,6,0,,0,
C=CCOC=N,6,0,,0,
C=CCOC=O,6,0,,0,
C=CCOCC,6,0,,0,
C=CCOCN,6,0,,0,
C=CCOCO,6,0,,0,
C=CCON=C,6,0,,0,
C=CCON=N,6,0,,0,
C=CCON=O,6,0,,0,
C=CCONC,6,0,,0,
C=CCONN,6,0,,0,
C=CCONO,6,0,,0,
C=CCOOC,6,0,,0,
C=CCOON,6,0,,0,
C=CCOOO,6,0,,0,
C=CCn1[nH][nH]1,6,0,,0,
C=CCn1[nH]o1,6,0,,0,
C=CCn1oo1,6,0,,0,
C=CN(C)C#N,6,0,,0,
C=CN(C)C=C,6,0,,0,
C=CN(C)C=N,6,0,,0,
C=CN(C)C=O,6,0,,0,
C=CN(C)CC,6,0,,0,
C=CN(C)CN,6,0,,0,
C=CN(C)CO,6,0,,0,
C=CN(C)N=C,6,0,,0,
C=CN(C)N=N,6,0,,0,
C=CN(C)N=O,6,0,,0,
C=CN(C)NC,6,0,,0,
C=CN(C)NN,6,0,,0,
C=CN(C)NO,6,0,,0,
C=CN(C)OC,6,0,,0,
C=CN(C)ON,6,0,,0,
C=CN(C)OO,6,0,,0,
C=CN(N)C#N,6,0,,0,
C=CN(N)C=C,6,0,,0,
C=CN(N)C=N,6,0,,0,
C=CN(N)C=O,6,0,,0,
C=CN(N)CC,6,0,,0,
C=CN(N)CN,6,0,,0,
C=CN(N)CO,6,0,,0,
C=CN(N)N=C,6,0,,0,
C=CN(N)N=N,6,0,,0,
C=CN(N)N=O,6,0,,0,
C=CN(N)NC,6,0,,0,
C=CN(N)NN,6,0,,0,
C=CN(N)NO,6,0,,0,
C=CN(N)OC,6,0,,0,
C=CN(N)ON,6,0,,0,
C=CN(N)OO,6,0,,0,
C=CN(O)C#N,6,0,,0,
C=CN(O)C=C,6,0,,0,
C=CN(O)C=N,6,0,,0,
C=CN(O)C=O,6,0,,0,
C=CN(O)CC,6,0,,0,
C=CN(O)CN,6,0,,0,
C=CN(O)CO,6,0,,0,
C=CN(O)N=C,6,0,,0,
C=CN(O)N=N,6,0,,0,
C=CN(O)N=O,6,0,,0,
C=CN(O)NC,6,0,,0,
C=CN(O)NN,6,0,,0,
C=CN(O)NO,6,0,,0,
C=CN(O)OC,6,0,,0,
C=CN(O)ON,6,0,,0,
C=CN(O)OO,6,0,,0,
C=CN1C#CC1,6,0,,0,
C=CN1C2=C1C2,6,0,,0,
C=CN1C2=C=C21,6,0,,0,
C=CN1C2=CC21,6,0,,0,
C=CN1C2=NC21,6,0,,0,
C=CN1C2CC21,6,0,,0,
C=CN1C2CN21,6,0,,0,
C=CN1C2NC21,6,0,,0,
C=CN1C2NN21,6,0,,0,
C=CN1C2OC21,6,0,,0,
C=CN1C2ON21,6,0,,0,
C=CN1C=C1C,6,0,,0,
C=CN1C=C1N,6,0,,0,
C=CN1C=C1O,6,0,,0,
C=CN1C=C=C1,6,0,,0,
C=CN1C=C=N1,6,0,,0,
C=CN1C=CC1,6,0,,0,
C=CN1C=NC1,6,0,,0,
C=CN1CC1=C,6,0,,0,
C=CN1CC1=N,6,0,,0,
C=CN1CC1=O,6,0,,0,
C=CN1CC1C,6,0,,0,
C=CN1CC1N,6,0,,0,
C=CN1CC1O,6,0,,0,
C=CN1CC=N1,6,0,,0,
C=CN1CCC1,6,0,,0,
C=CN1CCN1,6,0,,0,
C=CN1CCO1,6,0,,0,
C=CN1CN1C,6,0,,0,
C=CN1CN1N,6,0,,0,
C=CN1CN1O,6,0,,0,
C=CN1CN=N1,6,0,,0,
C=CN1CNC1,6,0,,0,
C=CN1CNN1,6,0,,0,
C=CN1CNO1,6,0,,0,
C=CN1COC1,6,0,,0,
C=CN1CON1,6,0,,0,
C=CN1COO1,6,0,,0,
C=CN1N=C1C,6,0,,0,
C=CN1N=C1N,6,0,,0,
C=CN1N=C1O,6,0,,0,
C=CN1N=C=N1,6,0,,0,
C=CN1NC1=C,6,0,,0,
C=CN1NC1=N,6,0,,0,
C=CN1NC1=O,6,0,,0,
C=CN1NC1C,6,0,,0,
C=CN1NC1N,6,0,,0,
C=CN1NC1O,6,0,,0,
C=CN1NCN1,6,0,,0,
C=CN1NCO1,6,0,,0,
C=CN1NNN1,6,0,,0,
C=CN1NNO1,6,0,,0,
C=CN1NON1,6,0,,0,
C=CN1NOO1,6,0,,0,
C=CN1OC1=C,6,0,,0,
C=CN1OC1=N,6,0,,0,
C=CN1OC1=O,6,0,,0,
C=CN1OC1C,6,0,,0,
C=CN1OC1N,6,0,,0,
C=CN1OC1O,6,0,,0,
C=CN1OCO1,6,0,,0,
C=CN1ONO1,6,0,,0,
C=CN1OOO1,6,0,,0,
C=CN=C(C)C,6,0,,0,
C=CN=C(C)N,6,0,,0,
C=CN=C(C)O,6,0,,0,
C=CN=C(N)N,6,0,,0,
C=CN=C(N)O,6,0,,0,
C=CN=C(O)O,6,0,,0,
C=CN=C1CC1,6,0,,0,
C=CN=C1CN1,6,0,,0,
C=CN=C1CO1,6,0,,0,
C=CN=C1NN1,6,0,,0,
C=CN=C1NO1,6,0,,0,
C=CN=C1OO1,6,0,,0,
C=CN=C=C=N,6,0,,0,
C=CN=C=C=O,6,0,,0,
C=CN=C=CC,6,0,,0,
C=CN=C=CN,6,0,,0,
C=CN=C=CO,6,0,,0,
C=CN=C=NC,6,0,,0,
C=CN=C=NN,6,0,,0,
C=CN=C=NO,6,0,,0,
C=CN=CC#N,6,0,,0,
C=CN=CC=N,6,0,,0,
C=CN=CC=O,6,0,,0,
C=CN=CCC,6,0,,0,
C=CN=CCN,6,0,,0,
C=CN=CCO,6,0,,0,
C=CN=CN=C,6,0,,0,
C=CN=CN=N,6,0,,0,
C=CN=CN=O,6,0,,0,
C=CN=CNC,6,0,,0,
C=CN=CNN,6,0,,0,
C=CN=CNO,6,0,,0,
C=CN=COC,6,0,,0,
C=CN=CON,6,0,,0,
C=CN=COO,6,0,,0,
C=CN=NC#N,6,0,,0,
C=CN=NC=C,6,0,,0,
C=CN=NC=N,6,0,,0,
C=CN=NC=O,6,0,,0,
C=CN=NCC,6,0,,0,
C=CN=NCN,6,0,,0,
C=CN=NCO,6,0,,0,
C=CN=NN=C,6,0,,0,
C=CN=NN=N,6,0,,0,
C=CN=NN=O,6,0,,0,
C=CN=NNC,6,0,,0,
C=CN=NNN,6,0,,0,
C=CN=NNO,6,0,,0,
C=CN=NOC,6,0,,0,
C=CN=NON,6,0,,0,
C=CN=NOO,6,0,,0,
C=CN=c1c#c1,6,0,,0,
C=CN=c1cc1,6,0,,0,
C=CN=c1cn1,6,0,,0,
C=CN=c1nn1,6,0,,0,
C=CNC#CC,6,0,,0,
C=CNC#CN,6,0,,0,
C=CNC#CO,6,0,,0,
C=CNC(=C)C,6,0,,0,
C=CNC(=C)N,6,0,,0,
C=CNC(=C)O,6,0,,0,
C=CNC(=N)N,6,0,,0,
C=CNC(=N)O,6,0,,0,
C=CNC(=O)O,6,0,,0,
C=CNC(C)=N,6,0,,0,
C=CNC(C)=O,6,0,,0,
C=CNC(C)C,6,0,,0,
C=CNC(C)N,6,0,,0,
C=CNC(C)O,6,0,,0,
C=CNC(N)=O,6,0,,0,
C=CNC(N)N,6,0,,0,
C=CNC(N)O,6,0,,0,
C=CNC(O)O,6,0,,0,
C=CNC1=C=C1,6,0,,0,
C=CNC1=C=N1,6,0,,0,
C=CNC1=CC1,6,0,,0,
C=CNC1=CN1,6,0,,0,
C=CNC1=CO1,6,0,,0,
C=CNC1=NC1,6,0,,0,
C=CNC1=NN1,6,0,,0,
C=CNC1=NO1,6,0,,0,
C=CNC1C#C1,6,0,,0,
C=CNC1C=C1,6,0,,0,
C=CNC1C=N1,6,0,,0,
C=CNC1CC1,6,0,,0,
C=CNC1CN1,6,0,,0,
C=CNC1CO1,6,0,,0,
C=CNC1N=N1,6,0,,0,
C=CNC1NN1,6,0,,0,
C=CNC1NO1,6,0,,0,
C=CNC1OO1,6,0,,0,
C=CNC=C=N,6,0,,0,
C=CNC=C=O,6,0,,0,
C=CNC=CC,6,0,,0,
C=CNC=CN,6,0,,0,
C=CNC=CO,6,0,,0,
C=CNC=NC,6,0,,0,
C=CNC=NN,6,0,,0,
C=CNC=NO,6,0,,0,
C=CNCC#N,6,0,,0,
C=CNCC=N,6,0,,0,
C=CNCC=O,6,0,,0,
C=CNCCC,6,0,,0,
C=CNCCN,6,0,,0,
C=CNCCO,6,0,,0,
C=CNCN=C,6,0,,0,
C=CNCN=N,6,0,,0,
C=CNCN=O,6,0,,0,
C=CNCNC,6,0,,0,
C=CNCNN,6,0,,0,
C=CNCNO,6,0,,0,
C=CNCOC,6,0,,0,
C=CNCON,6,0,,0,
C=CNCOO,6,0,,0,
C=CNN(C)C,6,0,,0,
C=CNN(C)N,6,0,,0,
C=CNN(C)O,6,0,,0,
C=CNN(N)N,6,0,,0,
C=CNN(N)O,6,0,,0,
C=CNN(O)O,6,0,,0,
C=CNN1C#C1,6,0,,0,
C=CNN1C=C1,6,0,,0,
C=CNN1C=N1,6,0,,0,
C=CNN1CC1,6,0,,0,
C=CNN1CN1,6,0,,0,
C=CNN1CO1,6,0,,0,
C=CNN1N=N1,6,0,,0,
C=CNN=C=N,6,0,,0,
C=CNN=C=O,6,0,,0,
C=CNN=CC,6,0,,0,
C=CNN=CN,6,0,,0,
C=CNN=CO,6,0,,0,
C=CNN=NC,6,0,,0,
C=CNN=NN,6,0,,0,
C=CNN=NO,6,0,,0,
C=CNNC#N,6,0,,0,
C=CNNC=C,6,0,,0,
C=CNNC=N,6,0,,0,
C=CNNC=O,6,0,,0,
C=CNNCC,6,0,,0,
C=CNNCN,6,0,,0,
C=CNNCO,6,0,,0,
C=CNNN=C,6,0,,0,
C=CNNN=N,6,0,,0,
C=CNNN=O,6,0,,0,
C=CNNNC,6,0,,0,
C=CNNNN,6,0,,0,
C=CNNNO,6,0,,0,
C=CNNOC,6,0,,0,
C=CNNON,6,0,,0,
C=CNNOO,6,0,,0,
C=CNOC#N,6,0,,0,
C=CNOC=C,6,0,,0,
C=CNOC=N,6,0,,0,
C=CNOC=O,6,0,,0,
C=CNOCC,6,0,,0,
C=CNOCN,6,0,,0,
C=CNOCO,6,0,,0,
C=CNON=C,6,0,,0,
C=CNON=N,6,0,,0,
C=CNON=O,6,0,,0,
C=CNONC,6,0,,0,
C=CNONN,6,0,,0,
C=CNONO,6,0,,0,
C=CNOOC,6,0,,0,
C=CNOON,6,0,,0,
C=CNOOO,6,0,,0,
C=CNn1[nH][nH]1,6,0,,0,
C=CNn1[nH]o1,6,0,,0,
C=CNn1oo1,6,0,,0,
C=COC#CC,6,0,,0,
C=COC#CN,6,0,,0,
C=COC#CO,6,0,,0,
C=COC(=C)C,6,0,,0,
C=COC(=C)N,6,0,,0,
C=COC(=C)O,6,0,,0,
C=COC(=N)N,6,0,,0,
C=COC(=N)O,6,0,,0,
C=COC(=O)O,6,0,,0,
C=COC(C)=N,6,0,,0,
C=COC(C)=O,6,0,,0,
C=COC(C)C,6,0,,0,
C=COC(C)N,6,0,,0,
C=COC(C)O,6,0,,0,
C=COC(N)=O,6,0,,0,
C=COC(N)N,6,0,,0,
C=COC(N)O,6,0,,0,
C=COC(O)O,6,0,,0,
C=COC1=C=C1,6,0,,0,
C=COC1=C=N1,6,0,,0,
C=COC1=CC1,6,0,,0,
C=COC1=CN1,6,0,,0,
C=COC1=CO1,6,0,,0,
C=COC1=NC1,6,0,,0,
C=COC1=NN1,6,0,,0,
C=COC1=NO1,6,0,,0,
C=COC1C#C1,6,0,,0,
C=COC1C=C1,6,0,,0,
C=COC1C=N1,6,0,,0,
C=COC1CC1,6,0,,0,
C=COC1CN1,6,0,,0,
C=COC1CO1,6,0,,0,
C=COC1N=N1,6,0,,0,
C=COC1NN1,6,0,,0,
C=COC1NO1,6,0,,0,
C=COC1OO1,6,0,,0,
C=COC=C=N,6,0,,0,
C=COC=C=O,6,0,,0,
C=COC=CC,6,0,,0,
C=COC=CN,6,0,,0,
C=COC=CO,6,0,,0,
C=COC=NC,6,0,,0,
C=COC=NN,6,0,,0,
C=COC=NO,6,0,,0,
C=COCC#N,6,0,,0,
C=COCC=N,6,0,,0,
C=COCC=O,6,0,,0,
C=COCCC,6,0,,0,
C=COCCN,6,0,,0,
C=COCCO,6,0,,0,
C=COCN=C,6,0,,0,
C=COCN=N,6,0,,0,
C=COCN=O,6,0,,0,
C=COCNC,6,0,,0,
C=COCNN,6,0,,0,
C=COCNO,6,0,,0,
C=COCOC,6,0,,0,
C=COCON,6,0,,0,
C=COCOO,6,0,,0,
C=CON(C)C,6,0,,0,
C=CON(C)N,6,0,,0,
C=CON(C)O,6,0,,0,
C=CON(N)N,6,0,,0,
C=CON(N)O,6,0,,0,
C=CON(O)O,6,0,,0,
C=CON1C#C1,6,0,,0,
C=CON1C=C1,6,0,,0,
C=CON1C=N1,6,0,,0,
C=CON1CC1,6,0,,0,
C=CON1CN1,6,0,,0,
C=CON1CO1,6,0,,0,
C=CON1N=N1,6,0,,0,
C=CON=C=N,6,0,,0,
C=CON=C=O,6,0,,0,
C=CON=CC,6,0,,0,
C=CON=CN,6,0,,0,
C=CON=CO,6,0,,0,
C=CON=NC,6,0,,0,
C=CON=NN,6,0,,0,
C=CON=NO,6,0,,0,
C=CONC#N,6,0,,0,
C=CONC=N,6,0,,0,
C=CONC=O,6,0,,0,
C=CONCC,6,0,,0,
C=CONCN,6,0,,0,
C=CONCO,6,0,,0,
C=CONN=C,6,0,,0,
C=CONN=N,6,0,,0,
C=CONN=O,6,0,,0,
C=CONNC,6,0,,0,
C=CONNN,6,0,,0,
C=CONNO,6,0,,0,
C=CONOC,6,0,,0,
C=CONON,6,0,,0,
C=CONOO,6,0,,0,
C=COOC#N,6,0,,0,
C=COOC=C,6,0,,0,
C=COOC=N,6,0,,0,
C=COOC=O,6,0,,0,
C=COOCC,6,0,,0,
C=COOCN,6,0,,0,
C=COOCO,6,0,,0,
C=COON=C,6,0,,0,
C=COON=N,6,0,,0,
C=COON=O,6,0,,0,
C=COONC,6,0,,0,
C=COONN,6,0,,0,
C=COONO,6,0,,0,
C=COOOC,6,0,,0,
C=COOON,6,0,,0,
C=COOOO,6,0,,0,
C=COn1[nH][nH]1,6,0,,0,
C=COn1[nH]o1,6,0,,0,
C=COn1oo1,6,0,,0,
C=Cc1c2[nH]n1-2,6,0,,0,
C=Cc1c2on1-2,6,0,,0,
C=Cc1c[nH][nH]1,6,0,,0,
C=Cc1c[nH]o1,6,0,,0,
C=Cc1cc1=N,6,0,,0,
C=Cc1cc1=O,6,0,,0,
C=Cc1co[nH]1,6,0,,0,
C=Cc1coo1,6,0,,0,
C=Cc1n[nH][nH]1,6,0,,0,
C=Cc1n[nH]o1,6,0,,0,
C=Cc1nc1=N,6,0,,0,
C=Cc1nc1=O,6,0,,0,
C=Cc1no[nH]1,6,0,,0,
C=Cc1noo1,6,0,,0,
C=Cn1[nH]n1C,6,0,,0,
C=Cn1[nH]n1N,6,0,,0,
C=Cn1[nH]n1O,6,0,,0,
C=Cn1c#c[nH]1,6,0,,0,
C=Cn1c#co1,6,0,,0,
C=Cn1c2[nH]c1=2,6,0,,0,
C=Cn1c2cn1-2,6,0,,0,
C=Cn1c2nn1-2,6,0,,0,
C=Cn1c2oc1=2,6,0,,0,
C=Cn1cc[nH]1,6,0,,0,
C=Cn1cco1,6,0,,0,
C=Cn1cn[nH]1,6,0,,0,
C=Cn1cno1,6,0,,0,
C=Cn1n2[nH]n12,6,0,,0,
C=Cn1n2n1C2,6,0,,0,
C=Cn1n2on12,6,0,,0,
C=Cn1nc[nH]1,6,0,,0,
C=Cn1nco1,6,0,,0,
C=Cn1nn[nH]1,6,0,,0,
C=Cn1nno1,6,0,,0,
C=Cn1on1C,6,0,,0,
C=Cn1on1N,6,0,,0,
C=Cn1on1O,6,0,,0,
C=NC#CC#N,6,0,,0,
C=NC#CC=N,6,0,,0,
C=NC#CC=O,6,0,,0,
C=NC#CCC,6,0,,0,
C=NC#CCN,6,0,,0,
C=NC#CCO,6,0,,0,
C=NC#CN=C,6,0,,0,
C=NC#CN=N,6,0,,0,
C=NC#CN=O,6,0,,0,
C=NC#CNC,6,0,,0,
C=NC#CNN,6,0,,0,
C=NC#CNO,6,0,,0,
C=NC#COC,6,0,,0,
C=NC#CON,6,0,,0,
C=NC#COO,6,0,,0,
C=NC(=C)C#N,6,0,,0,
C=NC(=C)C=N,6,0,,0,
C=NC(=C)C=O,6,0,,0,
C=NC(=C)CC,6,0,,0,
C=NC(=C)CN,6,0,,0,
C=NC(=C)CO,6,0,,0,
C=NC(=C)N=C,6,0,,0,
C=NC(=C)N=N,6,0,,0,
C=NC(=C)N=O,6,0,,0,
C=NC(=C)NC,6,0,,0,
C=NC(=C)NN,6,0,,0,
C=NC(=C)NO,6,0,,0,
C=NC(=C)OC,6,0,,0,
C=NC(=C)ON,6,0,,0,
C=NC(=C)OO,6,0,,0,
C=NC(=N)C#N,6,0,,0,
C=NC(=N)C=N,6,0,,0,
C=NC(=N)C=O,6,0,,0,
C=NC(=N)CC,6,0,,0,
C=NC(=N)CN,6,0,,0,
C=NC(=N)CO,6,0,,0,
C=NC(=N)N=C,6,0,,0,
C=NC(=N)N=N,6,0,,0,
C=NC(=N)N=O,6,0,,0,
C=NC(=N)NC,6,0,,0,
C=NC(=N)NN,6,0,,0,
C=NC(=N)NO,6,0,,0,
C=NC(=N)OC,6,0,,0,
C=NC(=N)ON,6,0,,0,
C=NC(=N)OO,6,0,,0,
C=NC(=O)C#N,6,0,,0,
C=NC(=O)C=N,6,0,,0,
C=NC(=O)C=O,6,0,,0,
C=NC(=O)CC,6,0,,0,
C=NC(=O)CN,6,0,,0,
C=NC(=O)CO,6,0,,0,
C=NC(=O)N=C,6,0,,0,
C=NC(=O)N=N,6,0,,0,
C=NC(=O)N=O,6,0,,0,
C=NC(=O)NC,6,0,,0,
C=NC(=O)NN,6,0,,0,
C=NC(=O)NO,6,0,,0,
C=NC(=O)OC,6,0,,0,
C=NC(=O)ON,6,0,,0,
C=NC(=O)OO,6,0,,0,
C=NC(C)(C)C,6,0,,0,
C=NC(C)(C)N,6,0,,0,
C=NC(C)(C)O,6,0,,0,
C=NC(C)(N)N,6,0,,0,
C=NC(C)(N)O,6,0,,0,
C=NC(C)(O)O,6,0,,0,
C=NC(C)=C=N,6,0,,0,
C=NC(C)=C=O,6,0,,0,
C=NC(C)=CC,6,0,,0,
C=NC(C)=CN,6,0,,0,
C=NC(C)=CO,6,0,,0,
C=NC(C)=NC,6,0,,0,
C=NC(C)=NN,6,0,,0,
C=NC(C)=NO,6,0,,0,
C=NC(C)C#N,6,0,,0,
C=NC(C)C=N,6,0,,0,
C=NC(C)C=O,6,0,,0,
C=NC(C)CC,6,0,,0,
C=NC(C)CN,6,0,,0,
C=NC(C)CO,6,0,,0,
C=NC(C)N=C,6,0,,0,
C=NC(C)N=N,6,0,,0,
C=NC(C)N=O,6,0,,0,
C=NC(C)NC,6,0,,0,
C=NC(C)NN,6,0,,0,
C=NC(C)NO,6,0,,0,
C=NC(C)OC,6,0,,0,
C=NC(C)ON,6,0,,0,
C=NC(C)OO,6,0,,0,
C=NC(N)(N)N,6,0,,0,
C=NC(N)(N)O,6,0,,0,
C=NC(N)(O)O,6,0,,0,
C=NC(N)=C=N,6,0,,0,
C=NC(N)=C=O,6,0,,0,
C=NC(N)=CC,6,0,,0,
C=NC(N)=CN,6,0,,0,
C=NC(N)=CO,6,0,,0,
C=NC(N)=NC,6,0,,0,
C=NC(N)=NN,6,0,,0,
C=NC(N)=NO,6,0,,0,
C=NC(N)C#N,6,0,,0,
C=NC(N)C=N,6,0,,0,
C=NC(N)C=O,6,0,,0,
C=NC(N)CC,6,0,,0,
C=NC(N)CN,6,0,,0,
C=NC(N)CO,6,0,,0,
C=NC(N)N=C,6,0,,0,
C=NC(N)N=N,6,0,,0,
C=NC(N)N=O,6,0,,0,
C=NC(N)NC,6,0,,0,
C=NC(N)NN,6,0,,0,
C=NC(N)NO,6,0,,0,
C=NC(N)OC,6,0,,0,
C=NC(N)ON,6,0,,0,
C=NC(N)OO,6,0,,0,
C=NC(O)(O)O,6,0,,0,
C=NC(O)=C=N,6,0,,0,
C=NC(O)=C=O,6,0,,0,
C=NC(O)=CC,6,0,,0,
C=NC(O)=CN,6,0,,0,
C=NC(O)=CO,6,0,,0,
C=NC(O)=NC,6,0,,0,
C=NC(O)=NN,6,0,,0,
C=NC(O)=NO,6,0,,0,
C=NC(O)C#N,6,0,,0,
C=NC(O)C=N,6,0,,0,
C=NC(O)C=O,6,0,,0,
C=NC(O)CC,6,0,,0,
C=NC(O)CN,6,0,,0,
C=NC(O)CO,6,0,,0,
C=NC(O)N=C,6,0,,0,
C=NC(O)N=N,6,0,,0,
C=NC(O)N=O,6,0,,0,
C=NC(O)NC,6,0,,0,
C=NC(O)NN,6,0,,0,
C=NC(O)NO,6,0,,0,
C=NC(O)OC,6,0,,0,
C=NC(O)ON,6,0,,0,
C=NC(O)OO,6,0,,0,
C=NC1(C)C#C1,6,0,,0,
C=NC1(C)C=C1,6,0,,0,
C=NC1(C)C=N1,6,0,,0,
C=NC1(C)CC1,6,0,,0,
C=NC1(C)CN1,6,0,,0,
C=NC1(C)CO1,6,0,,0,
C=NC1(C)N=N1,6,0,,0,
C=NC1(C)NN1,6,0,,0,
C=NC1(C)NO1,6,0,,0,
C=NC1(C)OO1,6,0,,0,
C=NC1(N)C#C1,6,0,,0,
C=NC1(N)C=C1,6,0,,0,
C=NC1(N)C=N1,6,0,,0,
C=NC1(N)CC1,6,0,,0,
C=NC1(N)CN1,6,0,,0,
C=NC1(N)CO1,6,0,,0,
C=NC1(N)N=N1,6,0,,0,
C=NC1(N)NN1,6,0,,0,
C=NC1(N)NO1,6,0,,0,
C=NC1(N)OO1,6,0,,0,
C=NC1(O)C#C1,6,0,,0,
C=NC1(O)C=C1,6,0,,0,
C=NC1(O)C=N1,6,0,,0,
C=NC1(O)CC1,6,0,,0,
C=NC1(O)CN1,6,0,,0,
C=NC1(O)CO1,6,0,,0,
C=NC1(O)N=N1,6,0,,0,
C=NC1(O)NN1,6,0,,0,
C=NC1(O)NO1,6,0,,0,
C=NC1(O)OO1,6,0,,0,
C=NC12C3=C1C32,6,0,,0,
C=NC12C3=C1N32,6,0,,0,
C=NC12C3C1C32,6,0,,0,
C=NC12C3C1N32,6,0,,0,
C=NC12C3N1N32,6,0,,0,
C=NC12C=C1C2,6,0,,0,
C=NC12C=C1N2,6,0,,0,
C=NC12C=C1O2,6,0,,0,
C=NC12CC1=N2,6,0,,0,
C=NC12CC1C2,6,0,,0,
C=NC12CC1N2,6,0,,0,
C=NC12CC1O2,6,0,,0,
C=NC12CN1C2,6,0,,0,
C=NC12CN1N2,6,0,,0,
C=NC12CN1O2,6,0,,0,
C=NC12N=C1N2,6,0,,0,
C=NC12N=C1O2,6,0,,0,
C=NC12NC1N2,6,0,,0,
C=NC12NC1O2,6,0,,0,
C=NC12NN1N2,6,0,,0,
C=NC12NN1O2,6,0,,0,
C=NC12OC1O2,6,0,,0,
C=NC12ON1O2,6,0,,0,
C=NC12n3n1n32,6,0,,0,
C=NC1=C(C)C1,6,0,,0,
C=NC1=C(C)N1,6,0,,0,
C=NC1=C(C)O1,6,0,,0,
C=NC1=C(N)C1,6,0,,0,
C=NC1=C(N)N1,6,0,,0,
C=NC1=C(N)O1,6,0,,0,
C=NC1=C(O)C1,6,0,,0,
C=NC1=C(O)N1,6,0,,0,
C=NC1=C(O)O1,6,0,,0,
C=NC1=C2C=C21,6,0,,0,
C=NC1=C2CC21,6,0,,0,
C=NC1=C2CN21,6,0,,0,
C=NC1=C2N=C12,6,0,,0,
C=NC1=C2NC12,6,0,,0,
C=NC1=C2OC12,6,0,,0,
C=NC1=C=C1C,6,0,,0,
C=NC1=C=C1N,6,0,,0,
C=NC1=C=C1O,6,0,,0,
C=NC1=C=C=C1,6,0,,0,
C=NC1=C=C=N1,6,0,,0,
C=NC1=C=CC1,6,0,,0,
C=NC1=C=CN1,6,0,,0,
C=NC1=C=CO1,6,0,,0,
C=NC1=C=NC1,6,0,,0,
C=NC1=C=NN1,6,0,,0,
C=NC1=C=NO1,6,0,,0,
C=NC1=CC#C1,6,0,,0,
C=NC1=CC1=C,6,0,,0,
C=NC1=CC1C,6,0,,0,
C=NC1=CC1N,6,0,,0,
C=NC1=CC1O,6,0,,0,
C=NC1=CC=C1,6,0,,0,
C=NC1=CC=N1,6,0,,0,
C=NC1=CCC1,6,0,,0,
C=NC1=CCN1,6,0,,0,
C=NC1=CCO1,6,0,,0,
C=NC1=CN1C,6,0,,0,
C=NC1=CN1N,6,0,,0,
C=NC1=CN1O,6,0,,0,
C=NC1=CN=C1,6,0,,0,
C=NC1=CN=N1,6,0,,0,
C=NC1=CNC1,6,0,,0,
C=NC1=COC1,6,0,,0,
C=NC1=NC#C1,6,0,,0,
C=NC1=NC1=C,6,0,,0,
C=NC1=NC1C,6,0,,0,
C=NC1=NC1N,6,0,,0,
C=NC1=NC1O,6,0,,0,
C=NC1=NC=C1,6,0,,0,
C=NC1=NC=N1,6,0,,0,
C=NC1=NCC1,6,0,,0,
C=NC1=NCN1,6,0,,0,
C=NC1=NCO1,6,0,,0,
C=NC1=NN1C,6,0,,0,
C=NC1=NN1N,6,0,,0,
C=NC1=NN1O,6,0,,0,
C=NC1=NN=C1,6,0,,0,
C=NC1=NN=N1,6,0,,0,
C=NC1=NNC1,6,0,,0,
C=NC1=NOC1,6,0,,0,
C=NC1C#CC1,6,0,,0,
C=NC1C#CN1,6,0,,0,
C=NC1C#CO1,6,0,,0,
C=NC1C2=C1C2,6,0,,0,
C=NC1C2=C1N2,6,0,,0,
C=NC1C2=C1O2,6,0,,0,
C=NC1C2=C=C21,6,0,,0,
C=NC1C2=CC21,6,0,,0,
C=NC1C2=CN21,6,0,,0,
C=NC1C2=NC21,6,0,,0,
C=NC1C2=NN21,6,0,,0,
C=NC1C2CC21,6,0,,0,
C=NC1C2CN21,6,0,,0,
C=NC1C2NC12,6,0,,0,
C=NC1C2NN12,6,0,,0,
C=NC1C2OC12,6,0,,0,
C=NC1C2ON12,6,0,,0,
C=NC1C=C1C,6,0,,0,
C=NC1C=C1N,6,0,,0,
C=NC1C=C1O,6,0,,0,
C=NC1C=C=C1,6,0,,0,
C=NC1C=C=N1,6,0,,0,
C=NC1C=CC1,6,0,,0,
C=NC1C=CN1,6,0,,0,
C=NC1C=CO1,6,0,,0,
C=NC1C=NC1,6,0,,0,
C=NC1C=NN1,6,0,,0,
C=NC1C=NO1,6,0,,0,
C=NC1CC1=C,6,0,,0,
C=NC1CC1=N,6,0,,0,
C=NC1CC1=O,6,0,,0,
C=NC1CC1C,6,0,,0,
C=NC1CC1N,6,0,,0,
C=NC1CC1O,6,0,,0,
C=NC1CC=N1,6,0,,0,
C=NC1CCC1,6,0,,0,
C=NC1CCN1,6,0,,0,
C=NC1CCO1,6,0,,0,
C=NC1CN1C,6,0,,0,
C=NC1CN1N,6,0,,0,
C=NC1CN1O,6,0,,0,
C=NC1CN=N1,6,0,,0,
C=NC1CNC1,6,0,,0,
C=NC1CNN1,6,0,,0,
C=NC1CNO1,6,0,,0,
C=NC1COC1,6,0,,0,
C=NC1CON1,6,0,,0,
C=NC1COO1,6,0,,0,
C=NC1N2CN12,6,0,,0,
C=NC1N=C1C,6,0,,0,
C=NC1N=C1N,6,0,,0,
C=NC1N=C1O,6,0,,0,
C=NC1N=C=N1,6,0,,0,
C=NC1N=CN1,6,0,,0,
C=NC1N=CO1,6,0,,0,
C=NC1N=NN1,6,0,,0,
C=NC1N=NO1,6,0,,0,
C=NC1NC1=C,6,0,,0,
C=NC1NC1=N,6,0,,0,
C=NC1NC1=O,6,0,,0,
C=NC1NC1C,6,0,,0,
C=NC1NC1N,6,0,,0,
C=NC1NC1O,6,0,,0,
C=NC1NCN1,6,0,,0,
C=NC1NCO1,6,0,,0,
C=NC1NN1C,6,0,,0,
C=NC1NN1N,6,0,,0,
C=NC1NN1O,6,0,,0,
C=NC1NNN1,6,0,,0,
C=NC1NNO1,6,0,,0,
C=NC1NON1,6,0,,0,
C=NC1NOO1,6,0,,0,
C=NC1OC1=C,6,0,,0,
C=NC1OC1=N,6,0,,0,
C=NC1OC1=O,6,0,,0,
C=NC1OC1C,6,0,,0,
C=NC1OC1N,6,0,,0,
C=NC1OC1O,6,0,,0,
C=NC1OCO1,6,0,,0,
C=NC1ON1C,6,0,,0,
C=NC1ON1N,6,0,,0,
C=NC1ON1O,6,0,,0,
C=NC1ONO1,6,0,,0,
C=NC1OOO1,6,0,,0,
C=NC1n2[nH]n21,6,0,,0,
C=NC1n2on21,6,0,,0,
C=NC=C(C)C,6,0,,0,
C=NC=C(C)N,6,0,,0,
C=NC=C(C)O,6,0,,0,
C=NC=C(N)N,6,0,,0,
C=NC=C(N)O,6,0,,0,
C=NC=C(O)O,6,0,,0,
C=NC=C1C#C1,6,0,,0,
C=NC=C1C=C1,6,0,,0,
C=NC=C1C=N1,6,0,,0,
C=NC=C1CC1,6,0,,0,
C=NC=C1CN1,6,0,,0,
C=NC=C1CO1,6,0,,0,
C=NC=C1N=N1,6,0,,0,
C=NC=C1NN1,6,0,,0,
C=NC=C1NO1,6,0,,0,
C=NC=C1OO1,6,0,,0,
C=NC=C=C=N,6,0,,0,
C=NC=C=C=O,6,0,,0,
C=NC=C=CC,6,0,,0,
C=NC=C=CN,6,0,,0,
C=NC=C=CO,6,0,,0,
C=NC=C=NC,6,0,,0,
C=NC=C=NN,6,0,,0,
C=NC=C=NO,6,0,,0,
C=NC=CC#N,6,0,,0,
C=NC=CC=N,6,0,,0,
C=NC=CC=O,6,0,,0,
C=NC=CCC,6,0,,0,
C=NC=CCN,6,0,,0,
C=NC=CCO,6,0,,0,
C=NC=CN=C,6,0,,0,
C=NC=CN=N,6,0,,0,
C=NC=CN=O,6,0,,0,
C=NC=CNC,6,0,,0,
C=NC=CNN,6,0,,0,
C=NC=CNO,6,0,,0,
C=NC=COC,6,0,,0,
C=NC=CON,6,0,,0,
C=NC=COO,6,0,,0,
C=NC=NC#N,6,0,,0,
C=NC=NC=N,6,0,,0,
C=NC=NC=O,6,0,,0,
C=NC=NCC,6,0,,0,
C=NC=NCN,6,0,,0,
C=NC=NCO,6,0,,0,
C=NC=NN=C,6,0,,0,
C=NC=NN=N,6,0,,0,
C=NC=NN=O,6,0,,0,
C=NC=NNC,6,0,,0,
C=NC=NNN,6,0,,0,
C=NC=NNO,6,0,,0,
C=NC=NOC,6,0,,0,
C=NC=NON,6,0,,0,
C=NC=NOO,6,0,,0,
C=NCC#CC,6,0,,0,
C=NCC#CN,6,0,,0,
C=NCC#CO,6,0,,0,
C=NCC(=C)C,6,0,,0,
C=NCC(=C)N,6,0,,0,
C=NCC(=C)O,6,0,,0,
C=NCC(=N)N,6,0,,0,
C=NCC(=N)O,6,0,,0,
C=NCC(=O)O,6,0,,0,
C=NCC(C)=N,6,0,,0,
C=NCC(C)=O,6,0,,0,
C=NCC(C)C,6,0,,0,
C=NCC(C)N,6,0,,0,
C=NCC(C)O,6,0,,0,
C=NCC(N)=O,6,0,,0,
C=NCC(N)N,6,0,,0,
C=NCC(N)O,6,0,,0,
C=NCC(O)O,6,0,,0,
C=NCC1=C=C1,6,0,,0,
C=NCC1=C=N1,6,0,,0,
C=NCC1=CC1,6,0,,0,
C=NCC1=CN1,6,0,,0,
C=NCC1=CO1,6,0,,0,
C=NCC1=NC1,6,0,,0,
C=NCC1=NN1,6,0,,0,
C=NCC1=NO1,6,0,,0,
C=NCC1C#C1,6,0,,0,
C=NCC1C=C1,6,0,,0,
C=NCC1C=N1,6,0,,0,
C=NCC1CC1,6,0,,0,
C=NCC1CN1,6,0,,0,
C=NCC1CO1,6,0,,0,
C=NCC1N=N1,6,0,,0,
C=NCC1NN1,6,0,,0,
C=NCC1NO1,6,0,,0,
C=NCC1OO1,6,0,,0,
C=NCC=C=N,6,0,,0,
C=NCC=C=O,6,0,,0,
C=NCC=CC,6,0,,0,
C=NCC=CN,6,0,,0,
C=NCC=CO,6,0,,0,
C=NCC=NC,6,0,,0,
C=NCC=NN,6,0,,0,
C=NCC=NO,6,0,,0,
C=NCCC#N,6,0,,0,
C=NCCC=N,6,0,,0,
C=NCCC=O,6,0,,0,
C=NCCCC,6,0,,0,
C=NCCCN,6,0,,0,
C=NCCCO,6,0,,0,
C=NCCN=C,6,0,,0,
C=NCCN=N,6,0,,0,
C=NCCN=O,6,0,,0,
C=NCCNC,6,0,,0,
C=NCCNN,6,0,,0,
C=NCCNO,6,0,,0,
C=NCCOC,6,0,,0,
C=NCCON,6,0,,0,
C=NCCOO,6,0,,0,
C=NCN(C)C,6,0,,0,
C=NCN(C)N,6,0,,0,
C=NCN(C)O,6,0,,0,
C=NCN(N)N,6,0,,0,
C=NCN(N)O,6,0,,0,
C=NCN(O)O,6,0,,0,
C=NCN1C#C1,6,0,,0,
C=NCN1C=C1,6,0,,0,
C=NCN1C=N1,6,0,,0,
C=NCN1CC1,6,0,,0,
C=NCN1CN1,6,0,,0,
C=NCN1CO1,6,0,,0,
C=NCN1N=N1,6,0,,0,
C=NCN=C=N,6,0,,0,
C=NCN=C=O,6,0,,0,
C=NCN=CC,6,0,,0,
C=NCN=CN,6,0,,0,
C=NCN=CO,6,0,,0,
C=NCN=NC,6,0,,0,
C=NCN=NN,6,0,,0,
C=NCN=NO,6,0,,0,
C=NCNC#N,6,0,,0,
C=NCNC=N,6,0,,0,
C=NCNC=O,6,0,,0,
C=NCNCC,6,0,,0,
C=NCNCN,6,0,,0,
C=NCNCO,6,0,,0,
C=NCNN=C,6,0,,0,
C=NCNN=N,6,0,,0,
C=NCNN=O,6,0,,0,
C=NCNNC,6,0,,0,
C=NCNNN,6,0,,0,
C=NCNNO,6,0,,0,
C=NCNOC,6,0,,0,
C=NCNON,6,0,,0,
C=NCNOO,6,0,,0,
C=NCOC#N,6,0,,0,
C=NCOC=N,6,0,,0,
C=NCOC=O,6,0,,0,
C=NCOCC,6,0,,0,
C=NCOCN,6,0,,0,
C=NCOCO,6,0,,0,
C=NCON=C,6,0,,0,
C=NCON=N,6,0,,0,
C=NCON=O,6,0,,0,
C=NCONC,6,0,,0,
C=NCONN,6,0,,0,
C=NCONO,6,0,,0,
C=NCOOC,6,0,,0,
C=NCOON,6,0,,0,
C=NCOOO,6,0,,0,
C=NCn1[nH][nH]1,6,0,,0,
C=NCn1[nH]o1,6,0,,0,
C=NCn1oo1,6,0,,0,
C=NN(C)C#N,6,0,,0,
C=NN(C)C=N,6,0,,0,
C=NN(C)C=O,6,0,,0,
C=NN(C)CC,6,0,,0,
C=NN(C)CN,6,0,,0,
C=NN(C)CO,6,0,,0,
C=NN(C)N=C,6,0,,0,
C=NN(C)N=N,6,0,,0,
C=NN(C)N=O,6,0,,0,
C=NN(C)NC,6,0,,0,
C=NN(C)NN,6,0,,0,
C=NN(C)NO,6,0,,0,
C=NN(C)OC,6,0,,0,
C=NN(C)ON,6,0,,0,
C=NN(C)OO,6,0,,0,
C=NN(N)C#N,6,0,,0,
C=NN(N)C=N,6,0,,0,
C=NN(N)C=O,6,0,,0,
C=NN(N)CC,6,0,,0,
C=NN(N)CN,6,0,,0,
C=NN(N)CO,6,0,,0,
C=NN(N)N=C,6,0,,0,
C=NN(N)N=N,6,0,,0,
C=NN(N)N=O,6,0,,0,
C=NN(N)NC,6,0,,0,
C=NN(N)NN,6,0,,0,
C=NN(N)NO,6,0,,0,
C=NN(N)OC,6,0,,0,
C=NN(N)ON,6,0,,0,
C=NN(N)OO,6,0,,0,
C=NN(O)C#N,6,0,,0,
C=NN(O)C=N,6,0,,0,
C=NN(O)C=O,6,0,,0,
C=NN(O)CC,6,0,,0,
C=NN(O)CN,6,0,,0,
C=NN(O)CO,6,0,,0,
C=NN(O)N=C,6,0,,0,
C=NN(O)N=N,6,0,,0,
C=NN(O)N=O,6,0,,0,
C=NN(O)NC,6,0,,0,
C=NN(O)NN,6,0,,0,
C=NN(O)NO,6,0,,0,
C=NN(O)OC,6,0,,0,
C=NN(O)ON,6,0,,0,
C=NN(O)OO,6,0,,0,
C=NN1C#CC1,6,0,,0,
C=NN1C2=C1C2,6,0,,0,
C=NN1C2=C=C21,6,0,,0,
C=NN1C2=CC21,6,0,,0,
C=NN1C2=NC21,6,0,,0,
C=NN1C2CC21,6,0,,0,
C=NN1C2CN21,6,0,,0,
C=NN1C2NC21,6,0,,0,
C=NN1C2NN21,6,0,,0,
C=NN1C2OC21,6,0,,0,
C=NN1C2ON21,6,0,,0,
C=NN1C=C1C,6,0,,0,
C=NN1C=C1N,6,0,,0,
C=NN1C=C1O,6,0,,0,
C=NN1C=C=C1,6,0,,0,
C=NN1C=C=N1,6,0,,0,
C=NN1C=CC1,6,0,,0,
C=NN1C=NC1,6,0,,0,
C=NN1CC1=C,6,0,,0,
C=NN1CC1=N,6,0,,0,
C=NN1CC1=O,6,0,,0,
C=NN1CC1C,6,0,,0,
C=NN1CC1N,6,0,,0,
C=NN1CC1O,6,0,,0,
C=NN1CC=N1,6,0,,0,
C=NN1CCC1,6,0,,0,
C=NN1CCN1,6,0,,0,
C=NN1CCO1,6,0,,0,
C=NN1CN1C,6,0,,0,
C=NN1CN1N,6,0,,0,
C=NN1CN1O,6,0,,0,
C=NN1CN=N1,6,0,,0,
C=NN1CNC1,6,0,,0,
C=NN1CNN1,6,0,,0,
C=NN1CNO1,6,0,,0,
C=NN1COC1,6,0,,0,
C=NN1CON1,6,0,,0,
C=NN1COO1,6,0,,0,
C=NN1N=C1C,6,0,,0,
C=NN1N=C1N,6,0,,0,
C=NN1N=C1O,6,0,,0,
C=NN1N=C=N1,6,0,,0,
C=NN1NC1=C,6,0,,0,
C=NN1NC1=N,6,0,,0,
C=NN1NC1=O,6,0,,0,
C=NN1NC1C,6,0,,0,
C=NN1NC1N,6,0,,0,
C=NN1NC1O,6,0,,0,
C=NN1NCN1,6,0,,0,
C=NN1NCO1,6,0,,0,
C=NN1NNN1,6,0,,0,
C=NN1NNO1,6,0,,0,
C=NN1NON1,6,0,,0,
C=NN1NOO1,6,0,,0,
C=NN1OC1=C,6,0,,0,
C=NN1OC1=N,6,0,,0,
C=NN1OC1=O,6,0,,0,
C=NN1OC1C,6,0,,0,
C=NN1OC1N,6,0,,0,
C=NN1OC1O,6,0,,0,
C=NN1OCO1,6,0,,0,
C=NN1ONO1,6,0,,0,
C=NN1OOO1,6,0,,0,
C=NN=C(C)C,6,0,,0,
C=NN=C(C)N,6,0,,0,
C=NN=C(C)O,6,0,,0,
C=NN=C(N)N,6,0,,0,
C=NN=C(N)O,6,0,,0,
C=NN=C(O)O,6,0,,0,
C=NN=C1CC1,6,0,,0,
C=NN=C1CN1,6,0,,0,
C=NN=C1CO1,6,0,,0,
C=NN=C1NN1,6,0,,0,
C=NN=C1NO1,6,0,,0,
C=NN=C1OO1,6,0,,0,
C=NN=C=C=N,6,0,,0,
C=NN=C=C=O,6,0,,0,
C=NN=C=CC,6,0,,0,
C=NN=C=CN,6,0,,0,
C=NN=C=CO,6,0,,0,
C=NN=C=NC,6,0,,0,
C=NN=C=NN,6,0,,0,
C=NN=C=NO,6,0,,0,
C=NN=CC#N,6,0,,0,
C=NN=CC=N,6,0,,0,
C=NN=CC=O,6,0,,0,
C=NN=CCC,6,0,,0,
C=NN=CCN,6,0,,0,
C=NN=CCO,6,0,,0,
C=NN=CN=N,6,0,,0,
C=NN=CN=O,6,0,,0,
C=NN=CNC,6,0,,0,
C=NN=CNN,6,0,,0,
C=NN=CNO,6,0,,0,
C=NN=COC,6,0,,0,
C=NN=CON,6,0,,0,
C=NN=COO,6,0,,0,
C=NN=NC#N,6,0,,0,
C=NN=NC=N,6,0,,0,
C=NN=NC=O,6,0,,0,
C=NN=NCC,6,0,,0,
C=NN=NCN,6,0,,0,
C=NN=NCO,6,0,,0,
C=NN=NN=C,6,0,,0,
C=NN=NN=N,6,0,,0,
C=NN=NN=O,6,0,,0,
C=NN=NNC,6,0,,0,
C=NN=NNN,6,0,,0,
C=NN=NNO,6,0,,0,
C=NN=NOC,6,0,,0,
C=NN=NON,6,0,,0,
C=NN=NOO,6,0,,0,
C=NN=c1c#c1,6,0,,0,
C=NN=c1cc1,6,0,,0,
C=NN=c1cn1,6,0,,0,
C=NN=c1nn1,6,0,,0,
C=NNC#CC,6,0,,0,
C=NNC#CN,6,0,,0,
C=NNC#CO,6,0,,0,
C=NNC(=C)C,6,0,,0,
C=NNC(=C)N,6,0,,0,
C=NNC(=C)O,6,0,,0,
C=NNC(=N)N,6,0,,0,
C=NNC(=N)O,6,0,,0,
C=NNC(=O)O,6,0,,0,
C=NNC(C)=N,6,0,,0,
C=NNC(C)=O,6,0,,0,
C=NNC(C)C,6,0,,0,
C=NNC(C)N,6,0,,0,
C=NNC(C)O,6,0,,0,
C=NNC(N)=O,6,0,,0,
C=NNC(N)N,6,0,,0,
C=NNC(N)O,6,0,,0,
C=NNC(O)O,6,0,,0,
C=NNC1=C=C1,6,0,,0,
C=NNC1=C=N1,6,0,,0,
C=NNC1=CC1,6,0,,0,
C=NNC1=CN1,6,0,,0,
C=NNC1=CO1,6,0,,0,
C=NNC1=NC1,6,0,,0,
C=NNC1=NN1,6,0,,0,
C=NNC1=NO1,6,0,,0,
C=NNC1C#C1,6,0,,0,
C=NNC1C=C1,6,0,,0,
C=NNC1C=N1,6,0,,0,
C=NNC1CC1,6,0,,0,
C=NNC1CN1,6,0,,0,
C=NNC1CO1,6,0,,0,
C=NNC1N=N1,6,0,,0,
C=NNC1NN1,6,0,,0,
C=NNC1NO1,6,0,,0,
C=NNC1OO1,6,0,,0,
C=NNC=C=N,6,0,,0,
C=NNC=C=O,6,0,,0,
C=NNC=CC,6,0,,0,
C=NNC=CN,6,0,,0,
C=NNC=CO,6,0,,0,
C=NNC=NC,6,0,,0,
C=NNC=NN,6,0,,0,
C=NNC=NO,6,0,,0,
C=NNCC#N,6,0,,0,
C=NNCC=N,6,0,,0,
C=NNCC=O,6,0,,0,
C=NNCCC,6,0,,0,
C=NNCCN,6,0,,0,
C=NNCCO,6,0,,0,
C=NNCN=N,6,0,,0,
C=NNCN=O,6,0,,0,
C=NNCNC,6,0,,0,
C=NNCNN,6,0,,0,
C=NNCNO,6,0,,0,
C=NNCOC,6,0,,0,
C=NNCON,6,0,,0,
C=NNCOO,6,0,,0,
C=NNN(C)C,6,0,,0,
C=NNN(C)N,6,0,,0,
C=NNN(C)O,6,0,,0,
C=NNN(N)N,6,0,,0,
C=NNN(N)O,6,0,,0,
C=NNN(O)O,6,0,,0,
C=NNN1C#C1,6,0,,0,
C=NNN1C=C1,6,0,,0,
C=NNN1C=N1,6,0,,0,
C=NNN1CC1,6,0,,0,
C=NNN1CN1,6,0,,0,
C=NNN1CO1,6,0,,0,
C=NNN1N=N1,6,0,,0,
C=NNN=C=N,6,0,,0,
C=NNN=C=O,6,0,,0,
C=NNN=CC,6,0,,0,
C=NNN=CN,6,0,,0,
C=NNN=CO,6,0,,0,
C=NNN=NC,6,0,,0,
C=NNN=NN,6,0,,0,
C=NNN=NO,6,0,,0,
C=NNNC#N,6,0,,0,
C=NNNC=N,6,0,,0,
C=NNNC=O,6,0,,0,
C=NNNCC,6,0,,0,
C=NNNCN,6,0,,0,
C=NNNCO,6,0,,0,
C=NNNN=C,6,0,,0,
C=NNNN=N,6,0,,0,
C=NNNN=O,6,0,,0,
C=NNNNC,6,0,,0,
C=NNNNN,6,0,,0,
C=NNNNO,6,0,,0,
C=NNNOC,6,0,,0,
C=NNNON,6,0,,0,
C=NNNOO,6,0,,0,
C=NNOC#N,6,0,,0,
C=NNOC=N,6,0,,0,
C=NNOC=O,6,0,,0,
C=NNOCC,6,0,,0,
C=NNOCN,6,0,,0,
C=NNOCO,6,0,,0,
C=NNON=C,6,0,,0,
C=NNON=N,6,0,,0,
C=NNON=O,6,0,,0,
C=NNONC,6,0,,0,
C=NNONN,6,0,,0,
C=NNONO,6,0,,0,
C=NNOOC,6,0,,0,
C=NNOON,6,0,,0,
C=NNOOO,6,0,,0,
C=NNn1[nH][nH]1,6,0,,0,
C=NNn1[nH]o1,6,0,,0,
C=NNn1oo1,6,0,,0,
C=NOC#CC,6,0,,0,
C=NOC#CN,6,0,,0,
C=NOC#CO,6,0,,0,
C=NOC(=C)C,6,0,,0,
C=NOC(=C)N,6,0,,0,
C=NOC(=C)O,6,0,,0,
C=NOC(=N)N,6,0,,0,
C=NOC(=N)O,6,0,,0,
C=NOC(=O)O,6,0,,0,
C=NOC(C)=N,6,0,,0,
C=NOC(C)=O,6,0,,0,
C=NOC(C)C,6,0,,0,
C=NOC(C)N,6,0,,0,
C=NOC(C)O,6,0,,0,
C=NOC(N)=O,6,0,,0,
C=NOC(N)N,6,0,,0,
C=NOC(N)O,6,0,,0,
C=NOC(O)O,6,0,,0,
C=NOC1=C=C1,6,0,,0,
C=NOC1=C=N1,6,0,,0,
C=NOC1=CC1,6,0,,0,
C=NOC1=CN1,6,0,,0,
C=NOC1=CO1,6,0,,0,
C=NOC1=NC1,6,0,,0,
C=NOC1=NN1,6,0,,0,
C=NOC1=NO1,6,0,,0,
C=NOC1C#C1,6,0,,0,
C=NOC1C=C1,6,0,,0,
C=NOC1C=N1,6,0,,0,
C=NOC1CC1,6,0,,0,
C=NOC1CN1,6,0,,0,
C=NOC1CO1,6,0,,0,
C=NOC1N=N1,6,0,,0,
C=NOC1NN1,6,0,,0,
C=NOC1NO1,6,0,,0,
C=NOC1OO1,6,0,,0,
C=NOC=C=N,6,0,,0,
C=NOC=C=O,6,0,,0,
C=NOC=CC,6,0,,0,
C=NOC=CN,6,0,,0,
C=NOC=CO,6,0,,0,
C=NOC=NC,6,0,,0,
C=NOC=NN,6,0,,0,
C=NOC=NO,6,0,,0,
C=NOCC#N,6,0,,0,
C=NOCC=N,6,0,,0,
C=NOCC=O,6,0,,0,
C=NOCCC,6,0,,0,
C=NOCCN,6,0,,0,
C=NOCCO,6,0,,0,
C=NOCN=N,6,0,,0,
C=NOCN=O,6,0,,0,
C=NOCNC,6,0,,0,
C=NOCNN,6,0,,0,
C=NOCNO,6,0,,0,
C=NOCOC,6,0,,0,
C=NOCON,6,0,,0,
C=NOCOO,6,0,,0,
C=NON(C)C,6,0,,0,
C=NON(C)N,6,0,,0,
C=NON(C)O,6,0,,0,
C=NON(N)N,6,0,,0,
C=NON(N)O,6,0,,0,
C=NON(O)O,6,0,,0,
C=NON1C#C1,6,0,,0,
C=NON1C=C1,6,0,,0,
C=NON1C=N1,6,0,,0,
C=NON1CC1,6,0,,0,
C=NON1CN1,6,0,,0,
C=NON1CO1,6,0,,0,
C=NON1N=N1,6,0,,0,
C=NON=C=N,6,0,,0,
C=NON=C=O,6,0,,0,
C=NON=CC,6,0,,0,
C=NON=CN,6,0,,0,
C=NON=CO,6,0,,0,
C=NON=NC,6,0,,0,
C=NON=NN,6,0,,0,
C=NON=NO,6,0,,0,
C=NONC#N,6,0,,0,
C=NONC=N,6,0,,0,
C=NONC=O,6,0,,0,
C=NONCC,6,0,,0,
C=NONCN,6,0,,0,
C=NONCO,6,0,,0,
C=NONN=N,6,0,,0,
C=NONN=O,6,0,,0,
C=NONNC,6,0,,0,
C=NONNN,6,0,,0,
C=NONNO,6,0,,0,
C=NONOC,6,0,,0,
C=NONON,6,0,,0,
C=NONOO,6,0,,0,
C=NOOC#N,6,0,,0,
C=NOOC=N,6,0,,0,
C=NOOC=O,6,0,,0,
C=NOOCC,6,0,,0,
C=NOOCN,6,0,,0,
C=NOOCO,6,0,,0,
C=NOON=C,6,0,,0,
C=NOON=N,6,0,,0,
C=NOON=O,6,0,,0,
C=NOONC,6,0,,0,
C=NOONN,6,0,,0,
C=NOONO,6,0,,0,
C=NOOOC,6,0,,0,
C=NOOON,6,0,,0,
C=NOOOO,6,0,,0,
C=NOn1[nH][nH]1,6,0,,0,
C=NOn1[nH]o1,6,0,,0,
C=NOn1oo1,6,0,,0,
C=Nc1c2[nH]n1-2,6,0,,0,
C=Nc1c2on1-2,6,0,,0,
C=Nc1c[nH][nH]1,6,0,,0,
C=Nc1c[nH]o1,6,0,,0,
C=Nc1cc1=N,6,0,,0,
C=Nc1cc1=O,6,0,,0,
C=Nc1co[nH]1,6,0,,0,
C=Nc1coo1,6,0,,0,
C=Nc1n[nH][nH]1,6,0,,0,
C=Nc1n[nH]o1,6,0,,0,
C=Nc1nc1=N,6,0,,0,
C=Nc1nc1=O,6,0,,0,
C=Nc1no[nH]1,6,0,,0,
C=Nc1noo1,6,0,,0,
C=Nn1[nH]n1C,6,0,,0,
C=Nn1[nH]n1N,6,0,,0,
C=Nn1[nH]n1O,6,0,,0,
C=Nn1c#c[nH]1,6,0,,0,
C=Nn1c#co1,6,0,,0,
C=Nn1c2[nH]c1=2,6,0,,0,
C=Nn1c2cn1-2,6,0,,0,
C=Nn1c2nn1-2,6,0,,0,
C=Nn1c2oc1=2,6,0,,0,
C=Nn1cc[nH]1,6,0,,0,
C=Nn1cco1,6,0,,0,
C=Nn1cn[nH]1,6,0,,0,
C=Nn1cno1,6,0,,0,
C=Nn1n2[nH]n12,6,0,,0,
C=Nn1n2n1C2,6,0,,0,
C=Nn1n2on12,6,0,,0,
C=Nn1nc[nH]1,6,0,,0,
C=Nn1nco1,6,0,,0,
C=Nn1nn[nH]1,6,0,,0,
C=Nn1nno1,6,0,,0,
C=Nn1on1C,6,0,,0,
C=Nn1on1N,6,0,,0,
C=Nn1on1O,6,0,,0,
C=c1[nH][nH]c1=C,6,0,,0,
C=c1[nH]c(=C)[nH]1,6,0,,0,
C=c1[nH]c(=C)o1,6,0,,0,
C=c1[nH]c2n1C=2,6,0,,0,
C=c1[nH]c2n1N=2,6,0,,0,
C=c1[nH]n2c1=C2,6,0,,0,
C=c1[nH]n2c1=N2,6,0,,0,
C=c1[nH]oc1=C,6,0,,0,
C=c1c(=C)c1=N,6,0,,0,
C=c1c(=C)c1=O,6,0,,0,
C=c1c2c3n1n23,6,0,,0,
C=c1c2cn1[nH]2,6,0,,0,
C=c1c2cn1o2,6,0,,0,
C=c1c2nn1[nH]2,6,0,,0,
C=c1c2nn1o2,6,0,,0,
C=c1n2c(=C)n1-2,6,0,,0,
C=c1n2c3n1c2=3,6,0,,0,
C=c1oc(=C)o1,6,0,,0,
C=c1oc2n1C=2,6,0,,0,
C=c1oc2n1N=2,6,0,,0,
C=c1on2c1=C2,6,0,,0,
C=c1on2c1=N2,6,0,,0,
C=c1ooc1=C,6,0,,0,
CC#CC#CC,6,0,,0,
CC#CC#CN,6,0,,0,
CC#CC#CO,6,0,,0,
CC#CC(=N)N,6,0,,0,
CC#CC(=N)O,6,0,,0,
CC#CC(=O)O,6,0,,0,
CC#CC(C)=N,6,0,,0,
CC#CC(C)=O,6,0,,0,
CC#CC(C)C,6,0,,0,
CC#CC(C)N,6,0,,0,
CC#CC(C)O,6,0,,0,
CC#CC(N)=O,6,0,,0,
CC#CC(N)N,6,0,,0,
CC#CC(N)O,6,0,,0,
CC#CC(O)O,6,0,,0,
CC#CC1=C=C1,6,0,,0,
CC#CC1=C=N1,6,0,,0,
CC#CC1=CC1,6,0,,0,
CC#CC1=CN1,6,0,,0,
CC#CC1=CO1,6,0,,0,
CC#CC1=NC1,6,0,,0,
CC#CC1=NN1,6,0,,0,
CC#CC1=NO1,6,0,,0,
CC#CC1C#C1,6,0,,0,
CC#CC1C=C1,6,0,,0,
CC#CC1C=N1,6,0,,0,
CC#CC1CC1,6,0,,0,
CC#CC1CN1,6,0,,0,
CC#CC1CO1,6,0,,0,
CC#CC1N=N1,6,0,,0,
CC#CC1NN1,6,0,,0,
CC#CC1NO1,6,0,,0,
CC#CC1OO1,6,0,,0,
CC#CC=C=N,6,0,,0,
CC#CC=C=O,6,0,,0,
CC#CC=CC,6,0,,0,
CC#CC=CN,6,0,,0,
CC#CC=CO,6,0,,0,
CC#CC=NC,6,0,,0,
CC#CC=NN,6,0,,0,
CC#CC=NO,6,0,,0,
CC#CCC#N,6,0,,0,
CC#CCC=N,6,0,,0,
CC#CCC=O,6,0,,0,
CC#CCCC,6,0,,0,
CC#CCCN,6,0,,0,
CC#CCCO,6,0,,0,
CC#CCN=N,6,0,,0,
CC#CCN=O,6,0,,0,
CC#CCNC,6,0,,0,
CC#CCNN,6,0,,0,
CC#CCNO,6,0,,0,
CC#CCOC,6,0,,0,
CC#CCON,6,0,,0,
CC#CCOO,6,0,,0,
CC#CN(C)C,6,0,,0,
CC#CN(C)N,6,0,,0,
CC#CN(C)O,6,0,,0,
CC#CN(N)N,6,0,,0,
CC#CN(N)O,6,0,,0,
CC#CN(O)O,6,0,,0,
CC#CN1C#C1,6,0,,0,
CC#CN1C=C1,6,0,,0,
CC#CN1C=N1,6,0,,0,
CC#CN1CC1,6,0,,0,
CC#CN1CN1,6,0,,0,
CC#CN1CO1,6,0,,0,
CC#CN1N=N1,6,0,,0,
CC#CN=C=N,6,0,,0,
CC#CN=C=O,6,0,,0,
CC#CN=CC,6,0,,0,
CC#CN=CN,6,0,,0,
CC#CN=CO,6,0,,0,
CC#CN=NC,6,0,,0,
CC#CN=NN,6,0,,0,
CC#CN=NO,6,0,,0,
CC#CNC#N,6,0,,0,
CC#CNC=N,6,0,,0,
CC#CNC=O,6,0,,0,
CC#CNCC,6,0,,0,
CC#CNCN,6,0,,0,
CC#CNCO,6,0,,0,
CC#CNN=N,6,0,,0,
CC#CNN=O,6,0,,0,
CC#CNNC,6,0,,0,
CC#CNNN,6,0,,0,
CC#CNNO,6,0,,0,
CC#CNOC,6,0,,0,
CC#CNON,6,0,,0,
CC#CNOO,6,0,,0,
CC#COC#N,6,0,,0,
CC#COC=N,6,0,,0,
CC#COC=O,6,0,,0,
CC#COCC,6,0,,0,
CC#COCN,6,0,,0,
CC#COCO,6,0,,0,
CC#CON=N,6,0,,0,
CC#CON=O,6,0,,0,
CC#CONC,6,0,,0,
CC#CONN,6,0,,0,
CC#CONO,6,0,,0,
CC#COOC,6,0,,0,
CC#COON,6,0,,0,
CC#COOO,6,0,,0,
CC#Cn1[nH][nH]1,6,0,,0,
CC#Cn1[nH]o1,6,0,,0,
CC#Cn1oo1,6,0,,0,
CC(=C=N)C#N,6,0,,0,
CC(=C=N)C=N,6,0,,0,
CC(=C=N)C=O,6,0,,0,
CC(=C=N)CN,6,0,,0,
CC(=C=N)CO,6,0,,0,
CC(=C=N)N=N,6,0,,0,
CC(=C=N)N=O,6,0,,0,
CC(=C=N)NN,6,0,,0,
CC(=C=N)NO,6,0,,0,
CC(=C=N)ON,6,0,,0,
CC(=C=N)OO,6,0,,0,
CC(=C=O)C#N,6,0,,0,
CC(=C=O)C=N,6,0,,0,
CC(=C=O)C=O,6,0,,0,
CC(=C=O)CN,6,0,,0,
CC(=C=O)CO,6,0,,0,
CC(=C=O)N=N,6,0,,0,
CC(=C=O)N=O,6,0,,0,
CC(=C=O)NN,6,0,,0,
CC(=C=O)NO,6,0,,0,
CC(=C=O)ON,6,0,,0,
CC(=C=O)OO,6,0,,0,
CC(=CN)CN,6,0,,0,
CC(=CN)CO,6,0,,0,
CC(=CN)N=N,6,0,,0,
CC(=CN)N=O,6,0,,0,
CC(=CN)NN,6,0,,0,
CC(=CN)NO,6,0,,0,
CC(=CN)ON,6,0,,0,
CC(=CN)OO,6,0,,0,
CC(=CO)CN,6,0,,0,
CC(=CO)CO,6,0,,0,
CC(=CO)N=N,6,0,,0,
CC(=CO)N=O,6,0,,0,
CC(=CO)NN,6,0,,0,
CC(=CO)NO,6,0,,0,
CC(=CO)ON,6,0,,0,
CC(=CO)OO,6,0,,0,
CC(=N)C#CN,6,0,,0,
CC(=N)C#CO,6,0,,0,
CC(=N)C(=N)N,6,0,,0,
CC(=N)C(=N)O,6,0,,0,
CC(=N)C(=O)O,6,0,,0,
CC(=N)C(C)=N,6,0,,0,
CC(=N)C(C)=O,6,0,,0,
CC(=N)C(C)C,6,0,,0,
CC(=N)C(C)N,6,0,,0,
CC(=N)C(C)O,6,0,,0,
CC(=N)C(N)=O,6,0,,0,
CC(=N)C(N)N,6,0,,0,
CC(=N)C(N)O,6,0,,0,
CC(=N)C(O)O,6,0,,0,
CC(=N)C1=C=C1,6,0,,0,
CC(=N)C1=C=N1,6,0,,0,
CC(=N)C1=CC1,6,0,,0,
CC(=N)C1=CN1,6,0,,0,
CC(=N)C1=CO1,6,0,,0,
CC(=N)C1=NC1,6,0,,0,
CC(=N)C1=NN1,6,0,,0,
CC(=N)C1=NO1,6,0,,0,
CC(=N)C1C#C1,6,0,,0,
CC(=N)C1C=C1,6,0,,0,
CC(=N)C1C=N1,6,0,,0,
CC(=N)C1CC1,6,0,,0,
CC(=N)C1CN1,6,0,,0,
CC(=N)C1CO1,6,0,,0,
CC(=N)C1N=N1,6,0,,0,
CC(=N)C1NN1,6,0,,0,
CC(=N)C1NO1,6,0,,0,
CC(=N)C1OO1,6,0,,0,
CC(=N)C=C=N,6,0,,0,
CC(=N)C=C=O,6,0,,0,
CC(=N)C=CN,6,0,,0,
CC(=N)C=CO,6,0,,0,
CC(=N)C=NN,6,0,,0,
CC(=N)C=NO,6,0,,0,
CC(=N)CC#N,6,0,,0,
CC(=N)CC=N,6,0,,0,
CC(=N)CC=O,6,0,,0,
CC(=N)CCN,6,0,,0,
CC(=N)CCO,6,0,,0,
CC(=N)CN=N,6,0,,0,
CC(=N)CN=O,6,0,,0,
CC(=N)CNN,6,0,,0,
CC(=N)CNO,6,0,,0,
CC(=N)CON,6,0,,0,
CC(=N)COO,6,0,,0,
CC(=N)N(C)C,6,0,,0,
CC(=N)N(C)N,6,0,,0,
CC(=N)N(C)O,6,0,,0,
CC(=N)N(N)N,6,0,,0,
CC(=N)N(N)O,6,0,,0,
CC(=N)N(O)O,6,0,,0,
CC(=N)N1C#C1,6,0,,0,
CC(=N)N1C=C1,6,0,,0,
CC(=N)N1C=N1,6,0,,0,
CC(=N)N1CC1,6,0,,0,
CC(=N)N1CN1,6,0,,0,
CC(=N)N1CO1,6,0,,0,
CC(=N)N1N=N1,6,0,,0,
CC(=N)N=C=N,6,0,,0,
CC(=N)N=C=O,6,0,,0,
CC(=N)N=CN,6,0,,0,
CC(=N)N=CO,6,0,,0,
CC(=N)N=NN,6,0,,0,
CC(=N)N=NO,6,0,,0,
CC(=N)NC#N,6,0,,0,
CC(=N)NC=N,6,0,,0,
CC(=N)NC=O,6,0,,0,
CC(=N)NCN,6,0,,0,
CC(=N)NCO,6,0,,0,
CC(=N)NN=N,6,0,,0,
CC(=N)NN=O,6,0,,0,
CC(=N)NNN,6,0,,0,
CC(=N)NNO,6,0,,0,
CC(=N)NON,6,0,,0,
CC(=N)NOO,6,0,,0,
CC(=N)OC#N,6,0,,0,
CC(=N)OC=N,6,0,,0,
CC(=N)OC=O,6,0,,0,
CC(=N)OCN,6,0,,0,
CC(=N)OCO,6,0,,0,
CC(=N)ON=N,6,0,,0,
CC(=N)ON=O,6,0,,0,
CC(=N)ONN,6,0,,0,
CC(=N)ONO,6,0,,0,
CC(=N)OON,6,0,,0,
CC(=N)OOO,6,0,,0,
CC(=N)n1[nH][nH]1,6,0,,0,
CC(=N)n1[nH]o1,6,0,,0,
CC(=N)n1oo1,6,0,,0,
CC(=NN)NN,6,0,,0,
CC(=NN)NO,6,0,,0,
CC(=NN)ON,6,0,,0,
CC(=NN)OO,6,0,,0,
CC(=NO)NN,6,0,,0,
CC(=NO)NO,6,0,,0,
CC(=NO)ON,6,0,,0,
CC(=NO)OO,6,0,,0,
CC(=O)C#CN,6,0,,0,
CC(=O)C#CO,6,0,,0,
CC(=O)C(=N)N,6,0,,0,
CC(=O)C(=N)O,6,0,,0,
CC(=O)C(=O)O,6,0,,0,
CC(=O)C(C)=O,6,0,,0,
CC(=O)C(C)C,6,0,,0,
CC(=O)C(C)N,6,0,,0,
CC(=O)C(C)O,6,0,,0,
CC(=O)C(N)=O,6,0,,0,
CC(=O)C(N)N,6,0,,0,
CC(=O)C(N)O,6,0,,0,
CC(=O)C(O)O,6,0,,0,
CC(=O)C1=C=C1,6,0,,0,
CC(=O)C1=C=N1,6,0,,0,
CC(=O)C1=CC1,6,0,,0,
CC(=O)C1=CN1,6,0,,0,
CC(=O)C1=CO1,6,0,,0,
CC(=O)C1=NC1,6,0,,0,
CC(=O)C1=NN1,6,0,,0,
CC(=O)C1=NO1,6,0,,0,
CC(=O)C1C#C1,6,0,,0,
CC(=O)C1C=C1,6,0,,0,
CC(=O)C1C=N1,6,0,,0,
CC(=O)C1CC1,6,0,,0,
CC(=O)C1CN1,6,0,,0,
CC(=O)C1CO1,6,0,,0,
CC(=O)C1N=N1,6,0,,0,
CC(=O)C1NN1,6,0,,0,
CC(=O)C1NO1,6,0,,0,
CC(=O)C1OO1,6,0,,0,
CC(=O)C=C=N,6,0,,0,
CC(=O)C=C=O,6,0,,0,
CC(=O)C=CN,6,0,,0,
CC(=O)C=CO,6,0,,0,
CC(=O)C=NN,6,0,,0,
CC(=O)C=NO,6,0,,0,
CC(=O)CC#N,6,0,,0,
CC(=O)CC=N,6,0,,0,
CC(=O)CC=O,6,0,,0,
CC(=O)CCN,6,0,,0,
CC(=O)CCO,6,0,,0,
CC(=O)CN=N,6,0,,0,
CC(=O)CN=O,6,0,,0,
CC(=O)CNN,6,0,,0,
CC(=O)CNO,6,0,,0,
CC(=O)CON,6,0,,0,
CC(=O)COO,6,0,,0,
CC(=O)N(C)C,6,0,,0,
CC(=O)N(C)N,6,0,,0,
CC(=O)N(C)O,6,0,,0,
CC(=O)N(N)N,6,0,,0,
CC(=O)N(N)O,6,0,,0,
CC(=O)N(O)O,6,0,,0,
CC(=O)N1C#C1,6,0,,0,
CC(=O)N1C=C1,6,0,,0,
CC(=O)N1C=N1,6,0,,0,
CC(=O)N1CC1,6,0,,0,
CC(=O)N1CN1,6,0,,0,
CC(=O)N1CO1,6,0,,0,
CC(=O)N1N=N1,6,0,,0,
CC(=O)N=C=N,6,0,,0,
CC(=O)N=C=O,6,0,,0,
CC(=O)N=CN,6,0,,0,
CC(=O)N=CO,6,0,,0,
CC(=O)N=NN,6,0,,0,
CC(=O)N=NO,6,0,,0,
CC(=O)NC#N,6,0,,0,
CC(=O)NC=N,6,0,,0,
CC(=O)NC=O,6,0,,0,
CC(=O)NCN,6,0,,0,
CC(=O)NCO,6,0,,0,
CC(=O)NN=N,6,0,,0,
CC(=O)NN=O,6,0,,0,
CC(=O)NNN,6,0,,0,
CC(=O)NNO,6,0,,0,
CC(=O)NON,6,0,,0,
CC(=O)NOO,6,0,,0,
CC(=O)OC#N,6,0,,0,
CC(=O)OC=N,6,0,,0,
CC(=O)OC=O,6,0,,0,
CC(=O)OCN,6,0,,0,
CC(=O)OCO,6,0,,0,
CC(=O)ON=N,6,0,,0,
CC(=O)ON=O,6,0,,0,
CC(=O)ONN,6,0,,0,
CC(=O)ONO,6,0,,0,
CC(=O)OON,6,0,,0,
CC(=O)OOO,6,0,,0,
CC(=O)n1[nH][nH]1,6,0,,0,
CC(=O)n1[nH]o1,6,0,,0,
CC(=O)n1oo1,6,0,,0,
CC(C#N)=CN,6,0,,0,
CC(C#N)=CO,6,0,,0,
CC(C#N)=NN,6,0,,0,
CC(C#N)=NO,6,0,,0,
CC(C#N)C#N,6,0,,0,
CC(C#N)C=N,6,0,,0,
CC(C#N)C=O,6,0,,0,
CC(C#N)CN,6,0,,0,
CC(C#N)CO,6,0,,0,
CC(C#N)N=N,6,0,,0,
CC(C#N)N=O,6,0,,0,
CC(C#N)NN,6,0,,0,
CC(C#N)NO,6,0,,0,
CC(C#N)ON,6,0,,0,
CC(C#N)OO,6,0,,0,
CC(C)(C)C#N,6,0,,0,
CC(C)(C)C=N,6,0,,0,
CC(C)(C)C=O,6,0,,0,
CC(C)(C)CN,6,0,,0,
CC(C)(C)CO,6,0,,0,
CC(C)(C)N=N,6,0,,0,
CC(C)(C)N=O,6,0,,0,
CC(C)(C)NN,6,0,,0,
CC(C)(C)NO,6,0,,0,
CC(C)(C)ON,6,0,,0,
CC(C)(C)OO,6,0,,0,
CC(C)(N)C#N,6,0,,0,
CC(C)(N)C=N,6,0,,0,
CC(C)(N)C=O,6,0,,0,
CC(C)(N)CN,6,0,,0,
CC(C)(N)CO,6,0,,0,
CC(C)(N)N=N,6,0,,0,
CC(C)(N)N=O,6,0,,0,
CC(C)(N)NN,6,0,,0,
CC(C)(N)NO,6,0,,0,
CC(C)(N)ON,6,0,,0,
CC(C)(N)OO,6,0,,0,
CC(C)(O)C#N,6,0,,0,
CC(C)(O)C=N,6,0,,0,
CC(C)(O)C=O,6,0,,0,
CC(C)(O)CN,6,0,,0,
CC(C)(O)CO,6,0,,0,
CC(C)(O)N=N,6,0,,0,
CC(C)(O)N=O,6,0,,0,
CC(C)(O)NN,6,0,,0,
CC(C)(O)NO,6,0,,0,
CC(C)(O)ON,6,0,,0,
CC(C)(O)OO,6,0,,0,
CC(C)=C(C)C,6,0,,0,
CC(C)=C(C)N,6,0,,0,
CC(C)=C(C)O,6,0,,0,
CC(C)=C(N)N,6,0,,0,
CC(C)=C(N)O,6,0,,0,
CC(C)=C(O)O,6,0,,0,
CC(C)=C1C#C1,6,0,,0,
CC(C)=C1C=C1,6,0,,0,
CC(C)=C1C=N1,6,0,,0,
CC(C)=C1CC1,6,0,,0,
CC(C)=C1CN1,6,0,,0,
CC(C)=C1CO1,6,0,,0,
CC(C)=C1N=N1,6,0,,0,
CC(C)=C1NN1,6,0,,0,
CC(C)=C1NO1,6,0,,0,
CC(C)=C1OO1,6,0,,0,
CC(C)=C=C=N,6,0,,0,
CC(C)=C=C=O,6,0,,0,
CC(C)=C=CN,6,0,,0,
CC(C)=C=CO,6,0,,0,
CC(C)=C=NN,6,0,,0,
CC(C)=C=NO,6,0,,0,
CC(C)=CC#N,6,0,,0,
CC(C)=CC=N,6,0,,0,
CC(C)=CC=O,6,0,,0,
CC(C)=CCN,6,0,,0,
CC(C)=CCO,6,0,,0,
CC(C)=CN=N,6,0,,0,
CC(C)=CN=O,6,0,,0,
CC(C)=CNN,6,0,,0,
CC(C)=CNO,6,0,,0,
CC(C)=CON,6,0,,0,
CC(C)=COO,6,0,,0,
CC(C)=NC#N,6,0,,0,
CC(C)=NC=N,6,0,,0,
CC(C)=NC=O,6,0,,0,
CC(C)=NCN,6,0,,0,
CC(C)=NCO,6,0,,0,
CC(C)=NN=N,6,0,,0,
CC(C)=NN=O,6,0,,0,
CC(C)=NNN,6,0,,0,
CC(C)=NNO,6,0,,0,
CC(C)=NON,6,0,,0,
CC(C)=NOO,6,0,,0,
CC(C)C#CN,6,0,,0,
CC(C)C#CO,6,0,,0,
CC(C)C(=N)N,6,0,,0,
CC(C)C(=N)O,6,0,,0,
CC(C)C(=O)O,6,0,,0,
CC(C)C(C)C,6,0,,0,
CC(C)C(C)N,6,0,,0,
CC(C)C(C)O,6,0,,0,
CC(C)C(N)=O,6,0,,0,
CC(C)C(N)N,6,0,,0,
CC(C)C(N)O,6,0,,0,
CC(C)C(O)O,6,0,,0,
CC(C)C1=C=C1,6,0,,0,
CC(C)C1=C=N1,6,0,,0,
CC(C)C1=CC1,6,0,,0,
CC(C)C1=CN1,6,0,,0,
CC(C)C1=CO1,6,0,,0,
CC(C)C1=NC1,6,0,,0,
CC(C)C1=NN1,6,0,,0,
CC(C)C1=NO1,6,0,,0,
CC(C)C1C#C1,6,0,,0,
CC(C)C1C=C1,6,0,,0,
CC(C)C1C=N1,6,0,,0,
CC(C)C1CC1,6,0,,0,
CC(C)C1CN1,6,0,,0,
CC(C)C1CO1,6,0,,0,
CC(C)C1N=N1,6,0,,0,
CC(C)C1NN1,6,0,,0,
CC(C)C1NO1,6,0,,0,
CC(C)C1OO1,6,0,,0,
CC(C)C=C=N,6,0,,0,
CC(C)C=C=O,6,0,,0,
CC(C)C=CN,6,0,,0,
CC(C)C=CO,6,0,,0,
CC(C)C=NN,6,0,,0,
CC(C)C=NO,6,0,,0,
CC(C)CC#N,6,0,,0,
CC(C)CC=N,6,0,,0,
CC(C)CC=O,6,0,,0,
CC(C)CCN,6,0,,0,
CC(C)CCO,6,0,,0,
CC(C)CN=N,6,0,,0,
CC(C)CN=O,6,0,,0,
CC(C)CNN,6,0,,0,
CC(C)CNO,6,0,,0,
CC(C)CON,6,0,,0,
CC(C)COO,6,0,,0,
CC(C)N(C)C,6,0,,0,
CC(C)N(C)N,6,0,,0,
CC(C)N(C)O,6,0,,0,
CC(C)N(N)N,6,0,,0,
CC(C)N(N)O,6,0,,0,
CC(C)N(O)O,6,0,,0,
CC(C)N1C#C1,6,0,,0,
CC(C)N1C=C1,6,0,,0,
CC(C)N1C=N1,6,0,,0,
CC(C)N1CC1,6,0,,0,
CC(C)N1CN1,6,0,,0,
CC(C)N1CO1,6,0,,0,
CC(C)N1N=N1,6,0,,0,
CC(C)N=C=N,6,0,,0,
CC(C)N=C=O,6,0,,0,
CC(C)N=CN,6,0,,0,
CC(C)N=CO,6,0,,0,
CC(C)N=NN,6,0,,0,
CC(C)N=NO,6,0,,0,
CC(C)NC#N,6,0,,0,
CC(C)NC=N,6,0,,0,
CC(C)NC=O,6,0,,0,
CC(C)NCN,6,0,,0,
CC(C)NCO,6,0,,0,
CC(C)NN=N,6,0,,0,
CC(C)NN=O,6,0,,0,
CC(C)NNN,6,0,,0,
CC(C)NNO,6,0,,0,
CC(C)NON,6,0,,0,
CC(C)NOO,6,0,,0,
CC(C)OC#N,6,0,,0,
CC(C)OC=N,6,0,,0,
CC(C)OC=O,6,0,,0,
CC(C)OCN,6,0,,0,
CC(C)OCO,6,0,,0,
CC(C)ON=N,6,0,,0,
CC(C)ON=O,6,0,,0,
CC(C)ONN,6,0,,0,
CC(C)ONO,6,0,,0,
CC(C)OON,6,0,,0,
CC(C)OOO,6,0,,0,
CC(C)n1[nH][nH]1,6,0,,0,
CC(C)n1[nH]o1,6,0,,0,
CC(C)n1oo1,6,0,,0,
CC(C=N)=CN,6,0,,0,
CC(C=N)=CO,6,0,,0,
CC(C=N)=NN,6,0,,0,
CC(C=N)=NO,6,0,,0,
CC(C=N)C=N,6,0,,0,
CC(C=N)C=O,6,0,,0,
CC(C=N)CN,6,0,,0,
CC(C=N)CO,6,0,,0,
CC(C=N)N=N,6,0,,0,
CC(C=N)N=O,6,0,,0,
CC(C=N)NN,6,0,,0,
CC(C=N)NO,6,0,,0,
CC(C=N)ON,6,0,,0,
CC(C=N)OO,6,0,,0,
CC(C=O)=CN,6,0,,0,
CC(C=O)=CO,6,0,,0,
CC(C=O)=NN,6,0,,0,
CC(C=O)=NO,6,0,,0,
CC(C=O)C=O,6,0,,0,
CC(C=O)CN,6,0,,0,
CC(C=O)CO,6,0,,0,
CC(C=O)N=N,6,0,,0,
CC(C=O)N=O,6,0,,0,
CC(C=O)NN,6,0,,0,
CC(C=O)NO,6,0,,0,
CC(C=O)ON,6,0,,0,
CC(C=O)OO,6,0,,0,
CC(CN)=NN,6,0,,0,
CC(CN)=NO,6,0,,0,
CC(CN)CN,6,0,,0,
CC(CN)CO,6,0,,0,
CC(CN)N=N,6,0,,0,
CC(CN)N=O,6,0,,0,
CC(CN)NN,6,0,,0,
CC(CN)NO,6,0,,0,
CC(CN)ON,6,0,,0,
CC(CN)OO,6,0,,0,
CC(CO)=NN,6,0,,0,
CC(CO)=NO,6,0,,0,
CC(CO)CO,6,0,,0,
CC(CO)N=N,6,0,,0,
CC(CO)N=O,6,0,,0,
CC(CO)NN,6,0,,0,
CC(CO)NO,6,0,,0,
CC(CO)ON,6,0,,0,
CC(CO)OO,6,0,,0,
CC(N)(N)C#N,6,0,,0,
CC(N)(N)C=N,6,0,,0,
CC(N)(N)C=O,6,0,,0,
CC(N)(N)CN,6,0,,0,
CC(N)(N)CO,6,0,,0,
CC(N)(N)N=N,6,0,,0,
CC(N)(N)N=O,6,0,,0,
CC(N)(N)NN,6,0,,0,
CC(N)(N)NO,6,0,,0,
CC(N)(N)ON,6,0,,0,
CC(N)(N)OO,6,0,,0,
CC(N)(O)C#N,6,0,,0,
CC(N)(O)C=N,6,0,,0,
CC(N)(O)C=O,6,0,,0,
CC(N)(O)CN,6,0,,0,
CC(N)(O)CO,6,0,,0,
CC(N)(O)N=N,6,0,,0,
CC(N)(O)N=O,6,0,,0,
CC(N)(O)NN,6,0,,0,
CC(N)(O)NO,6,0,,0,
CC(N)(O)ON,6,0,,0,
CC(N)(O)OO,6,0,,0,
CC(N)=C(C)N,6,0,,0,
CC(N)=C(C)O,6,0,,0,
CC(N)=C(N)N,6,0,,0,
CC(N)=C(N)O,6,0,,0,
CC(N)=C(O)O,6,0,,0,
CC(N)=C1C#C1,6,0,,0,
CC(N)=C1C=C1,6,0,,0,
CC(N)=C1C=N1,6,0,,0,
CC(N)=C1CC1,6,0,,0,
CC(N)=C1CN1,6,0,,0,
CC(N)=C1CO1,6,0,,0,
CC(N)=C1N=N1,6,0,,0,
CC(N)=C1NN1,6,0,,0,
CC(N)=C1NO1,6,0,,0,
CC(N)=C1OO1,6,0,,0,
CC(N)=C=C=N,6,0,,0,
CC(N)=C=C=O,6,0,,0,
CC(N)=C=CN,6,0,,0,
CC(N)=C=CO,6,0,,0,
CC(N)=C=NN,6,0,,0,
CC(N)=C=NO,6,0,,0,
CC(N)=CC#N,6,0,,0,
CC(N)=CC=N,6,0,,0,
CC(N)=CC=O,6,0,,0,
CC(N)=CCN,6,0,,0,
CC(N)=CCO,6,0,,0,
CC(N)=CN=N,6,0,,0,
CC(N)=CN=O,6,0,,0,
CC(N)=CNN,6,0,,0,
CC(N)=CNO,6,0,,0,
CC(N)=CON,6,0,,0,
CC(N)=COO,6,0,,0,
CC(N)=NC#N,6,0,,0,
CC(N)=NC=N,6,0,,0,
CC(N)=NC=O,6,0,,0,
CC(N)=NCN,6,0,,0,
CC(N)=NCO,6,0,,0,
CC(N)=NN=N,6,0,,0,
CC(N)=NN=O,6,0,,0,
CC(N)=NNN,6,0,,0,
CC(N)=NNO,6,0,,0,
CC(N)=NON,6,0,,0,
CC(N)=NOO,6,0,,0,
CC(N)C#CN,6,0,,0,
CC(N)C#CO,6,0,,0,
CC(N)C(=N)N,6,0,,0,
CC(N)C(=N)O,6,0,,0,
CC(N)C(=O)O,6,0,,0,
CC(N)C(C)N,6,0,,0,
CC(N)C(C)O,6,0,,0,
CC(N)C(N)=O,6,0,,0,
CC(N)C(N)N,6,0,,0,
CC(N)C(N)O,6,0,,0,
CC(N)C(O)O,6,0,,0,
CC(N)C1=C=C1,6,0,,0,
CC(N)C1=C=N1,6,0,,0,
CC(N)C1=CC1,6,0,,0,
CC(N)C1=CN1,6,0,,0,
CC(N)C1=CO1,6,0,,0,
CC(N)C1=NC1,6,0,,0,
CC(N)C1=NN1,6,0,,0,
CC(N)C1=NO1,6,0,,0,
CC(N)C1C#C1,6,0,,0,
CC(N)C1C=C1,6,0,,0,
CC(N)C1C=N1,6,0,,0,
CC(N)C1CC1,6,0,,0,
CC(N)C1CN1,6,0,,0,
CC(N)C1CO1,6,0,,0,
CC(N)C1N=N1,6,0,,0,
CC(N)C1NN1,6,0,,0,
CC(N)C1NO1,6,0,,0,
CC(N)C1OO1,6,0,,0,
CC(N)C=C=N,6,0,,0,
CC(N)C=C=O,6,0,,0,
CC(N)C=CN,6,0,,0,
CC(N)C=CO,6,0,,0,
CC(N)C=NN,6,0,,0,
CC(N)C=NO,6,0,,0,
CC(N)CC#N,6,0,,0,
CC(N)CC=N,6,0,,0,
CC(N)CC=O,6,0,,0,
CC(N)CCN,6,0,,0,
CC(N)CCO,6,0,,0,
CC(N)CN=N,6,0,,0,
CC(N)CN=O,6,0,,0,
CC(N)CNN,6,0,,0,
CC(N)CNO,6,0,,0,
CC(N)CON,6,0,,0,
CC(N)COO,6,0,,0,
CC(N)N(C)C,6,0,,0,
CC(N)N(C)N,6,0,,0,
CC(N)N(C)O,6,0,,0,
CC(N)N(N)N,6,0,,0,
CC(N)N(N)O,6,0,,0,
CC(N)N(O)O,6,0,,0,
CC(N)N1C#C1,6,0,,0,
CC(N)N1C=C1,6,0,,0,
CC(N)N1C=N1,6,0,,0,
CC(N)N1CC1,6,0,,0,
CC(N)N1CN1,6,0,,0,
CC(N)N1CO1,6,0,,0,
CC(N)N1N=N1,6,0,,0,
CC(N)N=C=N,6,0,,0,
CC(N)N=C=O,6,0,,0,
CC(N)N=CN,6,0,,0,
CC(N)N=CO,6,0,,0,
CC(N)N=NN,6,0,,0,
CC(N)N=NO,6,0,,0,
CC(N)NC#N,6,0,,0,
CC(N)NC=N,6,0,,0,
CC(N)NC=O,6,0,,0,
CC(N)NCN,6,0,,0,
CC(N)NCO,6,0,,0,
CC(N)NN=N,6,0,,0,
CC(N)NN=O,6,0,,0,
CC(N)NNN,6,0,,0,
CC(N)NNO,6,0,,0,
CC(N)NON,6,0,,0,
CC(N)NOO,6,0,,0,
CC(N)OC#N,6,0,,0,
CC(N)OC=N,6,0,,0,
CC(N)OC=O,6,0,,0,
CC(N)OCN,6,0,,0,
CC(N)OCO,6,0,,0,
CC(N)ON=N,6,0,,0,
CC(N)ON=O,6,0,,0,
CC(N)ONN,6,0,,0,
CC(N)ONO,6,0,,0,
CC(N)OON,6,0,,0,
CC(N)OOO,6,0,,0,
CC(N)n1[nH][nH]1,6,0,,0,
CC(N)n1[nH]o1,6,0,,0,
CC(N)n1oo1,6,0,,0,
CC(N=N)=NN,6,0,,0,
CC(N=N)=NO,6,0,,0,
CC(N=N)N=N,6,0,,0,
CC(N=N)N=O,6,0,,0,
CC(N=N)NN,6,0,,0,
CC(N=N)NO,6,0,,0,
CC(N=N)ON,6,0,,0,
CC(N=N)OO,6,0,,0,
CC(N=O)=NN,6,0,,0,
CC(N=O)=NO,6,0,,0,
CC(N=O)N=O,6,0,,0,
CC(N=O)NN,6,0,,0,
CC(N=O)NO,6,0,,0,
CC(N=O)ON,6,0,,0,
CC(N=O)OO,6,0,,0,
CC(NN)NN,6,0,,0,
CC(NN)NO,6,0,,0,
CC(NN)ON,6,0,,0,
CC(NN)OO,6,0,,0,
CC(NO)NO,6,0,,0,
CC(NO)ON,6,0,,0,
CC(NO)OO,6,0,,0,
CC(O)(O)C#N,6,0,,0,
CC(O)(O)C=N,6,0,,0,
CC(O)(O)C=O,6,0,,0,
CC(O)(O)CN,6,0,,0,
CC(O)(O)CO,6,0,,0,
CC(O)(O)N=N,6,0,,0,
CC(O)(O)N=O,6,0,,0,
CC(O)(O)NN,6,0,,0,
CC(O)(O)NO,6,0,,0,
CC(O)(O)ON,6,0,,0,
CC(O)(O)OO,6,0,,0,
CC(O)=C(C)O,6,0,,0,
CC(O)=C(N)N,6,0,,0,
CC(O)=C(N)O,6,0,,0,
CC(O)=C(O)O,6,0,,0,
CC(O)=C1C#C1,6,0,,0,
CC(O)=C1C=C1,6,0,,0,
CC(O)=C1C=N1,6,0,,0,
CC(O)=C1CC1,6,0,,0,
CC(O)=C1CN1,6,0,,0,
CC(O)=C1CO1,6,0,,0,
CC(O)=C1N=N1,6,0,,0,
CC(O)=C1NN1,6,0,,0,
CC(O)=C1NO1,6,0,,0,
CC(O)=C1OO1,6,0,,0,
CC(O)=C=C=N,6,0,,0,
CC(O)=C=C=O,6,0,,0,
CC(O)=C=CN,6,0,,0,
CC(O)=C=CO,6,0,,0,
CC(O)=C=NN,6,0,,0,
CC(O)=C=NO,6,0,,0,
CC(O)=CC#N,6,0,,0,
CC(O)=CC=N,6,0,,0,
CC(O)=CC=O,6,0,,0,
CC(O)=CCN,6,0,,0,
CC(O)=CCO,6,0,,0,
CC(O)=CN=N,6,0,,0,
CC(O)=CN=O,6,0,,0,
CC(O)=CNN,6,0,,0,
CC(O)=CNO,6,0,,0,
CC(O)=CON,6,0,,0,
CC(O)=COO,6,0,,0,
CC(O)=NC#N,6,0,,0,
CC(O)=NC=N,6,0,,0,
CC(O)=NC=O,6,0,,0,
CC(O)=NCN,6,0,,0,
CC(O)=NCO,6,0,,0,
CC(O)=NN=N,6,0,,0,
CC(O)=NN=O,6,0,,0,
CC(O)=NNN,6,0,,0,
CC(O)=NNO,6,0,,0,
CC(O)=NON,6,0,,0,
CC(O)=NOO,6,0,,0,
CC(O)C#CN,6,0,,0,
CC(O)C#CO,6,0,,0,
CC(O)C(=N)N,6,0,,0,
CC(O)C(=N)O,6,0,,0,
CC(O)C(=O)O,6,0,,0,
CC(O)C(C)O,6,0,,0,
CC(O)C(N)=O,6,0,,0,
CC(O)C(N)N,6,0,,0,
CC(O)C(N)O,6,0,,0,
CC(O)C(O)O,6,0,,0,
CC(O)C1=C=C1,6,0,,0,
CC(O)C1=C=N1,6,0,,0,
CC(O)C1=CC1,6,0,,0,
CC(O)C1=CN1,6,0,,0,
CC(O)C1=CO1,6,0,,0,
CC(O)C1=NC1,6,0,,0,
CC(O)C1=NN1,6,0,,0,
CC(O)C1=NO1,6,0,,0,
CC(O)C1C#C1,6,0,,0,
CC(O)C1C=C1,6,0,,0,
CC(O)C1C=N1,6,0,,0,
CC(O)C1CC1,6,0,,0,
CC(O)C1CN1,6,0,,0,
CC(O)C1CO1,6,0,,0,
CC(O)C1N=N1,6,0,,0,
CC(O)C1NN1,6,0,,0,
CC(O)C1NO1,6,0,,0,
CC(O)C1OO1,6,0,,0,
CC(O)C=C=N,6,0,,0,
CC(O)C=C=O,6,0,,0,
CC(O)C=CN,6,0,,0,
CC(O)C=CO,6,0,,0,
CC(O)C=NN,6,0,,0,
CC(O)C=NO,6,0,,0,
CC(O)CC#N,6,0,,0,
CC(O)CC=N,6,0,,0,
CC(O)CC=O,6,0,,0,
CC(O)CCN,6,0,,0,
CC(O)CCO,6,0,,0,
CC(O)CN=N,6,0,,0,
CC(O)CN=O,6,0,,0,
CC(O)CNN,6,0,,0,
CC(O)CNO,6,0,,0,
CC(O)CON,6,0,,0,
CC(O)COO,6,0,,0,
CC(O)N(C)C,6,0,,0,
CC(O)N(C)N,6,0,,0,
CC(O)N(C)O,6,0,,0,
CC(O)N(N)N,6,0,,0,
CC(O)N(N)O,6,0,,0,
CC(O)N(O)O,6,0,,0,
CC(O)N1C#C1,6,0,,0,
CC(O)N1C=C1,6,0,,0,
CC(O)N1C=N1,6,0,,0,
CC(O)N1CC1,6,0,,0,
CC(O)N1CN1,6,0,,0,
CC(O)N1CO1,6,0,,0,
CC(O)N1N=N1,6,0,,0,
CC(O)N=C=N,6,0,,0,
CC(O)N=C=O,6,0,,0,
CC(O)N=CN,6,0,,0,
CC(O)N=CO,6,0,,0,
CC(O)N=NN,6,0,,0,
CC(O)N=NO,6,0,,0,
CC(O)NC#N,6,0,,0,
CC(O)NC=N,6,0,,0,
CC(O)NC=O,6,0,,0,
CC(O)NCN,6,0,,0,
CC(O)NCO,6,0,,0,
CC(O)NN=N,6,0,,0,
CC(O)NN=O,6,0,,0,
CC(O)NNN,6,0,,0,
CC(O)NNO,6,0,,0,
CC(O)NON,6,0,,0,
CC(O)NOO,6,0,,0,
CC(O)OC#N,6,0,,0,
CC(O)OC=N,6,0,,0,
CC(O)OC=O,6,0,,0,
CC(O)OCN,6,0,,0,
CC(O)OCO,6,0,,0,
CC(O)ON=N,6,0,,0,
CC(O)ON=O,6,0,,0,
CC(O)ONN,6,0,,0,
CC(O)ONO,6,0,,0,
CC(O)OON,6,0,,0,
CC(O)OOO,6,0,,0,
CC(O)n1[nH][nH]1,6,0,,0,
CC(O)n1[nH]o1,6,0,,0,
CC(O)n1oo1,6,0,,0,
CC(ON)ON,6,0,,0,
CC(ON)OO,6,0,,0,
CC(OO)OO,6,0,,0,
CC1(C#N)C#C1,6,0,,0,
CC1(C#N)C=C1,6,0,,0,
CC1(C#N)C=N1,6,0,,0,
CC1(C#N)CC1,6,0,,0,
CC1(C#N)CN1,6,0,,0,
CC1(C#N)CO1,6,0,,0,
CC1(C#N)N=N1,6,0,,0,
CC1(C#N)NN1,6,0,,0,
CC1(C#N)NO1,6,0,,0,
CC1(C#N)OO1,6,0,,0,
CC1(C)C#CC1,6,0,,0,
CC1(C)C#CN1,6,0,,0,
CC1(C)C#CO1,6,0,,0,
CC1(C)C2=C1C2,6,0,,0,
CC1(C)C2=C1N2,6,0,,0,
CC1(C)C2=C1O2,6,0,,0,
CC1(C)C2=C=C21,6,0,,0,
CC1(C)C2=CC21,6,0,,0,
CC1(C)C2=CN21,6,0,,0,
CC1(C)C2=NC21,6,0,,0,
CC1(C)C2=NN21,6,0,,0,
CC1(C)C2CC21,6,0,,0,
CC1(C)C2CN21,6,0,,0,
CC1(C)C2NC21,6,0,,0,
CC1(C)C2NN21,6,0,,0,
CC1(C)C2OC21,6,0,,0,
CC1(C)C2ON21,6,0,,0,
CC1(C)C=C1N,6,0,,0,
CC1(C)C=C1O,6,0,,0,
CC1(C)C=C=C1,6,0,,0,
CC1(C)C=C=N1,6,0,,0,
CC1(C)C=CC1,6,0,,0,
CC1(C)C=CN1,6,0,,0,
CC1(C)C=CO1,6,0,,0,
CC1(C)C=NC1,6,0,,0,
CC1(C)C=NN1,6,0,,0,
CC1(C)C=NO1,6,0,,0,
CC1(C)CC1=N,6,0,,0,
CC1(C)CC1=O,6,0,,0,
CC1(C)CC1N,6,0,,0,
CC1(C)CC1O,6,0,,0,
CC1(C)CC=N1,6,0,,0,
CC1(C)CCC1,6,0,,0,
CC1(C)CCN1,6,0,,0,
CC1(C)CCO1,6,0,,0,
CC1(C)CN1N,6,0,,0,
CC1(C)CN1O,6,0,,0,
CC1(C)CN=N1,6,0,,0,
CC1(C)CNC1,6,0,,0,
CC1(C)CNN1,6,0,,0,
CC1(C)CNO1,6,0,,0,
CC1(C)COC1,6,0,,0,
CC1(C)CON1,6,0,,0,
CC1(C)COO1,6,0,,0,
CC1(C)N2CN21,6,0,,0,
CC1(C)N=C1N,6,0,,0,
CC1(C)N=C1O,6,0,,0,
CC1(C)N=C=N1,6,0,,0,
CC1(C)N=CN1,6,0,,0,
CC1(C)N=CO1,6,0,,0,
CC1(C)N=NN1,6,0,,0,
CC1(C)N=NO1,6,0,,0,
CC1(C)NC1=N,6,0,,0,
CC1(C)NC1=O,6,0,,0,
CC1(C)NC1N,6,0,,0,
CC1(C)NC1O,6,0,,0,
CC1(C)NCN1,6,0,,0,
CC1(C)NCO1,6,0,,0,
CC1(C)NN1N,6,0,,0,
CC1(C)NN1O,6,0,,0,
CC1(C)NNN1,6,0,,0,
CC1(C)NNO1,6,0,,0,
CC1(C)NON1,6,0,,0,
CC1(C)NOO1,6,0,,0,
CC1(C)OC1=N,6,0,,0,
CC1(C)OC1=O,6,0,,0,
CC1(C)OC1N,6,0,,0,
CC1(C)OC1O,6,0,,0,
CC1(C)OCO1,6,0,,0,
CC1(C)ON1N,6,0,,0,
CC1(C)ON1O,6,0,,0,
CC1(C)ONO1,6,0,,0,
CC1(C)OOO1,6,0,,0,
CC1(C)n2[nH]n21,6,0,,0,
CC1(C)n2on21,6,0,,0,
CC1(C=N)C#C1,6,0,,0,
CC1(C=N)C=C1,6,0,,0,
CC1(C=N)C=N1,6,0,,0,
CC1(C=N)CC1,6,0,,0,
CC1(C=N)CN1,6,0,,0,
CC1(C=N)CO1,6,0,,0,
CC1(C=N)N=N1,6,0,,0,
CC1(C=N)NN1,6,0,,0,
CC1(C=N)NO1,6,0,,0,
CC1(C=N)OO1,6,0,,0,
CC1(C=O)C#C1,6,0,,0,
CC1(C=O)C=C1,6,0,,0,
CC1(C=O)C=N1,6,0,,0,
CC1(C=O)CC1,6,0,,0,
CC1(C=O)CN1,6,0,,0,
CC1(C=O)CO1,6,0,,0,
CC1(C=O)N=N1,6,0,,0,
CC1(C=O)NN1,6,0,,0,
CC1(C=O)NO1,6,0,,0,
CC1(C=O)OO1,6,0,,0,
CC1(CN)C#C1,6,0,,0,
CC1(CN)C=C1,6,0,,0,
CC1(CN)C=N1,6,0,,0,
CC1(CN)CC1,6,0,,0,
CC1(CN)CN1,6,0,,0,
CC1(CN)CO1,6,0,,0,
CC1(CN)N=N1,6,0,,0,
CC1(CN)NN1,6,0,,0,
CC1(CN)NO1,6,0,,0,
CC1(CN)OO1,6,0,,0,
CC1(CO)C#C1,6,0,,0,
CC1(CO)C=C1,6,0,,0,
CC1(CO)C=N1,6,0,,0,
CC1(CO)CC1,6,0,,0,
CC1(CO)CN1,6,0,,0,
CC1(CO)CO1,6,0,,0,
CC1(CO)N=N1,6,0,,0,
CC1(CO)NN1,6,0,,0,
CC1(CO)NO1,6,0,,0,
CC1(CO)OO1,6,0,,0,
CC1(N)C#CC1,6,0,,0,
CC1(N)C#CN1,6,0,,0,
CC1(N)C#CO1,6,0,,0,
CC1(N)C2=C1C2,6,0,,0,
CC1(N)C2=C1N2,6,0,,0,
CC1(N)C2=C1O2,6,0,,0,
CC1(N)C2=C=C21,6,0,,0,
CC1(N)C2=CC21,6,0,,0,
CC1(N)C2=CN21,6,0,,0,
CC1(N)C2=NC21,6,0,,0,
CC1(N)C2=NN21,6,0,,0,
CC1(N)C2CC21,6,0,,0,
CC1(N)C2CN21,6,0,,0,
CC1(N)C2NC21,6,0,,0,
CC1(N)C2NN21,6,0,,0,
CC1(N)C2OC21,6,0,,0,
CC1(N)C2ON21,6,0,,0,
CC1(N)C=C1N,6,0,,0,
CC1(N)C=C1O,6,0,,0,
CC1(N)C=C=C1,6,0,,0,
CC1(N)C=C=N1,6,0,,0,
CC1(N)C=CC1,6,0,,0,
CC1(N)C=CN1,6,0,,0,
CC1(N)C=CO1,6,0,,0,
CC1(N)C=NC1,6,0,,0,
CC1(N)C=NN1,6,0,,0,
CC1(N)C=NO1,6,0,,0,
CC1(N)CC1=N,6,0,,0,
CC1(N)CC1=O,6,0,,0,
CC1(N)CC1N,6,0,,0,
CC1(N)CC1O,6,0,,0,
CC1(N)CC=N1,6,0,,0,
CC1(N)CCC1,6,0,,0,
CC1(N)CCN1,6,0,,0,
CC1(N)CCO1,6,0,,0,
CC1(N)CN1N,6,0,,0,
CC1(N)CN1O,6,0,,0,
CC1(N)CN=N1,6,0,,0,
CC1(N)CNC1,6,0,,0,
CC1(N)CNN1,6,0,,0,
CC1(N)CNO1,6,0,,0,
CC1(N)COC1,6,0,,0,
CC1(N)CON1,6,0,,0,
CC1(N)COO1,6,0,,0,
CC1(N)N2CN21,6,0,,0,
CC1(N)N=C1N,6,0,,0,
CC1(N)N=C1O,6,0,,0,
CC1(N)N=C=N1,6,0,,0,
CC1(N)N=CN1,6,0,,0,
CC1(N)N=CO1,6,0,,0,
CC1(N)N=NN1,6,0,,0,
CC1(N)N=NO1,6,0,,0,
CC1(N)NC1=N,6,0,,0,
CC1(N)NC1=O,6,0,,0,
CC1(N)NC1N,6,0,,0,
CC1(N)NC1O,6,0,,0,
CC1(N)NCN1,6,0,,0,
CC1(N)NCO1,6,0,,0,
CC1(N)NN1N,6,0,,0,
CC1(N)NN1O,6,0,,0,
CC1(N)NNN1,6,0,,0,
CC1(N)NNO1,6,0,,0,
CC1(N)NON1,6,0,,0,
CC1(N)NOO1,6,0,,0,
CC1(N)OC1=N,6,0,,0,
CC1(N)OC1=O,6,0,,0,
CC1(N)OC1N,6,0,,0,
CC1(N)OC1O,6,0,,0,
CC1(N)OCO1,6,0,,0,
CC1(N)ON1N,6,0,,0,
CC1(N)ON1O,6,0,,0,
CC1(N)ONO1,6,0,,0,
CC1(N)OOO1,6,0,,0,
CC1(N)n2[nH]n21,6,0,,0,
CC1(N)n2on21,6,0,,0,
CC1(N=N)C#C1,6,0,,0,
CC1(N=N)C=C1,6,0,,0,
CC1(N=N)C=N1,6,0,,0,
CC1(N=N)CC1,6,0,,0,
CC1(N=N)CN1,6,0,,0,
CC1(N=N)CO1,6,0,,0,
CC1(N=N)N=N1,6,0,,0,
CC1(N=N)NN1,6,0,,0,
CC1(N=N)NO1,6,0,,0,
CC1(N=N)OO1,6,0,,0,
CC1(N=O)C#C1,6,0,,0,
CC1(N=O)C=C1,6,0,,0,
CC1(N=O)C=N1,6,0,,0,
CC1(N=O)CC1,6,0,,0,
CC1(N=O)CN1,6,0,,0,
CC1(N=O)CO1,6,0,,0,
CC1(N=O)N=N1,6,0,,0,
CC1(N=O)NN1,6,0,,0,
CC1(N=O)NO1,6,0,,0,
CC1(N=O)OO1,6,0,,0,
CC1(NN)C#C1,6,0,,0,
CC1(NN)C=C1,6,0,,0,
CC1(NN)C=N1,6,0,,0,
CC1(NN)CC1,6,0,,0,
CC1(NN)CN1,6,0,,0,
CC1(NN)CO1,6,0,,0,
CC1(NN)N=N1,6,0,,0,
CC1(NN)NN1,6,0,,0,
CC1(NN)NO1,6,0,,0,
CC1(NN)OO1,6,0,,0,
CC1(NO)C#C1,6,0,,0,
CC1(NO)C=C1,6,0,,0,
CC1(NO)C=N1,6,0,,0,
CC1(NO)CC1,6,0,,0,
CC1(NO)CN1,6,0,,0,
CC1(NO)CO1,6,0,,0,
CC1(NO)N=N1,6,0,,0,
CC1(NO)NN1,6,0,,0,
CC1(NO)NO1,6,0,,0,
CC1(NO)OO1,6,0,,0,
CC1(O)C#CC1,6,0,,0,
CC1(O)C#CN1,6,0,,0,
CC1(O)C#CO1,6,0,,0,
CC1(O)C2=C1C2,6,0,,0,
CC1(O)C2=C1N2,6,0,,0,
CC1(O)C2=C1O2,6,0,,0,
CC1(O)C2=C=C21,6,0,,0,
CC1(O)C2=CC21,6,0,,0,
CC1(O)C2=CN21,6,0,,0,
CC1(O)C2=NC21,6,0,,0,
CC1(O)C2=NN21,6,0,,0,
CC1(O)C2CC21,6,0,,0,
CC1(O)C2CN21,6,0,,0,
CC1(O)C2NC21,6,0,,0,
CC1(O)C2NN21,6,0,,0,
CC1(O)C2OC21,6,0,,0,
CC1(O)C2ON21,6,0,,0,
CC1(O)C=C1N,6,0,,0,
CC1(O)C=C1O,6,0,,0,
CC1(O)C=C=C1,6,0,,0,
CC1(O)C=C=N1,6,0,,0,
CC1(O)C=CC1,6,0,,0,
CC1(O)C=CN1,6,0,,0,
CC1(O)C=CO1,6,0,,0,
CC1(O)C=NC1,6,0,,0,
CC1(O)C=NN1,6,0,,0,
CC1(O)C=NO1,6,0,,0,
CC1(O)CC1=N,6,0,,0,
CC1(O)CC1=O,6,0,,0,
CC1(O)CC1N,6,0,,0,
CC1(O)CC1O,6,0,,0,
CC1(O)CC=N1,6,0,,0,
CC1(O)CCC1,6,0,,0,
CC1(O)CCN1,6,0,,0,
CC1(O)CCO1,6,0,,0,
CC1(O)CN1N,6,0,,0,
CC1(O)CN1O,6,0,,0,
CC1(O)CN=N1,6,0,,0,
CC1(O)CNC1,6,0,,0,
CC1(O)CNN1,6,0,,0,
CC1(O)CNO1,6,0,,0,
CC1(O)COC1,6,0,,0,
CC1(O)CON1,6,0,,0,
CC1(O)COO1,6,0,,0,
CC1(O)N2CN21,6,0,,0,
CC1(O)N=C1N,6,0,,0,
CC1(O)N=C1O,6,0,,0,
CC1(O)N=C=N1,6,0,,0,
CC1(O)N=CN1,6,0,,0,
CC1(O)N=CO1,6,0,,0,
CC1(O)N=NN1,6,0,,0,
CC1(O)N=NO1,6,0,,0,
CC1(O)NC1=N,6,0,,0,
CC1(O)NC1=O,6,0,,0,
CC1(O)NC1N,6,0,,0,
CC1(O)NC1O,6,0,,0,
CC1(O)NCN1,6,0,,0,
CC1(O)NCO1,6,0,,0,
CC1(O)NN1N,6,0,,0,
CC1(O)NN1O,6,0,,0,
CC1(O)NNN1,6,0,,0,
CC1(O)NNO1,6,0,,0,
CC1(O)NON1,6,0,,0,
CC1(O)NOO1,6,0,,0,
CC1(O)OC1=N,6,0,,0,
CC1(O)OC1=O,6,0,,0,
CC1(O)OC1N,6,0,,0,
CC1(O)OC1O,6,0,,0,
CC1(O)OCO1,6,0,,0,
CC1(O)ON1N,6,0,,0,
CC1(O)ON1O,6,0,,0,
CC1(O)ONO1,6,0,,0,
CC1(O)OOO1,6,0,,0,
CC1(O)n2[nH]n21,6,0,,0,
CC1(O)n2on21,6,0,,0,
CC1(ON)C#C1,6,0,,0,
CC1(ON)C=C1,6,0,,0,
CC1(ON)C=N1,6,0,,0,
CC1(ON)CC1,6,0,,0,
CC1(ON)CN1,6,0,,0,
CC1(ON)CO1,6,0,,0,
CC1(ON)N=N1,6,0,,0,
CC1(ON)NN1,6,0,,0,
CC1(ON)NO1,6,0,,0,
CC1(ON)OO1,6,0,,0,
CC1(OO)C#C1,6,0,,0,
CC1(OO)C=C1,6,0,,0,
CC1(OO)C=N1,6,0,,0,
CC1(OO)CC1,6,0,,0,
CC1(OO)CN1,6,0,,0,
CC1(OO)CO1,6,0,,0,
CC1(OO)N=N1,6,0,,0,
CC1(OO)NN1,6,0,,0,
CC1(OO)NO1,6,0,,0,
CC1(OO)OO1,6,0,,0,
CC12C#CC1=C2,6,0,,0,
CC12C#CC1=N2,6,0,,0,
CC12C#CC1C2,6,0,,0,
CC12C#CC1N2,6,0,,0,
CC12C#CC1O2,6,0,,0,
CC12C#CN1C2,6,0,,0,
CC12C#CN1N2,6,0,,0,
CC12C#CN1O2,6,0,,0,
CC12C34C5C13C524,6,0,,0,
CC12C34N5C13C524,6,0,,0,
CC12C3=C1C2C3,6,0,,0,
CC12C3=C1C2N3,6,0,,0,
CC12C3=C1C2O3,6,0,,0,
CC12C3=C1C32C,6,0,,0,
CC12C3=C1C32N,6,0,,0,
CC12C3=C1C32O,6,0,,0,
CC12C3=C1N2C3,6,0,,0,
CC12C3=C4C1C432,6,0,,0,
CC12C3=C4N1C432,6,0,,0,
CC12C3=C=C1C32,6,0,,0,
CC12C3=C=C1N32,6,0,,0,
CC12C3=CC1=C32,6,0,,0,
CC12C3=CC1C32,6,0,,0,
CC12C3=CC1N32,6,0,,0,
CC12C3=CN1C32,6,0,,0,
CC12C3=NC1=C32,6,0,,0,
CC12C3=NC1C32,6,0,,0,
CC12C3=NC1N32,6,0,,0,
CC12C3=NN1C32,6,0,,0,
CC12C3C14CC324,6,0,,0,
CC12C3C14NC324,6,0,,0,
CC12C3C14OC324,6,0,,0,
CC12C3C1C32C,6,0,,0,
CC12C3C1C32N,6,0,,0,
CC12C3C1C32O,6,0,,0,
CC12C3C4C1C432,6,0,,0,
CC12C3C4N1C432,6,0,,0,
CC12C3CC1C32,6,0,,0,
CC12C3CC1N32,6,0,,0,
CC12C3CN1C32,6,0,,0,
CC12C3CN1N32,6,0,,0,
CC12C3N1C32C,6,0,,0,
CC12C3N1C32N,6,0,,0,
CC12C3N1C32O,6,0,,0,
CC12C3N1CN32,6,0,,0,
CC12C3N1NN32,6,0,,0,
CC12C3N1ON32,6,0,,0,
CC12C3N4C1C342,6,0,,0,
CC12C3N4N1C342,6,0,,0,
CC12C3NC1C32,6,0,,0,
CC12C3NC1N32,6,0,,0,
CC12C3NN1C32,6,0,,0,
CC12C3NN1N32,6,0,,0,
CC12C3OC1C32,6,0,,0,
CC12C3OC1N32,6,0,,0,
CC12C3ON1C32,6,0,,0,
CC12C3ON1N32,6,0,,0,
CC12C=C(C1)C2,6,0,,0,
CC12C=C(C1)N2,6,0,,0,
CC12C=C(C1)O2,6,0,,0,
CC12C=C(N1)N2,6,0,,0,
CC12C=C(N1)O2,6,0,,0,
CC12C=C(O1)O2,6,0,,0,
CC12C=C1C2=N,6,0,,0,
CC12C=C1C2=O,6,0,,0,
CC12C=C1C2N,6,0,,0,
CC12C=C1C2O,6,0,,0,
CC12C=C1C=N2,6,0,,0,
CC12C=C1CC2,6,0,,0,
CC12C=C1CN2,6,0,,0,
CC12C=C1CO2,6,0,,0,
CC12C=C1N2N,6,0,,0,
CC12C=C1N2O,6,0,,0,
CC12C=C1N=N2,6,0,,0,
CC12C=C1NC2,6,0,,0,
CC12C=C1NN2,6,0,,0,
CC12C=C1NO2,6,0,,0,
CC12C=C1OC2,6,0,,0,
CC12C=C1ON2,6,0,,0,
CC12C=C1OO2,6,0,,0,
CC12C=C3C1=C32,6,0,,0,
CC12C=C3C1C32,6,0,,0,
CC12C=C3C1N32,6,0,,0,
CC12C=C3N1N32,6,0,,0,
CC12C=C=C1C2,6,0,,0,
CC12C=C=C1N2,6,0,,0,
CC12C=C=C1O2,6,0,,0,
CC12C=CC1=C2,6,0,,0,
CC12C=CC1=N2,6,0,,0,
CC12C=CC1C2,6,0,,0,
CC12C=CC1N2,6,0,,0,
CC12C=CC1O2,6,0,,0,
CC12C=CN1C2,6,0,,0,
CC12C=CN1N2,6,0,,0,
CC12C=CN1O2,6,0,,0,
CC12C=NC1=C2,6,0,,0,
CC12C=NC1=N2,6,0,,0,
CC12C=NC1C2,6,0,,0,
CC12C=NC1N2,6,0,,0,
CC12C=NC1O2,6,0,,0,
CC12C=NN1C2,6,0,,0,
CC12C=NN1N2,6,0,,0,
CC12C=NN1O2,6,0,,0,
CC12CC(=N1)C2,6,0,,0,
CC12CC(=N1)N2,6,0,,0,
CC12CC(=N1)O2,6,0,,0,
CC12CC(C1)C2,6,0,,0,
CC12CC(C1)N2,6,0,,0,
CC12CC(C1)O2,6,0,,0,
CC12CC(N1)N2,6,0,,0,
CC12CC(N1)O2,6,0,,0,
CC12CC(O1)O2,6,0,,0,
CC12CC1(C)C2,6,0,,0,
CC12CC1(C)N2,6,0,,0,
CC12CC1(C)O2,6,0,,0,
CC12CC1(N)C2,6,0,,0,
CC12CC1(N)N2,6,0,,0,
CC12CC1(N)O2,6,0,,0,
CC12CC1(O)C2,6,0,,0,
CC12CC1(O)N2,6,0,,0,
CC12CC1(O)O2,6,0,,0,
CC12CC13C=C23,6,0,,0,
CC12CC13CC23,6,0,,0,
CC12CC13CN23,6,0,,0,
CC12CC13N=C23,6,0,,0,
CC12CC13NC23,6,0,,0,
CC12CC13NN23,6,0,,0,
CC12CC13OC23,6,0,,0,
CC12CC13ON23,6,0,,0,
CC12CC1=C2N,6,0,,0,
CC12CC1=C2O,6,0,,0,
CC12CC1=C=N2,6,0,,0,
CC12CC1=CN2,6,0,,0,
CC12CC1=CO2,6,0,,0,
CC12CC1=NN2,6,0,,0,
CC12CC1=NO2,6,0,,0,
CC12CC1C2=N,6,0,,0,
CC12CC1C2=O,6,0,,0,
CC12CC1C2N,6,0,,0,
CC12CC1C2O,6,0,,0,
CC12CC1C=N2,6,0,,0,
CC12CC1CN2,6,0,,0,
CC12CC1CO2,6,0,,0,
CC12CC1N2N,6,0,,0,
CC12CC1N2O,6,0,,0,
CC12CC1N=N2,6,0,,0,
CC12CC1NN2,6,0,,0,
CC12CC1NO2,6,0,,0,
CC12CC1ON2,6,0,,0,
CC12CC1OO2,6,0,,0,
CC12CC3=C1C32,6,0,,0,
CC12CC3=C1N32,6,0,,0,
CC12CC3C1=C32,6,0,,0,
CC12CC3C1C32,6,0,,0,
CC12CC3C1N32,6,0,,0,
CC12CC3N1N32,6,0,,0,
CC12CC=C1C2,6,0,,0,
CC12CC=C1N2,6,0,,0,
CC12CC=C1O2,6,0,,0,
CC12CCC1=N2,6,0,,0,
CC12CCC1C2,6,0,,0,
CC12CCC1N2,6,0,,0,
CC12CCC1O2,6,0,,0,
CC12CCN1C2,6,0,,0,
CC12CCN1N2,6,0,,0,
CC12CCN1O2,6,0,,0,
CC12CN(C1)C2,6,0,,0,
CC12CN(C1)N2,6,0,,0,
CC12CN(C1)O2,6,0,,0,
CC12CN(N1)N2,6,0,,0,
CC12CN(N1)O2,6,0,,0,
CC12CN(O1)O2,6,0,,0,
CC12CN1C2=N,6,0,,0,
CC12CN1C2=O,6,0,,0,
CC12CN1C2N,6,0,,0,
CC12CN1C2O,6,0,,0,
CC12CN1C=N2,6,0,,0,
CC12CN1CN2,6,0,,0,
CC12CN1CO2,6,0,,0,
CC12CN1N2N,6,0,,0,
CC12CN1N2O,6,0,,0,
CC12CN1N=N2,6,0,,0,
CC12CN1NN2,6,0,,0,
CC12CN1NO2,6,0,,0,
CC12CN1ON2,6,0,,0,
CC12CN1OO2,6,0,,0,
CC12CN3C1=C32,6,0,,0,
CC12CN3C1C32,6,0,,0,
CC12CN3C1N32,6,0,,0,
CC12CN=C1C2,6,0,,0,
CC12CN=C1N2,6,0,,0,
CC12CN=C1O2,6,0,,0,
CC12CNC1=N2,6,0,,0,
CC12CNC1C2,6,0,,0,
CC12CNC1N2,6,0,,0,
CC12CNC1O2,6,0,,0,
CC12CNN1C2,6,0,,0,
CC12CNN1N2,6,0,,0,
CC12CNN1O2,6,0,,0,
CC12COC1=N2,6,0,,0,
CC12COC1C2,6,0,,0,
CC12COC1N2,6,0,,0,
CC12COC1O2,6,0,,0,
CC12CON1C2,6,0,,0,
CC12CON1N2,6,0,,0,
CC12CON1O2,6,0,,0,
CC12Cn3n1n32,6,0,,0,
CC12N3C14CC324,6,0,,0,
CC12N3C14NC324,6,0,,0,
CC12N3C14OC324,6,0,,0,
CC12N3C4N1C432,6,0,,0,
CC12N3CN1N32,6,0,,0,
CC12N3N1C32C,6,0,,0,
CC12N3N1C32N,6,0,,0,
CC12N3N1C32O,6,0,,0,
CC12N3N4N1C432,6,0,,0,
CC12N3NN1N32,6,0,,0,
CC12N3ON1N32,6,0,,0,
CC12N=C(N1)N2,6,0,,0,
CC12N=C(N1)O2,6,0,,0,
CC12N=C(O1)O2,6,0,,0,
CC12N=C1C2=N,6,0,,0,
CC12N=C1C2=O,6,0,,0,
CC12N=C1C2N,6,0,,0,
CC12N=C1C2O,6,0,,0,
CC12N=C1CN2,6,0,,0,
CC12N=C1CO2,6,0,,0,
CC12N=C1N2N,6,0,,0,
CC12N=C1N2O,6,0,,0,
CC12N=C1NN2,6,0,,0,
CC12N=C1NO2,6,0,,0,
CC12N=C1ON2,6,0,,0,
CC12N=C1OO2,6,0,,0,
CC12N=C3C1=C32,6,0,,0,
CC12N=C3C1C32,6,0,,0,
CC12N=C3C1N32,6,0,,0,
CC12N=C3N1N32,6,0,,0,
CC12N=C=C1N2,6,0,,0,
CC12N=C=C1O2,6,0,,0,
CC12N=CC1=N2,6,0,,0,
CC12N=CC1N2,6,0,,0,
CC12N=CC1O2,6,0,,0,
CC12N=CN1N2,6,0,,0,
CC12N=CN1O2,6,0,,0,
CC12N=NC1=N2,6,0,,0,
CC12N=NC1N2,6,0,,0,
CC12N=NC1O2,6,0,,0,
CC12N=NN1N2,6,0,,0,
CC12N=NN1O2,6,0,,0,
CC12NC(N1)N2,6,0,,0,
CC12NC(N1)O2,6,0,,0,
CC12NC(O1)O2,6,0,,0,
CC12NC1(C)N2,6,0,,0,
CC12NC1(C)O2,6,0,,0,
CC12NC1(N)N2,6,0,,0,
CC12NC1(N)O2,6,0,,0,
CC12NC1(O)N2,6,0,,0,
CC12NC1(O)O2,6,0,,0,
CC12NC13C=C23,6,0,,0,
CC12NC13CC23,6,0,,0,
CC12NC13CN23,6,0,,0,
CC12NC13N=C23,6,0,,0,
CC12NC13NC23,6,0,,0,
CC12NC13NN23,6,0,,0,
CC12NC13OC23,6,0,,0,
CC12NC13ON23,6,0,,0,
CC12NC1=C2N,6,0,,0,
CC12NC1=C2O,6,0,,0,
CC12NC1=CO2,6,0,,0,
CC12NC1=NO2,6,0,,0,
CC12NC1C2=N,6,0,,0,
CC12NC1C2=O,6,0,,0,
CC12NC1C2N,6,0,,0,
CC12NC1C2O,6,0,,0,
CC12NC1CO2,6,0,,0,
CC12NC1N2N,6,0,,0,
CC12NC1N2O,6,0,,0,
CC12NC1NO2,6,0,,0,
CC12NC1OO2,6,0,,0,
CC12NC3=C1C32,6,0,,0,
CC12NC3=C1N32,6,0,,0,
CC12NC3C1=C32,6,0,,0,
CC12NC3C1C32,6,0,,0,
CC12NC3C1N32,6,0,,0,
CC12NC3N1N32,6,0,,0,
CC12NC=C1N2,6,0,,0,
CC12NC=C1O2,6,0,,0,
CC12NCC1N2,6,0,,0,
CC12NCC1O2,6,0,,0,
CC12NCN1N2,6,0,,0,
CC12NCN1O2,6,0,,0,
CC12NN(N1)N2,6,0,,0,
CC12NN(N1)O2,6,0,,0,
CC12NN(O1)O2,6,0,,0,
CC12NN1C2=N,6,0,,0,
CC12NN1C2=O,6,0,,0,
CC12NN1C2N,6,0,,0,
CC12NN1C2O,6,0,,0,
CC12NN1CO2,6,0,,0,
CC12NN1N2N,6,0,,0,
CC12NN1N2O,6,0,,0,
CC12NN1NO2,6,0,,0,
CC12NN1OO2,6,0,,0,
CC12NN3C1=C32,6,0,,0,
CC12NN3C1C32,6,0,,0,
CC12NN3C1N32,6,0,,0,
CC12NN=C1N2,6,0,,0,
CC12NN=C1O2,6,0,,0,
CC12NNC1N2,6,0,,0,
CC12NNC1O2,6,0,,0,
CC12NNN1N2,6,0,,0,
CC12NNN1O2,6,0,,0,
CC12NOC1N2,6,0,,0,
CC12NOC1O2,6,0,,0,
CC12NON1N2,6,0,,0,
CC12NON1O2,6,0,,0,
CC12Nn3n1n32,6,0,,0,
CC12OC(O1)O2,6,0,,0,
CC12OC1(C)O2,6,0,,0,
CC12OC1(N)O2,6,0,,0,
CC12OC1(O)O2,6,0,,0,
CC12OC13C=C23,6,0,,0,
CC12OC13CC23,6,0,,0,
CC12OC13CN23,6,0,,0,
CC12OC13N=C23,6,0,,0,
CC12OC13NC23,6,0,,0,
CC12OC13NN23,6,0,,0,
CC12OC13OC23,6,0,,0,
CC12OC13ON23,6,0,,0,
CC12OC1=C2N,6,0,,0,
CC12OC1=C2O,6,0,,0,
CC12OC1C2=N,6,0,,0,
CC12OC1C2=O,6,0,,0,
CC12OC1C2N,6,0,,0,
CC12OC1C2O,6,0,,0,
CC12OC1N2N,6,0,,0,
CC12OC1N2O,6,0,,0,
CC12OC3=C1C32,6,0,,0,
CC12OC3=C1N32,6,0,,0,
CC12OC3C1=C32,6,0,,0,
CC12OC3C1C32,6,0,,0,
CC12OC3C1N32,6,0,,0,
CC12OC3N1N32,6,0,,0,
CC12OC=C1O2,6,0,,0,
CC12OCC1O2,6,0,,0,
CC12OCN1O2,6,0,,0,
CC12ON(O1)O2,6,0,,0,
CC12ON1C2=N,6,0,,0,
CC12ON1C2=O,6,0,,0,
CC12ON1C2N,6,0,,0,
CC12ON1C2O,6,0,,0,
CC12ON1N2N,6,0,,0,
CC12ON1N2O,6,0,,0,
CC12ON3C1=C32,6,0,,0,
CC12ON3C1C32,6,0,,0,
CC12ON3C1N32,6,0,,0,
CC12ON=C1O2,6,0,,0,
CC12ONC1O2,6,0,,0,
CC12ONN1O2,6,0,,0,
CC12OOC1O2,6,0,,0,
CC12OON1O2,6,0,,0,
CC12On3n1n32,6,0,,0,
CC12c3[nH]n1c32,6,0,,0,
CC12c3cn1n32,6,0,,0,
CC12c3nn1n32,6,0,,0,
CC12c3on1c32,6,0,,0,
CC1=C(C#N)C1,6,0,,0,
CC1=C(C#N)N1,6,0,,0,
CC1=C(C#N)O1,6,0,,0,
CC1=C(C)C#C1,6,0,,0,
CC1=C(C)C1C,6,0,,0,
CC1=C(C)C1N,6,0,,0,
CC1=C(C)C1O,6,0,,0,
CC1=C(C)C=C1,6,0,,0,
CC1=C(C)CC1,6,0,,0,
CC1=C(C)N1C,6,0,,0,
CC1=C(C)N1N,6,0,,0,
CC1=C(C)N1O,6,0,,0,
CC1=C(C)N=C1,6,0,,0,
CC1=C(C)N=N1,6,0,,0,
CC1=C(C)NC1,6,0,,0,
CC1=C(C)OC1,6,0,,0,
CC1=C(C=N)C1,6,0,,0,
CC1=C(C=N)N1,6,0,,0,
CC1=C(C=N)O1,6,0,,0,
CC1=C(C=O)C1,6,0,,0,
CC1=C(C=O)N1,6,0,,0,
CC1=C(C=O)O1,6,0,,0,
CC1=C(CN)C1,6,0,,0,
CC1=C(CN)N1,6,0,,0,
CC1=C(CN)O1,6,0,,0,
CC1=C(CO)C1,6,0,,0,
CC1=C(CO)N1,6,0,,0,
CC1=C(CO)O1,6,0,,0,
CC1=C(N)C#C1,6,0,,0,
CC1=C(N)C1C,6,0,,0,
CC1=C(N)C1N,6,0,,0,
CC1=C(N)C1O,6,0,,0,
CC1=C(N)C=C1,6,0,,0,
CC1=C(N)C=N1,6,0,,0,
CC1=C(N)CC1,6,0,,0,
CC1=C(N)CN1,6,0,,0,
CC1=C(N)CO1,6,0,,0,
CC1=C(N)N1C,6,0,,0,
CC1=C(N)N1N,6,0,,0,
CC1=C(N)N1O,6,0,,0,
CC1=C(N)N=C1,6,0,,0,
CC1=C(N)N=N1,6,0,,0,
CC1=C(N)NC1,6,0,,0,
CC1=C(N)OC1,6,0,,0,
CC1=C(N=N)C1,6,0,,0,
CC1=C(N=N)N1,6,0,,0,
CC1=C(N=N)O1,6,0,,0,
CC1=C(N=O)C1,6,0,,0,
CC1=C(N=O)N1,6,0,,0,
CC1=C(N=O)O1,6,0,,0,
CC1=C(NN)C1,6,0,,0,
CC1=C(NN)N1,6,0,,0,
CC1=C(NN)O1,6,0,,0,
CC1=C(NO)C1,6,0,,0,
CC1=C(NO)N1,6,0,,0,
CC1=C(NO)O1,6,0,,0,
CC1=C(O)C#C1,6,0,,0,
CC1=C(O)C1C,6,0,,0,
CC1=C(O)C1N,6,0,,0,
CC1=C(O)C1O,6,0,,0,
CC1=C(O)C=C1,6,0,,0,
CC1=C(O)C=N1,6,0,,0,
CC1=C(O)CC1,6,0,,0,
CC1=C(O)CN1,6,0,,0,
CC1=C(O)CO1,6,0,,0,
CC1=C(O)N1C,6,0,,0,
CC1=C(O)N1N,6,0,,0,
CC1=C(O)N1O,6,0,,0,
CC1=C(O)N=C1,6,0,,0,
CC1=C(O)N=N1,6,0,,0,
CC1=C(O)NC1,6,0,,0,
CC1=C(O)OC1,6,0,,0,
CC1=C(ON)C1,6,0,,0,
CC1=C(ON)N1,6,0,,0,
CC1=C(ON)O1,6,0,,0,
CC1=C(OO)C1,6,0,,0,
CC1=C(OO)N1,6,0,,0,
CC1=C(OO)O1,6,0,,0,
CC1=C2C#CC12,6,0,,0,
CC1=C2C(=N)C12,6,0,,0,
CC1=C2C(=N)N12,6,0,,0,
CC1=C2C(=O)C12,6,0,,0,
CC1=C2C(=O)N12,6,0,,0,
CC1=C2C(C)=C12,6,0,,0,
CC1=C2C(C)C12,6,0,,0,
CC1=C2C(C)N12,6,0,,0,
CC1=C2C(N)=C12,6,0,,0,
CC1=C2C(N)C12,6,0,,0,
CC1=C2C(N)N12,6,0,,0,
CC1=C2C(O)=C12,6,0,,0,
CC1=C2C(O)C12,6,0,,0,
CC1=C2C(O)N12,6,0,,0,
CC1=C2C1N2C,6,0,,0,
CC1=C2C1N2N,6,0,,0,
CC1=C2C1N2O,6,0,,0,
CC1=C2C3=C1C23,6,0,,0,
CC1=C2C3=C2C13,6,0,,0,
CC1=C2C3=CC312,6,0,,0,
CC1=C2C3=NC312,6,0,,0,
CC1=C2C3C1C23,6,0,,0,
CC1=C2C3C1N23,6,0,,0,
CC1=C2C3C2N13,6,0,,0,
CC1=C2C3CC123,6,0,,0,
CC1=C2C3NC123,6,0,,0,
CC1=C2C3OC123,6,0,,0,
CC1=C2C=C1C2,6,0,,0,
CC1=C2C=C1N2,6,0,,0,
CC1=C2C=C1O2,6,0,,0,
CC1=C2C=C2C1,6,0,,0,
CC1=C2C=C=C12,6,0,,0,
CC1=C2C=CC12,6,0,,0,
CC1=C2C=NC12,6,0,,0,
CC1=C2CC12C,6,0,,0,
CC1=C2CC12N,6,0,,0,
CC1=C2CC12O,6,0,,0,
CC1=C2CC1=N2,6,0,,0,
CC1=C2CC1C2,6,0,,0,
CC1=C2CC1N2,6,0,,0,
CC1=C2CC1O2,6,0,,0,
CC1=C2CC2=C1,6,0,,0,
CC1=C2CC2=N1,6,0,,0,
CC1=C2CC2C1,6,0,,0,
CC1=C2CC2N1,6,0,,0,
CC1=C2CC2O1,6,0,,0,
CC1=C2CC=C12,6,0,,0,
CC1=C2CCC12,6,0,,0,
CC1=C2CCN12,6,0,,0,
CC1=C2CN1C2,6,0,,0,
CC1=C2CN2C1,6,0,,0,
CC1=C2CN=C12,6,0,,0,
CC1=C2CNC12,6,0,,0,
CC1=C2CNN12,6,0,,0,
CC1=C2COC12,6,0,,0,
CC1=C2CON12,6,0,,0,
CC1=C2N3C1N23,6,0,,0,
CC1=C2N3CC123,6,0,,0,
CC1=C2N3NC123,6,0,,0,
CC1=C2N3OC123,6,0,,0,
CC1=C2N=C1N2,6,0,,0,
CC1=C2N=C1O2,6,0,,0,
CC1=C2N=C2C1,6,0,,0,
CC1=C2N=C=C12,6,0,,0,
CC1=C2N=CC12,6,0,,0,
CC1=C2N=NC12,6,0,,0,
CC1=C2NC12C,6,0,,0,
CC1=C2NC12N,6,0,,0,
CC1=C2NC12O,6,0,,0,
CC1=C2NC1N2,6,0,,0,
CC1=C2NC1O2,6,0,,0,
CC1=C2NC2C1,6,0,,0,
CC1=C2NC2N1,6,0,,0,
CC1=C2NC2O1,6,0,,0,
CC1=C2NCC12,6,0,,0,
CC1=C2NCN12,6,0,,0,
CC1=C2NN2C1,6,0,,0,
CC1=C2NNC12,6,0,,0,
CC1=C2NNN12,6,0,,0,
CC1=C2NOC12,6,0,,0,
CC1=C2NON12,6,0,,0,
CC1=C2OC12C,6,0,,0,
CC1=C2OC12N,6,0,,0,
CC1=C2OC12O,6,0,,0,
CC1=C2OC1O2,6,0,,0,
CC1=C2OC2C1,6,0,,0,
CC1=C2OC2N1,6,0,,0,
CC1=C2OC2O1,6,0,,0,
CC1=C2OCC12,6,0,,0,
CC1=C2OCN12,6,0,,0,
CC1=C2ON2C1,6,0,,0,
CC1=C2ONC12,6,0,,0,
CC1=C2ONN12,6,0,,0,
CC1=C2OOC12,6,0,,0,
CC1=C2OON12,6,0,,0,
CC1=C=C(C)C1,6,0,,0,
CC1=C=C(C)N1,6,0,,0,
CC1=C=C(C)O1,6,0,,0,
CC1=C=C(N)C1,6,0,,0,
CC1=C=C(N)N1,6,0,,0,
CC1=C=C(N)O1,6,0,,0,
CC1=C=C(O)C1,6,0,,0,
CC1=C=C(O)N1,6,0,,0,
CC1=C=C(O)O1,6,0,,0,
CC1=C=C1C#N,6,0,,0,
CC1=C=C1C=N,6,0,,0,
CC1=C=C1C=O,6,0,,0,
CC1=C=C1CN,6,0,,0,
CC1=C=C1CO,6,0,,0,
CC1=C=C1N=N,6,0,,0,
CC1=C=C1N=O,6,0,,0,
CC1=C=C1NN,6,0,,0,
CC1=C=C1NO,6,0,,0,
CC1=C=C1ON,6,0,,0,
CC1=C=C1OO,6,0,,0,
CC1=C=C2C=C12,6,0,,0,
CC1=C=C2CC12,6,0,,0,
CC1=C=C2CN12,6,0,,0,
CC1=C=C2N=C12,6,0,,0,
CC1=C=C2NC12,6,0,,0,
CC1=C=C2NN12,6,0,,0,
CC1=C=C2OC12,6,0,,0,
CC1=C=C2ON12,6,0,,0,
CC1=C=C=C1C,6,0,,0,
CC1=C=C=C1N,6,0,,0,
CC1=C=C=C1O,6,0,,0,
CC1=C=C=C=C1,6,0,,0,
CC1=C=C=C=N1,6,0,,0,
CC1=C=C=CC1,6,0,,0,
CC1=C=C=CN1,6,0,,0,
CC1=C=C=CO1,6,0,,0,
CC1=C=C=NC1,6,0,,0,
CC1=C=C=NN1,6,0,,0,
CC1=C=C=NO1,6,0,,0,
CC1=C=CC#C1,6,0,,0,
CC1=C=CC1=N,6,0,,0,
CC1=C=CC1=O,6,0,,0,
CC1=C=CC1C,6,0,,0,
CC1=C=CC1N,6,0,,0,
CC1=C=CC1O,6,0,,0,
CC1=C=CC=C1,6,0,,0,
CC1=C=CC=N1,6,0,,0,
CC1=C=CCC1,6,0,,0,
CC1=C=CCN1,6,0,,0,
CC1=C=CCO1,6,0,,0,
CC1=C=CN1C,6,0,,0,
CC1=C=CN1N,6,0,,0,
CC1=C=CN1O,6,0,,0,
CC1=C=CN=C1,6,0,,0,
CC1=C=CN=N1,6,0,,0,
CC1=C=CNC1,6,0,,0,
CC1=C=CNN1,6,0,,0,
CC1=C=CNO1,6,0,,0,
CC1=C=COC1,6,0,,0,
CC1=C=CON1,6,0,,0,
CC1=C=COO1,6,0,,0,
CC1=C=NC#C1,6,0,,0,
CC1=C=NC1=N,6,0,,0,
CC1=C=NC1=O,6,0,,0,
CC1=C=NC1C,6,0,,0,
CC1=C=NC1N,6,0,,0,
CC1=C=NC1O,6,0,,0,
CC1=C=NC=C1,6,0,,0,
CC1=C=NC=N1,6,0,,0,
CC1=C=NCC1,6,0,,0,
CC1=C=NCN1,6,0,,0,
CC1=C=NCO1,6,0,,0,
CC1=C=NN1C,6,0,,0,
CC1=C=NN1N,6,0,,0,
CC1=C=NN1O,6,0,,0,
CC1=C=NN=C1,6,0,,0,
CC1=C=NN=N1,6,0,,0,
CC1=C=NNC1,6,0,,0,
CC1=C=NNN1,6,0,,0,
CC1=C=NNO1,6,0,,0,
CC1=C=NOC1,6,0,,0,
CC1=C=NON1,6,0,,0,
CC1=C=NOO1,6,0,,0,
CC1=CC#CC1,6,0,,0,
CC1=CC(=N)C1,6,0,,0,
CC1=CC(=N)N1,6,0,,0,
CC1=CC(=N)O1,6,0,,0,
CC1=CC(=O)C1,6,0,,0,
CC1=CC(=O)N1,6,0,,0,
CC1=CC(=O)O1,6,0,,0,
CC1=CC(C)=C1,6,0,,0,
CC1=CC(C)=N1,6,0,,0,
CC1=CC(C)C1,6,0,,0,
CC1=CC(C)N1,6,0,,0,
CC1=CC(C)O1,6,0,,0,
CC1=CC(N)=C1,6,0,,0,
CC1=CC(N)=N1,6,0,,0,
CC1=CC(N)C1,6,0,,0,
CC1=CC(N)N1,6,0,,0,
CC1=CC(N)O1,6,0,,0,
CC1=CC(O)=C1,6,0,,0,
CC1=CC(O)=N1,6,0,,0,
CC1=CC(O)C1,6,0,,0,
CC1=CC(O)N1,6,0,,0,
CC1=CC(O)O1,6,0,,0,
CC1=CC1(C)C,6,0,,0,
CC1=CC1(C)N,6,0,,0,
CC1=CC1(C)O,6,0,,0,
CC1=CC1(N)N,6,0,,0,
CC1=CC1(N)O,6,0,,0,
CC1=CC1(O)O,6,0,,0,
CC1=CC12C#C2,6,0,,0,
CC1=CC12C=C2,6,0,,0,
CC1=CC12C=N2,6,0,,0,
CC1=CC12CC2,6,0,,0,
CC1=CC12CN2,6,0,,0,
CC1=CC12CO2,6,0,,0,
CC1=CC12N=N2,6,0,,0,
CC1=CC12NN2,6,0,,0,
CC1=CC12NO2,6,0,,0,
CC1=CC12OO2,6,0,,0,
CC1=CC1=C=N,6,0,,0,
CC1=CC1=C=O,6,0,,0,
CC1=CC1=CN,6,0,,0,
CC1=CC1=CO,6,0,,0,
CC1=CC1C#N,6,0,,0,
CC1=CC1C=N,6,0,,0,
CC1=CC1C=O,6,0,,0,
CC1=CC1CN,6,0,,0,
CC1=CC1CO,6,0,,0,
CC1=CC1N=N,6,0,,0,
CC1=CC1N=O,6,0,,0,
CC1=CC1NN,6,0,,0,
CC1=CC1NO,6,0,,0,
CC1=CC1ON,6,0,,0,
CC1=CC1OO,6,0,,0,
CC1=CC2=C1C2,6,0,,0,
CC1=CC2=C=C21,6,0,,0,
CC1=CC2=CC12,6,0,,0,
CC1=CC2=NC12,6,0,,0,
CC1=CC2C=C12,6,0,,0,
CC1=CC2CC12,6,0,,0,
CC1=CC2CN12,6,0,,0,
CC1=CC2N=C12,6,0,,0,
CC1=CC2NC12,6,0,,0,
CC1=CC2NN12,6,0,,0,
CC1=CC2OC12,6,0,,0,
CC1=CC2ON12,6,0,,0,
CC1=CC=C1C,6,0,,0,
CC1=CC=C1N,6,0,,0,
CC1=CC=C1O,6,0,,0,
CC1=CC=C=C1,6,0,,0,
CC1=CC=C=N1,6,0,,0,
CC1=CC=CC1,6,0,,0,
CC1=CC=NC1,6,0,,0,
CC1=CCC#C1,6,0,,0,
CC1=CCC1=N,6,0,,0,
CC1=CCC1=O,6,0,,0,
CC1=CCC1C,6,0,,0,
CC1=CCC1N,6,0,,0,
CC1=CCC1O,6,0,,0,
CC1=CCC=C1,6,0,,0,
CC1=CCC=N1,6,0,,0,
CC1=CCCC1,6,0,,0,
CC1=CCCN1,6,0,,0,
CC1=CCCO1,6,0,,0,
CC1=CCN1C,6,0,,0,
CC1=CCN1N,6,0,,0,
CC1=CCN1O,6,0,,0,
CC1=CCN=C1,6,0,,0,
CC1=CCN=N1,6,0,,0,
CC1=CCNC1,6,0,,0,
CC1=CCNN1,6,0,,0,
CC1=CCNO1,6,0,,0,
CC1=CCOC1,6,0,,0,
CC1=CCON1,6,0,,0,
CC1=CCOO1,6,0,,0,
CC1=CN(C)C1,6,0,,0,
CC1=CN(N)C1,6,0,,0,
CC1=CN(O)C1,6,0,,0,
CC1=CN1C#N,6,0,,0,
CC1=CN1C=N,6,0,,0,
CC1=CN1C=O,6,0,,0,
CC1=CN1CN,6,0,,0,
CC1=CN1CO,6,0,,0,
CC1=CN1N=N,6,0,,0,
CC1=CN1N=O,6,0,,0,
CC1=CN1NN,6,0,,0,
CC1=CN1NO,6,0,,0,
CC1=CN1ON,6,0,,0,
CC1=CN1OO,6,0,,0,
CC1=CN2CC12,6,0,,0,
CC1=CN2NC12,6,0,,0,
CC1=CN2OC12,6,0,,0,
CC1=CN=C1C,6,0,,0,
CC1=CN=C1N,6,0,,0,
CC1=CN=C1O,6,0,,0,
CC1=CN=C=C1,6,0,,0,
CC1=CN=C=N1,6,0,,0,
CC1=CN=CC1,6,0,,0,
CC1=CN=NC1,6,0,,0,
CC1=CNC1=N,6,0,,0,
CC1=CNC1=O,6,0,,0,
CC1=CNC1C,6,0,,0,
CC1=CNC1N,6,0,,0,
CC1=CNC1O,6,0,,0,
CC1=CNCC1,6,0,,0,
CC1=CNCN1,6,0,,0,
CC1=CNCO1,6,0,,0,
CC1=CNNC1,6,0,,0,
CC1=CNNN1,6,0,,0,
CC1=CNNO1,6,0,,0,
CC1=CNOC1,6,0,,0,
CC1=CNON1,6,0,,0,
CC1=CNOO1,6,0,,0,
CC1=COC1=N,6,0,,0,
CC1=COC1=O,6,0,,0,
CC1=COC1C,6,0,,0,
CC1=COC1N,6,0,,0,
CC1=COC1O,6,0,,0,
CC1=COCC1,6,0,,0,
CC1=COCN1,6,0,,0,
CC1=COCO1,6,0,,0,
CC1=CONC1,6,0,,0,
CC1=CONN1,6,0,,0,
CC1=CONO1,6,0,,0,
CC1=COOC1,6,0,,0,
CC1=COON1,6,0,,0,
CC1=COOO1,6,0,,0,
CC1=NC#CC1,6,0,,0,
CC1=NC(=N)C1,6,0,,0,
CC1=NC(=N)N1,6,0,,0,
CC1=NC(=N)O1,6,0,,0,
CC1=NC(=O)C1,6,0,,0,
CC1=NC(=O)N1,6,0,,0,
CC1=NC(=O)O1,6,0,,0,
CC1=NC(C)=N1,6,0,,0,
CC1=NC(C)C1,6,0,,0,
CC1=NC(C)N1,6,0,,0,
CC1=NC(C)O1,6,0,,0,
CC1=NC(N)=C1,6,0,,0,
CC1=NC(N)=N1,6,0,,0,
CC1=NC(N)C1,6,0,,0,
CC1=NC(N)N1,6,0,,0,
CC1=NC(N)O1,6,0,,0,
CC1=NC(O)=C1,6,0,,0,
CC1=NC(O)=N1,6,0,,0,
CC1=NC(O)C1,6,0,,0,
CC1=NC(O)N1,6,0,,0,
CC1=NC(O)O1,6,0,,0,
CC1=NC1(C)C,6,0,,0,
CC1=NC1(C)N,6,0,,0,
CC1=NC1(C)O,6,0,,0,
CC1=NC1(N)N,6,0,,0,
CC1=NC1(N)O,6,0,,0,
CC1=NC1(O)O,6,0,,0,
CC1=NC12C#C2,6,0,,0,
CC1=NC12C=C2,6,0,,0,
CC1=NC12C=N2,6,0,,0,
CC1=NC12CC2,6,0,,0,
CC1=NC12CN2,6,0,,0,
CC1=NC12CO2,6,0,,0,
CC1=NC12N=N2,6,0,,0,
CC1=NC12NN2,6,0,,0,
CC1=NC12NO2,6,0,,0,
CC1=NC12OO2,6,0,,0,
CC1=NC1=C=N,6,0,,0,
CC1=NC1=C=O,6,0,,0,
CC1=NC1=CN,6,0,,0,
CC1=NC1=CO,6,0,,0,
CC1=NC1C#N,6,0,,0,
CC1=NC1C=N,6,0,,0,
CC1=NC1C=O,6,0,,0,
CC1=NC1CN,6,0,,0,
CC1=NC1CO,6,0,,0,
CC1=NC1N=N,6,0,,0,
CC1=NC1N=O,6,0,,0,
CC1=NC1NN,6,0,,0,
CC1=NC1NO,6,0,,0,
CC1=NC1ON,6,0,,0,
CC1=NC1OO,6,0,,0,
CC1=NC2=C1C2,6,0,,0,
CC1=NC2=C=C21,6,0,,0,
CC1=NC2=CC21,6,0,,0,
CC1=NC2=NC12,6,0,,0,
CC1=NC2C=C12,6,0,,0,
CC1=NC2CC12,6,0,,0,
CC1=NC2CN12,6,0,,0,
CC1=NC2N=C12,6,0,,0,
CC1=NC2NC12,6,0,,0,
CC1=NC2NN12,6,0,,0,
CC1=NC2OC12,6,0,,0,
CC1=NC2ON12,6,0,,0,
CC1=NC=C1N,6,0,,0,
CC1=NC=C1O,6,0,,0,
CC1=NC=C=C1,6,0,,0,
CC1=NC=C=N1,6,0,,0,
CC1=NC=CC1,6,0,,0,
CC1=NC=NC1,6,0,,0,
CC1=NCC#C1,6,0,,0,
CC1=NCC1=N,6,0,,0,
CC1=NCC1=O,6,0,,0,
CC1=NCC1C,6,0,,0,
CC1=NCC1N,6,0,,0,
CC1=NCC1O,6,0,,0,
CC1=NCC=C1,6,0,,0,
CC1=NCC=N1,6,0,,0,
CC1=NCCC1,6,0,,0,
CC1=NCCN1,6,0,,0,
CC1=NCCO1,6,0,,0,
CC1=NCN1C,6,0,,0,
CC1=NCN1N,6,0,,0,
CC1=NCN1O,6,0,,0,
CC1=NCN=C1,6,0,,0,
CC1=NCN=N1,6,0,,0,
CC1=NCNC1,6,0,,0,
CC1=NCNN1,6,0,,0,
CC1=NCNO1,6,0,,0,
CC1=NCOC1,6,0,,0,
CC1=NCON1,6,0,,0,
CC1=NCOO1,6,0,,0,
CC1=NN(C)C1,6,0,,0,
CC1=NN(N)C1,6,0,,0,
CC1=NN(O)C1,6,0,,0,
CC1=NN1C#N,6,0,,0,
CC1=NN1C=N,6,0,,0,
CC1=NN1C=O,6,0,,0,
CC1=NN1CN,6,0,,0,
CC1=NN1CO,6,0,,0,
CC1=NN1N=N,6,0,,0,
CC1=NN1N=O,6,0,,0,
CC1=NN1NN,6,0,,0,
CC1=NN1NO,6,0,,0,
CC1=NN1ON,6,0,,0,
CC1=NN1OO,6,0,,0,
CC1=NN2CC12,6,0,,0,
CC1=NN2NC12,6,0,,0,
CC1=NN2OC12,6,0,,0,
CC1=NN=C1C,6,0,,0,
CC1=NN=C1N,6,0,,0,
CC1=NN=C1O,6,0,,0,
CC1=NN=C=C1,6,0,,0,
CC1=NN=C=N1,6,0,,0,
CC1=NN=CC1,6,0,,0,
CC1=NN=NC1,6,0,,0,
CC1=NNC1=N,6,0,,0,
CC1=NNC1=O,6,0,,0,
CC1=NNC1C,6,0,,0,
CC1=NNC1N,6,0,,0,
CC1=NNC1O,6,0,,0,
CC1=NNCC1,6,0,,0,
CC1=NNCN1,6,0,,0,
CC1=NNCO1,6,0,,0,
CC1=NNNC1,6,0,,0,
CC1=NNNN1,6,0,,0,
CC1=NNNO1,6,0,,0,
CC1=NNOC1,6,0,,0,
CC1=NNON1,6,0,,0,
CC1=NNOO1,6,0,,0,
CC1=NOC1=N,6,0,,0,
CC1=NOC1=O,6,0,,0,
CC1=NOC1C,6,0,,0,
CC1=NOC1N,6,0,,0,
CC1=NOC1O,6,0,,0,
CC1=NOCC1,6,0,,0,
CC1=NOCN1,6,0,,0,
CC1=NOCO1,6,0,,0,
CC1=NONC1,6,0,,0,
CC1=NONN1,6,0,,0,
CC1=NONO1,6,0,,0,
CC1=NOOC1,6,0,,0,
CC1=NOON1,6,0,,0,
CC1=NOOO1,6,0,,0,
CC1C#CC#C1,6,0,,0,
CC1C#CC1=N,6,0,,0,
CC1C#CC1=O,6,0,,0,
CC1C#CC1C,6,0,,0,
CC1C#CC1N,6,0,,0,
CC1C#CC1O,6,0,,0,
CC1C#CC=C1,6,0,,0,
CC1C#CC=N1,6,0,,0,
CC1C#CCC1,6,0,,0,
CC1C#CCN1,6,0,,0,
CC1C#CCO1,6,0,,0,
CC1C#CN1C,6,0,,0,
CC1C#CN1N,6,0,,0,
CC1C#CN1O,6,0,,0,
CC1C#CN=C1,6,0,,0,
CC1C#CN=N1,6,0,,0,
CC1C#CNC1,6,0,,0,
CC1C#CNN1,6,0,,0,
CC1C#CNO1,6,0,,0,
CC1C#COC1,6,0,,0,
CC1C#CON1,6,0,,0,
CC1C#COO1,6,0,,0,
CC1C(=N)C1=N,6,0,,0,
CC1C(=N)C1=O,6,0,,0,
CC1C(=N)C1C,6,0,,0,
CC1C(=N)C1N,6,0,,0,
CC1C(=N)C1O,6,0,,0,
CC1C(=N)N1C,6,0,,0,
CC1C(=N)N1N,6,0,,0,
CC1C(=N)N1O,6,0,,0,
CC1C(=O)C1=O,6,0,,0,
CC1C(=O)C1C,6,0,,0,
CC1C(=O)C1N,6,0,,0,
CC1C(=O)C1O,6,0,,0,
CC1C(=O)N1C,6,0,,0,
CC1C(=O)N1N,6,0,,0,
CC1C(=O)N1O,6,0,,0,
CC1C(C)C1C,6,0,,0,
CC1C(C)C1N,6,0,,0,
CC1C(C)C1O,6,0,,0,
CC1C(C)N1C,6,0,,0,
CC1C(C)N1N,6,0,,0,
CC1C(C)N1O,6,0,,0,
CC1C(N)=C1N,6,0,,0,
CC1C(N)=C1O,6,0,,0,
CC1C(N)C1N,6,0,,0,
CC1C(N)C1O,6,0,,0,
CC1C(N)N1C,6,0,,0,
CC1C(N)N1N,6,0,,0,
CC1C(N)N1O,6,0,,0,
CC1C(O)=C1O,6,0,,0,
CC1C(O)C1O,6,0,,0,
CC1C(O)N1C,6,0,,0,
CC1C(O)N1N,6,0,,0,
CC1C(O)N1O,6,0,,0,
CC1C23C4=C2C413,6,0,,0,
CC1C23C4C2C143,6,0,,0,
CC1C23C4N2C143,6,0,,0,
CC1C23CC12C3,6,0,,0,
CC1C23CC12N3,6,0,,0,
CC1C23CC12O3,6,0,,0,
CC1C23N4N2C143,6,0,,0,
CC1C23NC12N3,6,0,,0,
CC1C23NC12O3,6,0,,0,
CC1C23OC12O3,6,0,,0,
CC1C2=C(N)C21,6,0,,0,
CC1C2=C(N)N21,6,0,,0,
CC1C2=C(O)C21,6,0,,0,
CC1C2=C(O)N21,6,0,,0,
CC1C2=C1C#C2,6,0,,0,
CC1C2=C1C2C,6,0,,0,
CC1C2=C1C2N,6,0,,0,
CC1C2=C1C2O,6,0,,0,
CC1C2=C1C=C2,6,0,,0,
CC1C2=C1CC2,6,0,,0,
CC1C2=C1N2C,6,0,,0,
CC1C2=C1N2N,6,0,,0,
CC1C2=C1N2O,6,0,,0,
CC1C2=C1N=C2,6,0,,0,
CC1C2=C1N=N2,6,0,,0,
CC1C2=C1NC2,6,0,,0,
CC1C2=C1OC2,6,0,,0,
CC1C2=C3C1N23,6,0,,0,
CC1C2=C3C2=C31,6,0,,0,
CC1C2=C3C2C31,6,0,,0,
CC1C2=C3C2N31,6,0,,0,
CC1C2=C3CC321,6,0,,0,
CC1C2=C3NC321,6,0,,0,
CC1C2=C3OC321,6,0,,0,
CC1C2=C=C1C2,6,0,,0,
CC1C2=C=C1N2,6,0,,0,
CC1C2=C=C1O2,6,0,,0,
CC1C2=C=C=C21,6,0,,0,
CC1C2=C=CC21,6,0,,0,
CC1C2=C=CN21,6,0,,0,
CC1C2=C=NC21,6,0,,0,
CC1C2=C=NN21,6,0,,0,
CC1C2=CC1=C2,6,0,,0,
CC1C2=CC1=N2,6,0,,0,
CC1C2=CC1C2,6,0,,0,
CC1C2=CC1N2,6,0,,0,
CC1C2=CC1O2,6,0,,0,
CC1C2=CC21C,6,0,,0,
CC1C2=CC21N,6,0,,0,
CC1C2=CC21O,6,0,,0,
CC1C2=CC=C21,6,0,,0,
CC1C2=CCC21,6,0,,0,
CC1C2=CCN21,6,0,,0,
CC1C2=CN1C2,6,0,,0,
CC1C2=CN=C21,6,0,,0,
CC1C2=CNC21,6,0,,0,
CC1C2=COC21,6,0,,0,
CC1C2=NC1=N2,6,0,,0,
CC1C2=NC1C2,6,0,,0,
CC1C2=NC1N2,6,0,,0,
CC1C2=NC1O2,6,0,,0,
CC1C2=NC21C,6,0,,0,
CC1C2=NC21N,6,0,,0,
CC1C2=NC21O,6,0,,0,
CC1C2=NCC21,6,0,,0,
CC1C2=NCN21,6,0,,0,
CC1C2=NN1C2,6,0,,0,
CC1C2=NN=C21,6,0,,0,
CC1C2=NNC21,6,0,,0,
CC1C2=NOC21,6,0,,0,
CC1C2C#CC12,6,0,,0,
CC1C2C#CN12,6,0,,0,
CC1C2C(=N)C12,6,0,,0,
CC1C2C(=N)N12,6,0,,0,
CC1C2C(=O)C12,6,0,,0,
CC1C2C(=O)N12,6,0,,0,
CC1C2C(C)C12,6,0,,0,
CC1C2C(C)N12,6,0,,0,
CC1C2C(N)C12,6,0,,0,
CC1C2C(N)N12,6,0,,0,
CC1C2C(O)C12,6,0,,0,
CC1C2C(O)N12,6,0,,0,
CC1C2C1N2C,6,0,,0,
CC1C2C1N2N,6,0,,0,
CC1C2C1N2O,6,0,,0,
CC1C2C3=C2C31,6,0,,0,
CC1C2C3=C2N31,6,0,,0,
CC1C2C3=CC312,6,0,,0,
CC1C2C3=NC312,6,0,,0,
CC1C2C3C1C23,6,0,,0,
CC1C2C3C1N23,6,0,,0,
CC1C2C3C2N13,6,0,,0,
CC1C2C3CC132,6,0,,0,
CC1C2C3N1N23,6,0,,0,
CC1C2C3NC132,6,0,,0,
CC1C2C3OC132,6,0,,0,
CC1C2C=CC12,6,0,,0,
CC1C2C=CN12,6,0,,0,
CC1C2C=NC12,6,0,,0,
CC1C2C=NN12,6,0,,0,
CC1C2CC12C,6,0,,0,
CC1C2CC12N,6,0,,0,
CC1C2CC12O,6,0,,0,
CC1C2CC1C2,6,0,,0,
CC1C2CC1N2,6,0,,0,
CC1C2CC1O2,6,0,,0,
CC1C2CCC12,6,0,,0,
CC1C2CCN12,6,0,,0,
CC1C2CN1C2,6,0,,0,
CC1C2CN1N2,6,0,,0,
CC1C2CN1O2,6,0,,0,
CC1C2CNC12,6,0,,0,
CC1C2CNN12,6,0,,0,
CC1C2COC12,6,0,,0,
CC1C2CON12,6,0,,0,
CC1C2N(C)N12,6,0,,0,
CC1C2N(N)N12,6,0,,0,
CC1C2N(O)N12,6,0,,0,
CC1C2N3C1N23,6,0,,0,
CC1C2N3CC123,6,0,,0,
CC1C2N3NC123,6,0,,0,
CC1C2N3OC123,6,0,,0,
CC1C2N=CN12,6,0,,0,
CC1C2N=NC12,6,0,,0,
CC1C2N=NN12,6,0,,0,
CC1C2NC12C,6,0,,0,
CC1C2NC12N,6,0,,0,
CC1C2NC12O,6,0,,0,
CC1C2NC1N2,6,0,,0,
CC1C2NC1O2,6,0,,0,
CC1C2NCN12,6,0,,0,
CC1C2NN1N2,6,0,,0,
CC1C2NN1O2,6,0,,0,
CC1C2NNC12,6,0,,0,
CC1C2NNN12,6,0,,0,
CC1C2NOC12,6,0,,0,
CC1C2NON12,6,0,,0,
CC1C2OC12C,6,0,,0,
CC1C2OC12N,6,0,,0,
CC1C2OC12O,6,0,,0,
CC1C2OC1O2,6,0,,0,
CC1C2OCN12,6,0,,0,
CC1C2ON1O2,6,0,,0,
CC1C2ONN12,6,0,,0,
CC1C2OOC12,6,0,,0,
CC1C2OON12,6,0,,0,
CC1C2n3n1n32,6,0,,0,
CC1C=C(N)C1,6,0,,0,
CC1C=C(N)N1,6,0,,0,
CC1C=C(N)O1,6,0,,0,
CC1C=C(O)C1,6,0,,0,
CC1C=C(O)N1,6,0,,0,
CC1C=C(O)O1,6,0,,0,
CC1C=C1C#N,6,0,,0,
CC1C=C1C=N,6,0,,0,
CC1C=C1C=O,6,0,,0,
CC1C=C1CN,6,0,,0,
CC1C=C1CO,6,0,,0,
CC1C=C1N=N,6,0,,0,
CC1C=C1N=O,6,0,,0,
CC1C=C1NN,6,0,,0,
CC1C=C1NO,6,0,,0,
CC1C=C1ON,6,0,,0,
CC1C=C1OO,6,0,,0,
CC1C=C2C=C21,6,0,,0,
CC1C=C2CC21,6,0,,0,
CC1C=C2CN21,6,0,,0,
CC1C=C2N=C21,6,0,,0,
CC1C=C2NC21,6,0,,0,
CC1C=C2NN21,6,0,,0,
CC1C=C2OC21,6,0,,0,
CC1C=C2ON21,6,0,,0,
CC1C=C=C1N,6,0,,0,
CC1C=C=C1O,6,0,,0,
CC1C=C=C=C1,6,0,,0,
CC1C=C=C=N1,6,0,,0,
CC1C=C=CC1,6,0,,0,
CC1C=C=CN1,6,0,,0,
CC1C=C=CO1,6,0,,0,
CC1C=C=NC1,6,0,,0,
CC1C=C=NN1,6,0,,0,
CC1C=C=NO1,6,0,,0,
CC1C=CC1=N,6,0,,0,
CC1C=CC1=O,6,0,,0,
CC1C=CC1C,6,0,,0,
CC1C=CC1N,6,0,,0,
CC1C=CC1O,6,0,,0,
CC1C=CC=C1,6,0,,0,
CC1C=CC=N1,6,0,,0,
CC1C=CCC1,6,0,,0,
CC1C=CCN1,6,0,,0,
CC1C=CCO1,6,0,,0,
CC1C=CN1C,6,0,,0,
CC1C=CN1N,6,0,,0,
CC1C=CN1O,6,0,,0,
CC1C=CN=C1,6,0,,0,
CC1C=CN=N1,6,0,,0,
CC1C=CNC1,6,0,,0,
CC1C=CNN1,6,0,,0,
CC1C=CNO1,6,0,,0,
CC1C=COC1,6,0,,0,
CC1C=CON1,6,0,,0,
CC1C=COO1,6,0,,0,
CC1C=NC1=N,6,0,,0,
CC1C=NC1=O,6,0,,0,
CC1C=NC1C,6,0,,0,
CC1C=NC1N,6,0,,0,
CC1C=NC1O,6,0,,0,
CC1C=NC=N1,6,0,,0,
CC1C=NCC1,6,0,,0,
CC1C=NCN1,6,0,,0,
CC1C=NCO1,6,0,,0,
CC1C=NN1C,6,0,,0,
CC1C=NN1N,6,0,,0,
CC1C=NN1O,6,0,,0,
CC1C=NN=C1,6,0,,0,
CC1C=NN=N1,6,0,,0,
CC1C=NNC1,6,0,,0,
CC1C=NNN1,6,0,,0,
CC1C=NNO1,6,0,,0,
CC1C=NOC1,6,0,,0,
CC1C=NON1,6,0,,0,
CC1C=NOO1,6,0,,0,
CC1CC#CC1,6,0,,0,
CC1CC#CN1,6,0,,0,
CC1CC#CO1,6,0,,0,
CC1CC(=N)C1,6,0,,0,
CC1CC(=N)N1,6,0,,0,
CC1CC(=N)O1,6,0,,0,
CC1CC(=O)C1,6,0,,0,
CC1CC(=O)N1,6,0,,0,
CC1CC(=O)O1,6,0,,0,
CC1CC(C)C1,6,0,,0,
CC1CC(C)N1,6,0,,0,
CC1CC(C)O1,6,0,,0,
CC1CC(N)=N1,6,0,,0,
CC1CC(N)C1,6,0,,0,
CC1CC(N)N1,6,0,,0,
CC1CC(N)O1,6,0,,0,
CC1CC(O)=N1,6,0,,0,
CC1CC(O)C1,6,0,,0,
CC1CC(O)N1,6,0,,0,
CC1CC(O)O1,6,0,,0,
CC1CC1(C)C,6,0,,0,
CC1CC1(C)N,6,0,,0,
CC1CC1(C)O,6,0,,0,
CC1CC1(N)N,6,0,,0,
CC1CC1(N)O,6,0,,0,
CC1CC1(O)O,6,0,,0,
CC1CC12C#C2,6,0,,0,
CC1CC12C=C2,6,0,,0,
CC1CC12C=N2,6,0,,0,
CC1CC12CC2,6,0,,0,
CC1CC12CN2,6,0,,0,
CC1CC12CO2,6,0,,0,
CC1CC12N=N2,6,0,,0,
CC1CC12NN2,6,0,,0,
CC1CC12NO2,6,0,,0,
CC1CC12OO2,6,0,,0,
CC1CC1=C=N,6,0,,0,
CC1CC1=C=O,6,0,,0,
CC1CC1=CN,6,0,,0,
CC1CC1=CO,6,0,,0,
CC1CC1=NN,6,0,,0,
CC1CC1=NO,6,0,,0,
CC1CC1C#N,6,0,,0,
CC1CC1C=N,6,0,,0,
CC1CC1C=O,6,0,,0,
CC1CC1CN,6,0,,0,
CC1CC1CO,6,0,,0,
CC1CC1N=N,6,0,,0,
CC1CC1N=O,6,0,,0,
CC1CC1NN,6,0,,0,
CC1CC1NO,6,0,,0,
CC1CC1ON,6,0,,0,
CC1CC1OO,6,0,,0,
CC1CC2=C1C2,6,0,,0,
CC1CC2=C1N2,6,0,,0,
CC1CC2=C1O2,6,0,,0,
CC1CC2=C=C21,6,0,,0,
CC1CC2=CC21,6,0,,0,
CC1CC2=CN21,6,0,,0,
CC1CC2=NC21,6,0,,0,
CC1CC2=NN21,6,0,,0,
CC1CC2C=C12,6,0,,0,
CC1CC2CC12,6,0,,0,
CC1CC2CN12,6,0,,0,
CC1CC2N=C12,6,0,,0,
CC1CC2NC12,6,0,,0,
CC1CC2NN12,6,0,,0,
CC1CC2OC12,6,0,,0,
CC1CC2ON12,6,0,,0,
CC1CC=C1N,6,0,,0,
CC1CC=C1O,6,0,,0,
CC1CC=C=N1,6,0,,0,
CC1CC=CC1,6,0,,0,
CC1CC=CN1,6,0,,0,
CC1CC=CO1,6,0,,0,
CC1CC=NC1,6,0,,0,
CC1CC=NN1,6,0,,0,
CC1CC=NO1,6,0,,0,
CC1CCC1=N,6,0,,0,
CC1CCC1=O,6,0,,0,
CC1CCC1C,6,0,,0,
CC1CCC1N,6,0,,0,
CC1CCC1O,6,0,,0,
CC1CCC=N1,6,0,,0,
CC1CCCC1,6,0,,0,
CC1CCCN1,6,0,,0,
CC1CCCO1,6,0,,0,
CC1CCN1C,6,0,,0,
CC1CCN1N,6,0,,0,
CC1CCN1O,6,0,,0,
CC1CCN=N1,6,0,,0,
CC1CCNC1,6,0,,0,
CC1CCNN1,6,0,,0,
CC1CCNO1,6,0,,0,
CC1CCOC1,6,0,,0,
CC1CCON1,6,0,,0,
CC1CCOO1,6,0,,0,
CC1CN(C)C1,6,0,,0,
CC1CN(C)N1,6,0,,0,
CC1CN(C)O1,6,0,,0,
CC1CN(N)C1,6,0,,0,
CC1CN(N)N1,6,0,,0,
CC1CN(N)O1,6,0,,0,
CC1CN(O)C1,6,0,,0,
CC1CN(O)N1,6,0,,0,
CC1CN(O)O1,6,0,,0,
CC1CN1C#N,6,0,,0,
CC1CN1C=N,6,0,,0,
CC1CN1C=O,6,0,,0,
CC1CN1CN,6,0,,0,
CC1CN1CO,6,0,,0,
CC1CN1N=N,6,0,,0,
CC1CN1N=O,6,0,,0,
CC1CN1NN,6,0,,0,
CC1CN1NO,6,0,,0,
CC1CN1ON,6,0,,0,
CC1CN1OO,6,0,,0,
CC1CN2C=C12,6,0,,0,
CC1CN2CC12,6,0,,0,
CC1CN2CN12,6,0,,0,
CC1CN2N=C12,6,0,,0,
CC1CN2NC12,6,0,,0,
CC1CN2OC12,6,0,,0,
CC1CN=C1N,6,0,,0,
CC1CN=C1O,6,0,,0,
CC1CN=C=N1,6,0,,0,
CC1CN=CN1,6,0,,0,
CC1CN=CO1,6,0,,0,
CC1CN=NC1,6,0,,0,
CC1CN=NN1,6,0,,0,
CC1CN=NO1,6,0,,0,
CC1CNC1=N,6,0,,0,
CC1CNC1=O,6,0,,0,
CC1CNC1C,6,0,,0,
CC1CNC1N,6,0,,0,
CC1CNC1O,6,0,,0,
CC1CNC=N1,6,0,,0,
CC1CNCN1,6,0,,0,
CC1CNCO1,6,0,,0,
CC1CNN1C,6,0,,0,
CC1CNN1N,6,0,,0,
CC1CNN1O,6,0,,0,
CC1CNN=N1,6,0,,0,
CC1CNNC1,6,0,,0,
CC1CNNN1,6,0,,0,
CC1CNNO1,6,0,,0,
CC1CNOC1,6,0,,0,
CC1CNON1,6,0,,0,
CC1CNOO1,6,0,,0,
CC1COC1=N,6,0,,0,
CC1COC1=O,6,0,,0,
CC1COC1C,6,0,,0,
CC1COC1N,6,0,,0,
CC1COC1O,6,0,,0,
CC1COC=N1,6,0,,0,
CC1COCN1,6,0,,0,
CC1COCO1,6,0,,0,
CC1CON1C,6,0,,0,
CC1CON1N,6,0,,0,
CC1CON1O,6,0,,0,
CC1CON=N1,6,0,,0,
CC1CONN1,6,0,,0,
CC1CONO1,6,0,,0,
CC1COOC1,6,0,,0,
CC1COON1,6,0,,0,
CC1COOO1,6,0,,0,
CC1Cn2[nH]n21,6,0,,0,
CC1Cn2on21,6,0,,0,
CC1N(C)N1C,6,0,,0,
CC1N(C)N1N,6,0,,0,
CC1N(C)N1O,6,0,,0,
CC1N(N)N1N,6,0,,0,
CC1N(N)N1O,6,0,,0,
CC1N(O)N1O,6,0,,0,
CC1N2C(=N)N12,6,0,,0,
CC1N2C(=O)N12,6,0,,0,
CC1N2C(C)N12,6,0,,0,
CC1N2C(N)N12,6,0,,0,
CC1N2C(O)N12,6,0,,0,
CC1N2C3=CC312,6,0,,0,
CC1N2C3=NC312,6,0,,0,
CC1N2C3C2N13,6,0,,0,
CC1N2C3CC132,6,0,,0,
CC1N2C3N1N32,6,0,,0,
CC1N2C3NC132,6,0,,0,
CC1N2C3OC132,6,0,,0,
CC1N2CC12C,6,0,,0,
CC1N2CC12N,6,0,,0,
CC1N2CC12O,6,0,,0,
CC1N2CCN12,6,0,,0,
CC1N2CN1C2,6,0,,0,
CC1N2CN1N2,6,0,,0,
CC1N2CN1O2,6,0,,0,
CC1N2CNN12,6,0,,0,
CC1N2CON12,6,0,,0,
CC1N2N3CC132,6,0,,0,
CC1N2N3NC132,6,0,,0,
CC1N2N3OC132,6,0,,0,
CC1N2NC12C,6,0,,0,
CC1N2NC12N,6,0,,0,
CC1N2NC12O,6,0,,0,
CC1N2NN1N2,6,0,,0,
CC1N2NN1O2,6,0,,0,
CC1N2NNN12,6,0,,0,
CC1N2NON12,6,0,,0,
CC1N2OC12C,6,0,,0,
CC1N2OC12N,6,0,,0,
CC1N2OC12O,6,0,,0,
CC1N2ON1O2,6,0,,0,
CC1N2OON12,6,0,,0,
CC1N=C(N)N1,6,0,,0,
CC1N=C(N)O1,6,0,,0,
CC1N=C(O)N1,6,0,,0,
CC1N=C(O)O1,6,0,,0,
CC1N=C1C#N,6,0,,0,
CC1N=C1C=N,6,0,,0,
CC1N=C1C=O,6,0,,0,
CC1N=C1CN,6,0,,0,
CC1N=C1CO,6,0,,0,
CC1N=C1N=N,6,0,,0,
CC1N=C1N=O,6,0,,0,
CC1N=C1NN,6,0,,0,
CC1N=C1NO,6,0,,0,
CC1N=C1ON,6,0,,0,
CC1N=C1OO,6,0,,0,
CC1N=C2C=C21,6,0,,0,
CC1N=C2CC21,6,0,,0,
CC1N=C2CN21,6,0,,0,
CC1N=C2N=C21,6,0,,0,
CC1N=C2NC21,6,0,,0,
CC1N=C2NN21,6,0,,0,
CC1N=C2OC21,6,0,,0,
CC1N=C2ON21,6,0,,0,
CC1N=C=C1N,6,0,,0,
CC1N=C=C1O,6,0,,0,
CC1N=C=C=N1,6,0,,0,
CC1N=C=CN1,6,0,,0,
CC1N=C=CO1,6,0,,0,
CC1N=C=NN1,6,0,,0,
CC1N=C=NO1,6,0,,0,
CC1N=CC1=N,6,0,,0,
CC1N=CC1=O,6,0,,0,
CC1N=CC1N,6,0,,0,
CC1N=CC1O,6,0,,0,
CC1N=CC=N1,6,0,,0,
CC1N=CCN1,6,0,,0,
CC1N=CCO1,6,0,,0,
CC1N=CN1C,6,0,,0,
CC1N=CN1N,6,0,,0,
CC1N=CN1O,6,0,,0,
CC1N=CN=N1,6,0,,0,
CC1N=CNN1,6,0,,0,
CC1N=CNO1,6,0,,0,
CC1N=CON1,6,0,,0,
CC1N=COO1,6,0,,0,
CC1N=NC1=N,6,0,,0,
CC1N=NC1=O,6,0,,0,
CC1N=NC1C,6,0,,0,
CC1N=NC1N,6,0,,0,
CC1N=NC1O,6,0,,0,
CC1N=NCN1,6,0,,0,
CC1N=NCO1,6,0,,0,
CC1N=NN1C,6,0,,0,
CC1N=NN1N,6,0,,0,
CC1N=NN1O,6,0,,0,
CC1N=NN=N1,6,0,,0,
CC1N=NNN1,6,0,,0,
CC1N=NNO1,6,0,,0,
CC1N=NON1,6,0,,0,
CC1N=NOO1,6,0,,0,
CC1NC#CN1,6,0,,0,
CC1NC#CO1,6,0,,0,
CC1NC(=N)N1,6,0,,0,
CC1NC(=N)O1,6,0,,0,
CC1NC(=O)N1,6,0,,0,
CC1NC(=O)O1,6,0,,0,
CC1NC(C)N1,6,0,,0,
CC1NC(C)O1,6,0,,0,
CC1NC(N)N1,6,0,,0,
CC1NC(N)O1,6,0,,0,
CC1NC(O)N1,6,0,,0,
CC1NC(O)O1,6,0,,0,
CC1NC1(C)C,6,0,,0,
CC1NC1(C)N,6,0,,0,
CC1NC1(C)O,6,0,,0,
CC1NC1(N)N,6,0,,0,
CC1NC1(N)O,6,0,,0,
CC1NC1(O)O,6,0,,0,
CC1NC12C#C2,6,0,,0,
CC1NC12C=C2,6,0,,0,
CC1NC12C=N2,6,0,,0,
CC1NC12CC2,6,0,,0,
CC1NC12CN2,6,0,,0,
CC1NC12CO2,6,0,,0,
CC1NC12N=N2,6,0,,0,
CC1NC12NN2,6,0,,0,
CC1NC12NO2,6,0,,0,
CC1NC12OO2,6,0,,0,
CC1NC1=C=N,6,0,,0,
CC1NC1=C=O,6,0,,0,
CC1NC1=CN,6,0,,0,
CC1NC1=CO,6,0,,0,
CC1NC1=NN,6,0,,0,
CC1NC1=NO,6,0,,0,
CC1NC1C#N,6,0,,0,
CC1NC1C=N,6,0,,0,
CC1NC1C=O,6,0,,0,
CC1NC1CN,6,0,,0,
CC1NC1CO,6,0,,0,
CC1NC1N=N,6,0,,0,
CC1NC1N=O,6,0,,0,
CC1NC1NN,6,0,,0,
CC1NC1NO,6,0,,0,
CC1NC1ON,6,0,,0,
CC1NC1OO,6,0,,0,
CC1NC2=C1C2,6,0,,0,
CC1NC2=C1N2,6,0,,0,
CC1NC2=C1O2,6,0,,0,
CC1NC2=C=C21,6,0,,0,
CC1NC2=CC21,6,0,,0,
CC1NC2=CN21,6,0,,0,
CC1NC2=NC21,6,0,,0,
CC1NC2=NN21,6,0,,0,
CC1NC2C=C12,6,0,,0,
CC1NC2CC12,6,0,,0,
CC1NC2CN12,6,0,,0,
CC1NC2N=C12,6,0,,0,
CC1NC2NC12,6,0,,0,
CC1NC2NN12,6,0,,0,
CC1NC2OC12,6,0,,0,
CC1NC2ON12,6,0,,0,
CC1NC=C1N,6,0,,0,
CC1NC=C1O,6,0,,0,
CC1NC=CN1,6,0,,0,
CC1NC=CO1,6,0,,0,
CC1NC=NN1,6,0,,0,
CC1NC=NO1,6,0,,0,
CC1NCC1=N,6,0,,0,
CC1NCC1=O,6,0,,0,
CC1NCC1N,6,0,,0,
CC1NCC1O,6,0,,0,
CC1NCCN1,6,0,,0,
CC1NCCO1,6,0,,0,
CC1NCN1C,6,0,,0,
CC1NCN1N,6,0,,0,
CC1NCN1O,6,0,,0,
CC1NCNN1,6,0,,0,
CC1NCNO1,6,0,,0,
CC1NCON1,6,0,,0,
CC1NCOO1,6,0,,0,
CC1NN(C)N1,6,0,,0,
CC1NN(C)O1,6,0,,0,
CC1NN(N)N1,6,0,,0,
CC1NN(N)O1,6,0,,0,
CC1NN(O)N1,6,0,,0,
CC1NN(O)O1,6,0,,0,
CC1NN1C#N,6,0,,0,
CC1NN1C=N,6,0,,0,
CC1NN1C=O,6,0,,0,
CC1NN1CN,6,0,,0,
CC1NN1CO,6,0,,0,
CC1NN1N=N,6,0,,0,
CC1NN1N=O,6,0,,0,
CC1NN1NN,6,0,,0,
CC1NN1NO,6,0,,0,
CC1NN1ON,6,0,,0,
CC1NN1OO,6,0,,0,
CC1NN2C=C12,6,0,,0,
CC1NN2CC12,6,0,,0,
CC1NN2CN12,6,0,,0,
CC1NN2N=C12,6,0,,0,
CC1NN2NC12,6,0,,0,
CC1NN2OC12,6,0,,0,
CC1NN=C1N,6,0,,0,
CC1NN=C1O,6,0,,0,
CC1NN=CO1,6,0,,0,
CC1NN=NN1,6,0,,0,
CC1NN=NO1,6,0,,0,
CC1NNC1=N,6,0,,0,
CC1NNC1=O,6,0,,0,
CC1NNC1C,6,0,,0,
CC1NNC1N,6,0,,0,
CC1NNC1O,6,0,,0,
CC1NNCO1,6,0,,0,
CC1NNN1C,6,0,,0,
CC1NNN1N,6,0,,0,
CC1NNN1O,6,0,,0,
CC1NNNN1,6,0,,0,
CC1NNNO1,6,0,,0,
CC1NNON1,6,0,,0,
CC1NNOO1,6,0,,0,
CC1NOC1=N,6,0,,0,
CC1NOC1=O,6,0,,0,
CC1NOC1C,6,0,,0,
CC1NOC1N,6,0,,0,
CC1NOC1O,6,0,,0,
CC1NOCO1,6,0,,0,
CC1NON1C,6,0,,0,
CC1NON1N,6,0,,0,
CC1NON1O,6,0,,0,
CC1NONO1,6,0,,0,
CC1NOON1,6,0,,0,
CC1NOOO1,6,0,,0,
CC1Nn2[nH]n21,6,0,,0,
CC1Nn2on21,6,0,,0,
CC1OC#CO1,6,0,,0,
CC1OC(=N)O1,6,0,,0,
CC1OC(=O)O1,6,0,,0,
CC1OC(C)O1,6,0,,0,
CC1OC(N)O1,6,0,,0,
CC1OC(O)O1,6,0,,0,
CC1OC1(C)C,6,0,,0,
CC1OC1(C)N,6,0,,0,
CC1OC1(C)O,6,0,,0,
CC1OC1(N)N,6,0,,0,
CC1OC1(N)O,6,0,,0,
CC1OC1(O)O,6,0,,0,
CC1OC12C#C2,6,0,,0,
CC1OC12C=C2,6,0,,0,
CC1OC12C=N2,6,0,,0,
CC1OC12CC2,6,0,,0,
CC1OC12CN2,6,0,,0,
CC1OC12CO2,6,0,,0,
CC1OC12N=N2,6,0,,0,
CC1OC12NN2,6,0,,0,
CC1OC12NO2,6,0,,0,
CC1OC12OO2,6,0,,0,
CC1OC1=C=N,6,0,,0,
CC1OC1=C=O,6,0,,0,
CC1OC1=CN,6,0,,0,
CC1OC1=CO,6,0,,0,
CC1OC1=NN,6,0,,0,
CC1OC1=NO,6,0,,0,
CC1OC1C#N,6,0,,0,
CC1OC1C=N,6,0,,0,
CC1OC1C=O,6,0,,0,
CC1OC1CN,6,0,,0,
CC1OC1CO,6,0,,0,
CC1OC1N=N,6,0,,0,
CC1OC1N=O,6,0,,0,
CC1OC1NN,6,0,,0,
CC1OC1NO,6,0,,0,
CC1OC1ON,6,0,,0,
CC1OC1OO,6,0,,0,
CC1OC2=C1C2,6,0,,0,
CC1OC2=C1N2,6,0,,0,
CC1OC2=C1O2,6,0,,0,
CC1OC2=C=C21,6,0,,0,
CC1OC2=CC21,6,0,,0,
CC1OC2=CN21,6,0,,0,
CC1OC2=NC21,6,0,,0,
CC1OC2=NN21,6,0,,0,
CC1OC2C=C12,6,0,,0,
CC1OC2CC12,6,0,,0,
CC1OC2CN12,6,0,,0,
CC1OC2N=C12,6,0,,0,
CC1OC2NC12,6,0,,0,
CC1OC2NN12,6,0,,0,
CC1OC2OC12,6,0,,0,
CC1OC2ON12,6,0,,0,
CC1OC=C1N,6,0,,0,
CC1OC=C1O,6,0,,0,
CC1OC=CO1,6,0,,0,
CC1OC=NO1,6,0,,0,
CC1OCC1=N,6,0,,0,
CC1OCC1=O,6,0,,0,
CC1OCC1N,6,0,,0,
CC1OCC1O,6,0,,0,
CC1OCCO1,6,0,,0,
CC1OCN1C,6,0,,0,
CC1OCN1N,6,0,,0,
CC1OCN1O,6,0,,0,
CC1OCNO1,6,0,,0,
CC1OCOO1,6,0,,0,
CC1ON(C)O1,6,0,,0,
CC1ON(N)O1,6,0,,0,
CC1ON(O)O1,6,0,,0,
CC1ON1C#N,6,0,,0,
CC1ON1C=N,6,0,,0,
CC1ON1C=O,6,0,,0,
CC1ON1CN,6,0,,0,
CC1ON1CO,6,0,,0,
CC1ON1N=N,6,0,,0,
CC1ON1N=O,6,0,,0,
CC1ON1NN,6,0,,0,
CC1ON1NO,6,0,,0,
CC1ON1ON,6,0,,0,
CC1ON1OO,6,0,,0,
CC1ON2C=C12,6,0,,0,
CC1ON2CC12,6,0,,0,
CC1ON2CN12,6,0,,0,
CC1ON2N=C12,6,0,,0,
CC1ON2NC12,6,0,,0,
CC1ON2OC12,6,0,,0,
CC1ON=C1N,6,0,,0,
CC1ON=C1O,6,0,,0,
CC1ON=NO1,6,0,,0,
CC1ONC1=N,6,0,,0,
CC1ONC1=O,6,0,,0,
CC1ONC1N,6,0,,0,
CC1ONC1O,6,0,,0,
CC1ONN1C,6,0,,0,
CC1ONN1N,6,0,,0,
CC1ONN1O,6,0,,0,
CC1ONNO1,6,0,,0,
CC1ONOO1,6,0,,0,
CC1OOC1=N,6,0,,0,
CC1OOC1=O,6,0,,0,
CC1OOC1C,6,0,,0,
CC1OOC1N,6,0,,0,
CC1OOC1O,6,0,,0,
CC1OON1C,6,0,,0,
CC1OON1N,6,0,,0,
CC1OON1O,6,0,,0,
CC1OOOO1,6,0,,0,
CC1On2[nH]n21,6,0,,0,
CC1On2on21,6,0,,0,
CC1c2[nH][nH]c21,6,0,,0,
CC1c2[nH]oc21,6,0,,0,
CC1c2c1c2=N,6,0,,0,
CC1c2c1c2=O,6,0,,0,
CC1c2c3n1n2-3,6,0,,0,
CC1c2c[nH]n21,6,0,,0,
CC1c2cn1[nH]2,6,0,,0,
CC1c2cn1o2,6,0,,0,
CC1c2con21,6,0,,0,
CC1c2n[nH]n21,6,0,,0,
CC1c2nn1[nH]2,6,0,,0,
CC1c2nn1o2,6,0,,0,
CC1c2non21,6,0,,0,
CC1c2ooc21,6,0,,0,
CC1n2c#cn21,6,0,,0,
CC1n2c3n1c2=3,6,0,,0,
CC1n2ccn21,6,0,,0,
CC1n2cnn21,6,0,,0,
CC1n2n(C)n21,6,0,,0,
CC1n2n(N)n21,6,0,,0,
CC1n2n(O)n21,6,0,,0,
CC1n2n3n1n23,6,0,,0,
CC1n2nnn21,6,0,,0,
CC=C(C)C#N,6,0,,0,
CC=C(C)C=N,6,0,,0,
CC=C(C)C=O,6,0,,0,
CC=C(C)CC,6,0,,0,
CC=C(C)CN,6,0,,0,
CC=C(C)CO,6,0,,0,
CC=C(C)N=N,6,0,,0,
CC=C(C)N=O,6,0,,0,
CC=C(C)NC,6,0,,0,
CC=C(C)NN,6,0,,0,
CC=C(C)NO,6,0,,0,
CC=C(C)OC,6,0,,0,
CC=C(C)ON,6,0,,0,
CC=C(C)OO,6,0,,0,
CC=C(N)C#N,6,0,,0,
CC=C(N)C=N,6,0,,0,
CC=C(N)C=O,6,0,,0,
CC=C(N)CC,6,0,,0,
CC=C(N)CN,6,0,,0,
CC=C(N)CO,6,0,,0,
CC=C(N)N=N,6,0,,0,
CC=C(N)N=O,6,0,,0,
CC=C(N)NC,6,0,,0,
CC=C(N)NN,6,0,,0,
CC=C(N)NO,6,0,,0,
CC=C(N)OC,6,0,,0,
CC=C(N)ON,6,0,,0,
CC=C(N)OO,6,0,,0,
CC=C(O)C#N,6,0,,0,
CC=C(O)C=N,6,0,,0,
CC=C(O)C=O,6,0,,0,
CC=C(O)CC,6,0,,0,
CC=C(O)CN,6,0,,0,
CC=C(O)CO,6,0,,0,
CC=C(O)N=N,6,0,,0,
CC=C(O)N=O,6,0,,0,
CC=C(O)NC,6,0,,0,
CC=C(O)NN,6,0,,0,
CC=C(O)NO,6,0,,0,
CC=C(O)OC,6,0,,0,
CC=C(O)ON,6,0,,0,
CC=C(O)OO,6,0,,0,
CC=C1C#CC1,6,0,,0,
CC=C1C#CN1,6,0,,0,
CC=C1C#CO1,6,0,,0,
CC=C1C2=C1C2,6,0,,0,
CC=C1C2=C1N2,6,0,,0,
CC=C1C2=C1O2,6,0,,0,
CC=C1C2=C=C21,6,0,,0,
CC=C1C2=CC12,6,0,,0,
CC=C1C2=CN12,6,0,,0,
CC=C1C2=NC12,6,0,,0,
CC=C1C2=NN12,6,0,,0,
CC=C1C2CC12,6,0,,0,
CC=C1C2CN12,6,0,,0,
CC=C1C2NC12,6,0,,0,
CC=C1C2NN12,6,0,,0,
CC=C1C2OC12,6,0,,0,
CC=C1C2ON12,6,0,,0,
CC=C1C=C1C,6,0,,0,
CC=C1C=C1N,6,0,,0,
CC=C1C=C1O,6,0,,0,
CC=C1C=C=C1,6,0,,0,
CC=C1C=C=N1,6,0,,0,
CC=C1C=CC1,6,0,,0,
CC=C1C=CN1,6,0,,0,
CC=C1C=CO1,6,0,,0,
CC=C1C=NC1,6,0,,0,
CC=C1C=NN1,6,0,,0,
CC=C1C=NO1,6,0,,0,
CC=C1CC1=N,6,0,,0,
CC=C1CC1=O,6,0,,0,
CC=C1CC1C,6,0,,0,
CC=C1CC1N,6,0,,0,
CC=C1CC1O,6,0,,0,
CC=C1CC=N1,6,0,,0,
CC=C1CCC1,6,0,,0,
CC=C1CCN1,6,0,,0,
CC=C1CCO1,6,0,,0,
CC=C1CN1C,6,0,,0,
CC=C1CN1N,6,0,,0,
CC=C1CN1O,6,0,,0,
CC=C1CN=N1,6,0,,0,
CC=C1CNC1,6,0,,0,
CC=C1CNN1,6,0,,0,
CC=C1CNO1,6,0,,0,
CC=C1COC1,6,0,,0,
CC=C1CON1,6,0,,0,
CC=C1COO1,6,0,,0,
CC=C1N2CN12,6,0,,0,
CC=C1N=C1C,6,0,,0,
CC=C1N=C1N,6,0,,0,
CC=C1N=C1O,6,0,,0,
CC=C1N=C=N1,6,0,,0,
CC=C1N=CN1,6,0,,0,
CC=C1N=CO1,6,0,,0,
CC=C1N=NN1,6,0,,0,
CC=C1N=NO1,6,0,,0,
CC=C1NC1=N,6,0,,0,
CC=C1NC1=O,6,0,,0,
CC=C1NC1C,6,0,,0,
CC=C1NC1N,6,0,,0,
CC=C1NC1O,6,0,,0,
CC=C1NCN1,6,0,,0,
CC=C1NCO1,6,0,,0,
CC=C1NN1C,6,0,,0,
CC=C1NN1N,6,0,,0,
CC=C1NN1O,6,0,,0,
CC=C1NNN1,6,0,,0,
CC=C1NNO1,6,0,,0,
CC=C1NON1,6,0,,0,
CC=C1NOO1,6,0,,0,
CC=C1OC1=N,6,0,,0,
CC=C1OC1=O,6,0,,0,
CC=C1OC1C,6,0,,0,
CC=C1OC1N,6,0,,0,
CC=C1OC1O,6,0,,0,
CC=C1OCO1,6,0,,0,
CC=C1ON1C,6,0,,0,
CC=C1ON1N,6,0,,0,
CC=C1ON1O,6,0,,0,
CC=C1ONO1,6,0,,0,
CC=C1OOO1,6,0,,0,
CC=C1n2[nH]n21,6,0,,0,
CC=C1n2on21,6,0,,0,
CC=C=C(C)C,6,0,,0,
CC=C=C(C)N,6,0,,0,
CC=C=C(C)O,6,0,,0,
CC=C=C(N)N,6,0,,0,
CC=C=C(N)O,6,0,,0,
CC=C=C(O)O,6,0,,0,
CC=C=C1C#C1,6,0,,0,
CC=C=C1C=C1,6,0,,0,
CC=C=C1C=N1,6,0,,0,
CC=C=C1CC1,6,0,,0,
CC=C=C1CN1,6,0,,0,
CC=C=C1CO1,6,0,,0,
CC=C=C1N=N1,6,0,,0,
CC=C=C1NN1,6,0,,0,
CC=C=C1NO1,6,0,,0,
CC=C=C1OO1,6,0,,0,
CC=C=C=C=N,6,0,,0,
CC=C=C=C=O,6,0,,0,
CC=C=C=CC,6,0,,0,
CC=C=C=CN,6,0,,0,
CC=C=C=CO,6,0,,0,
CC=C=C=NC,6,0,,0,
CC=C=C=NN,6,0,,0,
CC=C=C=NO,6,0,,0,
CC=C=CC#N,6,0,,0,
CC=C=CC=N,6,0,,0,
CC=C=CC=O,6,0,,0,
CC=C=CCC,6,0,,0,
CC=C=CCN,6,0,,0,
CC=C=CCO,6,0,,0,
CC=C=CN=N,6,0,,0,
CC=C=CN=O,6,0,,0,
CC=C=CNC,6,0,,0,
CC=C=CNN,6,0,,0,
CC=C=CNO,6,0,,0,
CC=C=COC,6,0,,0,
CC=C=CON,6,0,,0,
CC=C=COO,6,0,,0,
CC=C=NC#N,6,0,,0,
CC=C=NC=N,6,0,,0,
CC=C=NC=O,6,0,,0,
CC=C=NCC,6,0,,0,
CC=C=NCN,6,0,,0,
CC=C=NCO,6,0,,0,
CC=C=NN=N,6,0,,0,
CC=C=NN=O,6,0,,0,
CC=C=NNC,6,0,,0,
CC=C=NNN,6,0,,0,
CC=C=NNO,6,0,,0,
CC=C=NOC,6,0,,0,
CC=C=NON,6,0,,0,
CC=C=NOO,6,0,,0,
CC=CC#CN,6,0,,0,
CC=CC#CO,6,0,,0,
CC=CC(=N)N,6,0,,0,
CC=CC(=N)O,6,0,,0,
CC=CC(=O)O,6,0,,0,
CC=CC(C)=N,6,0,,0,
CC=CC(C)=O,6,0,,0,
CC=CC(C)C,6,0,,0,
CC=CC(C)N,6,0,,0,
CC=CC(C)O,6,0,,0,
CC=CC(N)=O,6,0,,0,
CC=CC(N)N,6,0,,0,
CC=CC(N)O,6,0,,0,
CC=CC(O)O,6,0,,0,
CC=CC1=C=C1,6,0,,0,
CC=CC1=C=N1,6,0,,0,
CC=CC1=CC1,6,0,,0,
CC=CC1=CN1,6,0,,0,
CC=CC1=CO1,6,0,,0,
CC=CC1=NC1,6,0,,0,
CC=CC1=NN1,6,0,,0,
CC=CC1=NO1,6,0,,0,
CC=CC1C#C1,6,0,,0,
CC=CC1C=C1,6,0,,0,
CC=CC1C=N1,6,0,,0,
CC=CC1CC1,6,0,,0,
CC=CC1CN1,6,0,,0,
CC=CC1CO1,6,0,,0,
CC=CC1N=N1,6,0,,0,
CC=CC1NN1,6,0,,0,
CC=CC1NO1,6,0,,0,
CC=CC1OO1,6,0,,0,
CC=CC=C=N,6,0,,0,
CC=CC=C=O,6,0,,0,
CC=CC=CC,6,0,,0,
CC=CC=CN,6,0,,0,
CC=CC=CO,6,0,,0,
CC=CC=NC,6,0,,0,
CC=CC=NN,6,0,,0,
CC=CC=NO,6,0,,0,
CC=CCC#N,6,0,,0,
CC=CCC=N,6,0,,0,
CC=CCC=O,6,0,,0,
CC=CCCC,6,0,,0,
CC=CCCN,6,0,,0,
CC=CCCO,6,0,,0,
CC=CCN=N,6,0,,0,
CC=CCN=O,6,0,,0,
CC=CCNC,6,0,,0,
CC=CCNN,6,0,,0,
CC=CCNO,6,0,,0,
CC=CCOC,6,0,,0,
CC=CCON,6,0,,0,
CC=CCOO,6,0,,0,
CC=CN(C)C,6,0,,0,
CC=CN(C)N,6,0,,0,
CC=CN(C)O,6,0,,0,
CC=CN(N)N,6,0,,0,
CC=CN(N)O,6,0,,0,
CC=CN(O)O,6,0,,0,
CC=CN1C#C1,6,0,,0,
CC=CN1C=C1,6,0,,0,
CC=CN1C=N1,6,0,,0,
CC=CN1CC1,6,0,,0,
CC=CN1CN1,6,0,,0,
CC=CN1CO1,6,0,,0,
CC=CN1N=N1,6,0,,0,
CC=CN=C=N,6,0,,0,
CC=CN=C=O,6,0,,0,
CC=CN=CC,6,0,,0,
CC=CN=CN,6,0,,0,
CC=CN=CO,6,0,,0,
CC=CN=NC,6,0,,0,
CC=CN=NN,6,0,,0,
CC=CN=NO,6,0,,0,
CC=CNC#N,6,0,,0,
CC=CNC=N,6,0,,0,
CC=CNC=O,6,0,,0,
CC=CNCC,6,0,,0,
CC=CNCN,6,0,,0,
CC=CNCO,6,0,,0,
CC=CNN=N,6,0,,0,
CC=CNN=O,6,0,,0,
CC=CNNC,6,0,,0,
CC=CNNN,6,0,,0,
CC=CNNO,6,0,,0,
CC=CNOC,6,0,,0,
CC=CNON,6,0,,0,
CC=CNOO,6,0,,0,
CC=COC#N,6,0,,0,
CC=COC=N,6,0,,0,
CC=COC=O,6,0,,0,
CC=COCC,6,0,,0,
CC=COCN,6,0,,0,
CC=COCO,6,0,,0,
CC=CON=N,6,0,,0,
CC=CON=O,6,0,,0,
CC=CONC,6,0,,0,
CC=CONN,6,0,,0,
CC=CONO,6,0,,0,
CC=COOC,6,0,,0,
CC=COON,6,0,,0,
CC=COOO,6,0,,0,
CC=Cn1[nH][nH]1,6,0,,0,
CC=Cn1[nH]o1,6,0,,0,
CC=Cn1oo1,6,0,,0,
CC=NC#CN,6,0,,0,
CC=NC#CO,6,0,,0,
CC=NC(=N)N,6,0,,0,
CC=NC(=N)O,6,0,,0,
CC=NC(=O)O,6,0,,0,
CC=NC(C)=N,6,0,,0,
CC=NC(C)=O,6,0,,0,
CC=NC(C)C,6,0,,0,
CC=NC(C)N,6,0,,0,
CC=NC(C)O,6,0,,0,
CC=NC(N)=O,6,0,,0,
CC=NC(N)N,6,0,,0,
CC=NC(N)O,6,0,,0,
CC=NC(O)O,6,0,,0,
CC=NC1=C=C1,6,0,,0,
CC=NC1=C=N1,6,0,,0,
CC=NC1=CC1,6,0,,0,
CC=NC1=CN1,6,0,,0,
CC=NC1=CO1,6,0,,0,
CC=NC1=NC1,6,0,,0,
CC=NC1=NN1,6,0,,0,
CC=NC1=NO1,6,0,,0,
CC=NC1C#C1,6,0,,0,
CC=NC1C=C1,6,0,,0,
CC=NC1C=N1,6,0,,0,
CC=NC1CC1,6,0,,0,
CC=NC1CN1,6,0,,0,
CC=NC1CO1,6,0,,0,
CC=NC1N=N1,6,0,,0,
CC=NC1NN1,6,0,,0,
CC=NC1NO1,6,0,,0,
CC=NC1OO1,6,0,,0,
CC=NC=C=N,6,0,,0,
CC=NC=C=O,6,0,,0,
CC=NC=CN,6,0,,0,
CC=NC=CO,6,0,,0,
CC=NC=NC,6,0,,0,
CC=NC=NN,6,0,,0,
CC=NC=NO,6,0,,0,
CC=NCC#N,6,0,,0,
CC=NCC=N,6,0,,0,
CC=NCC=O,6,0,,0,
CC=NCCC,6,0,,0,
CC=NCCN,6,0,,0,
CC=NCCO,6,0,,0,
CC=NCN=N,6,0,,0,
CC=NCN=O,6,0,,0,
CC=NCNC,6,0,,0,
CC=NCNN,6,0,,0,
CC=NCNO,6,0,,0,
CC=NCOC,6,0,,0,
CC=NCON,6,0,,0,
CC=NCOO,6,0,,0,
CC=NN(C)C,6,0,,0,
CC=NN(C)N,6,0,,0,
CC=NN(C)O,6,0,,0,
CC=NN(N)N,6,0,,0,
CC=NN(N)O,6,0,,0,
CC=NN(O)O,6,0,,0,
CC=NN1C#C1,6,0,,0,
CC=NN1C=C1,6,0,,0,
CC=NN1C=N1,6,0,,0,
CC=NN1CC1,6,0,,0,
CC=NN1CN1,6,0,,0,
CC=NN1CO1,6,0,,0,
CC=NN1N=N1,6,0,,0,
CC=NN=C=N,6,0,,0,
CC=NN=C=O,6,0,,0,
CC=NN=CC,6,0,,0,
CC=NN=CN,6,0,,0,
CC=NN=CO,6,0,,0,
CC=NN=NC,6,0,,0,
CC=NN=NN,6,0,,0,
CC=NN=NO,6,0,,0,
CC=NNC#N,6,0,,0,
CC=NNC=N,6,0,,0,
CC=NNC=O,6,0,,0,
CC=NNCC,6,0,,0,
CC=NNCN,6,0,,0,
CC=NNCO,6,0,,0,
CC=NNN=N,6,0,,0,
CC=NNN=O,6,0,,0,
CC=NNNC,6,0,,0,
CC=NNNN,6,0,,0,
CC=NNNO,6,0,,0,
CC=NNOC,6,0,,0,
CC=NNON,6,0,,0,
CC=NNOO,6,0,,0,
CC=NOC#N,6,0,,0,
CC=NOC=N,6,0,,0,
CC=NOC=O,6,0,,0,
CC=NOCC,6,0,,0,
CC=NOCN,6,0,,0,
CC=NOCO,6,0,,0,
CC=NON=N,6,0,,0,
CC=NON=O,6,0,,0,
CC=NONC,6,0,,0,
CC=NONN,6,0,,0,
CC=NONO,6,0,,0,
CC=NOOC,6,0,,0,
CC=NOON,6,0,,0,
CC=NOOO,6,0,,0,
CC=Nn1[nH][nH]1,6,0,,0,
CC=Nn1[nH]o1,6,0,,0,
CC=Nn1oo1,6,0,,0,
CCC#CC#N,6,0,,0,
CCC#CC=N,6,0,,0,
CCC#CC=O,6,0,,0,
CCC#CCC,6,0,,0,
CCC#CCN,6,0,,0,
CCC#CCO,6,0,,0,
CCC#CN=N,6,0,,0,
CCC#CN=O,6,0,,0,
CCC#CNC,6,0,,0,
CCC#CNN,6,0,,0,
CCC#CNO,6,0,,0,
CCC#COC,6,0,,0,
CCC#CON,6,0,,0,
CCC#COO,6,0,,0,
CCC(=N)C#N,6,0,,0,
CCC(=N)C=N,6,0,,0,
CCC(=N)C=O,6,0,,0,
CCC(=N)CC,6,0,,0,
CCC(=N)CN,6,0,,0,
CCC(=N)CO,6,0,,0,
CCC(=N)N=N,6,0,,0,
CCC(=N)N=O,6,0,,0,
CCC(=N)NC,6,0,,0,
CCC(=N)NN,6,0,,0,
CCC(=N)NO,6,0,,0,
CCC(=N)OC,6,0,,0,
CCC(=N)ON,6,0,,0,
CCC(=N)OO,6,0,,0,
CCC(=O)C#N,6,0,,0,
CCC(=O)C=N,6,0,,0,
CCC(=O)C=O,6,0,,0,
CCC(=O)CC,6,0,,0,
CCC(=O)CN,6,0,,0,
CCC(=O)CO,6,0,,0,
CCC(=O)N=N,6,0,,0,
CCC(=O)N=O,6,0,,0,
CCC(=O)NC,6,0,,0,
CCC(=O)NN,6,0,,0,
CCC(=O)NO,6,0,,0,
CCC(=O)OC,6,0,,0,
CCC(=O)ON,6,0,,0,
CCC(=O)OO,6,0,,0,
CCC(C)(C)C,6,0,,0,
CCC(C)(C)N,6,0,,0,
CCC(C)(C)O,6,0,,0,
CCC(C)(N)N,6,0,,0,
CCC(C)(N)O,6,0,,0,
CCC(C)(O)O,6,0,,0,
CCC(C)=C=N,6,0,,0,
CCC(C)=C=O,6,0,,0,
CCC(C)=CN,6,0,,0,
CCC(C)=CO,6,0,,0,
CCC(C)=NC,6,0,,0,
CCC(C)=NN,6,0,,0,
CCC(C)=NO,6,0,,0,
CCC(C)C#N,6,0,,0,
CCC(C)C=N,6,0,,0,
CCC(C)C=O,6,0,,0,
CCC(C)CC,6,0,,0,
CCC(C)CN,6,0,,0,
CCC(C)CO,6,0,,0,
CCC(C)N=N,6,0,,0,
CCC(C)N=O,6,0,,0,
CCC(C)NC,6,0,,0,
CCC(C)NN,6,0,,0,
CCC(C)NO,6,0,,0,
CCC(C)OC,6,0,,0,
CCC(C)ON,6,0,,0,
CCC(C)OO,6,0,,0,
CCC(N)(N)N,6,0,,0,
CCC(N)(N)O,6,0,,0,
CCC(N)(O)O,6,0,,0,
CCC(N)=C=N,6,0,,0,
CCC(N)=C=O,6,0,,0,
CCC(N)=CN,6,0,,0,
CCC(N)=CO,6,0,,0,
CCC(N)=NC,6,0,,0,
CCC(N)=NN,6,0,,0,
CCC(N)=NO,6,0,,0,
CCC(N)C#N,6,0,,0,
CCC(N)C=N,6,0,,0,
CCC(N)C=O,6,0,,0,
CCC(N)CC,6,0,,0,
CCC(N)CN,6,0,,0,
CCC(N)CO,6,0,,0,
CCC(N)N=N,6,0,,0,
CCC(N)N=O,6,0,,0,
CCC(N)NC,6,0,,0,
CCC(N)NN,6,0,,0,
CCC(N)NO,6,0,,0,
CCC(N)OC,6,0,,0,
CCC(N)ON,6,0,,0,
CCC(N)OO,6,0,,0,
CCC(O)(O)O,6,0,,0,
CCC(O)=C=N,6,0,,0,
CCC(O)=C=O,6,0,,0,
CCC(O)=CN,6,0,,0,
CCC(O)=CO,6,0,,0,
CCC(O)=NC,6,0,,0,
CCC(O)=NN,6,0,,0,
CCC(O)=NO,6,0,,0,
CCC(O)C#N,6,0,,0,
CCC(O)C=N,6,0,,0,
CCC(O)C=O,6,0,,0,
CCC(O)CC,6,0,,0,
CCC(O)CN,6,0,,0,
CCC(O)CO,6,0,,0,
CCC(O)N=N,6,0,,0,
CCC(O)N=O,6,0,,0,
CCC(O)NC,6,0,,0,
CCC(O)NN,6,0,,0,
CCC(O)NO,6,0,,0,
CCC(O)OC,6,0,,0,
CCC(O)ON,6,0,,0,
CCC(O)OO,6,0,,0,
CCC1(C)C#C1,6,0,,0,
CCC1(C)C=C1,6,0,,0,
CCC1(C)C=N1,6,0,,0,
CCC1(C)CC1,6,0,,0,
CCC1(C)CN1,6,0,,0,
CCC1(C)CO1,6,0,,0,
CCC1(C)N=N1,6,0,,0,
CCC1(C)NN1,6,0,,0,
CCC1(C)NO1,6,0,,0,
CCC1(C)OO1,6,0,,0,
CCC1(N)C#C1,6,0,,0,
CCC1(N)C=C1,6,0,,0,
CCC1(N)C=N1,6,0,,0,
CCC1(N)CC1,6,0,,0,
CCC1(N)CN1,6,0,,0,
CCC1(N)CO1,6,0,,0,
CCC1(N)N=N1,6,0,,0,
CCC1(N)NN1,6,0,,0,
CCC1(N)NO1,6,0,,0,
CCC1(N)OO1,6,0,,0,
CCC1(O)C#C1,6,0,,0,
CCC1(O)C=C1,6,0,,0,
CCC1(O)C=N1,6,0,,0,
CCC1(O)CC1,6,0,,0,
CCC1(O)CN1,6,0,,0,
CCC1(O)CO1,6,0,,0,
CCC1(O)N=N1,6,0,,0,
CCC1(O)NN1,6,0,,0,
CCC1(O)NO1,6,0,,0,
CCC1(O)OO1,6,0,,0,
CCC12C3=C1C32,6,0,,0,
CCC12C3=C1N32,6,0,,0,
CCC12C3C1C32,6,0,,0,
CCC12C3C1N32,6,0,,0,
CCC12C3N1N32,6,0,,0,
CCC12C=C1C2,6,0,,0,
CCC12C=C1N2,6,0,,0,
CCC12C=C1O2,6,0,,0,
CCC12CC1=N2,6,0,,0,
CCC12CC1C2,6,0,,0,
CCC12CC1N2,6,0,,0,
CCC12CC1O2,6,0,,0,
CCC12CN1C2,6,0,,0,
CCC12CN1N2,6,0,,0,
CCC12CN1O2,6,0,,0,
CCC12N=C1N2,6,0,,0,
CCC12N=C1O2,6,0,,0,
CCC12NC1N2,6,0,,0,
CCC12NC1O2,6,0,,0,
CCC12NN1N2,6,0,,0,
CCC12NN1O2,6,0,,0,
CCC12OC1O2,6,0,,0,
CCC12ON1O2,6,0,,0,
CCC12n3n1n32,6,0,,0,
CCC1=C(C)C1,6,0,,0,
CCC1=C(C)N1,6,0,,0,
CCC1=C(C)O1,6,0,,0,
CCC1=C(N)C1,6,0,,0,
CCC1=C(N)N1,6,0,,0,
CCC1=C(N)O1,6,0,,0,
CCC1=C(O)C1,6,0,,0,
CCC1=C(O)N1,6,0,,0,
CCC1=C(O)O1,6,0,,0,
CCC1=C2C=C21,6,0,,0,
CCC1=C2CC12,6,0,,0,
CCC1=C2CN12,6,0,,0,
CCC1=C2N=C12,6,0,,0,
CCC1=C2NC12,6,0,,0,
CCC1=C2OC12,6,0,,0,
CCC1=C=C1C,6,0,,0,
CCC1=C=C1N,6,0,,0,
CCC1=C=C1O,6,0,,0,
CCC1=C=C=C1,6,0,,0,
CCC1=C=C=N1,6,0,,0,
CCC1=C=CC1,6,0,,0,
CCC1=C=CN1,6,0,,0,
CCC1=C=CO1,6,0,,0,
CCC1=C=NC1,6,0,,0,
CCC1=C=NN1,6,0,,0,
CCC1=C=NO1,6,0,,0,
CCC1=CC#C1,6,0,,0,
CCC1=CC1C,6,0,,0,
CCC1=CC1N,6,0,,0,
CCC1=CC1O,6,0,,0,
CCC1=CC=C1,6,0,,0,
CCC1=CC=N1,6,0,,0,
CCC1=CCC1,6,0,,0,
CCC1=CCN1,6,0,,0,
CCC1=CCO1,6,0,,0,
CCC1=CN1C,6,0,,0,
CCC1=CN1N,6,0,,0,
CCC1=CN1O,6,0,,0,
CCC1=CN=C1,6,0,,0,
CCC1=CN=N1,6,0,,0,
CCC1=CNC1,6,0,,0,
CCC1=COC1,6,0,,0,
CCC1=NC#C1,6,0,,0,
CCC1=NC1C,6,0,,0,
CCC1=NC1N,6,0,,0,
CCC1=NC1O,6,0,,0,
CCC1=NC=C1,6,0,,0,
CCC1=NC=N1,6,0,,0,
CCC1=NCC1,6,0,,0,
CCC1=NCN1,6,0,,0,
CCC1=NCO1,6,0,,0,
CCC1=NN1C,6,0,,0,
CCC1=NN1N,6,0,,0,
CCC1=NN1O,6,0,,0,
CCC1=NN=C1,6,0,,0,
CCC1=NN=N1,6,0,,0,
CCC1=NNC1,6,0,,0,
CCC1=NOC1,6,0,,0,
CCC1C#CC1,6,0,,0,
CCC1C#CN1,6,0,,0,
CCC1C#CO1,6,0,,0,
CCC1C2=C1C2,6,0,,0,
CCC1C2=C1N2,6,0,,0,
CCC1C2=C1O2,6,0,,0,
CCC1C2=C=C21,6,0,,0,
CCC1C2=CC21,6,0,,0,
CCC1C2=CN21,6,0,,0,
CCC1C2=NC21,6,0,,0,
CCC1C2=NN21,6,0,,0,
CCC1C2CC12,6,0,,0,
CCC1C2CN12,6,0,,0,
CCC1C2NC12,6,0,,0,
CCC1C2NN12,6,0,,0,
CCC1C2OC12,6,0,,0,
CCC1C2ON12,6,0,,0,
CCC1C=C1C,6,0,,0,
CCC1C=C1N,6,0,,0,
CCC1C=C1O,6,0,,0,
CCC1C=C=C1,6,0,,0,
CCC1C=C=N1,6,0,,0,
CCC1C=CC1,6,0,,0,
CCC1C=CN1,6,0,,0,
CCC1C=CO1,6,0,,0,
CCC1C=NC1,6,0,,0,
CCC1C=NN1,6,0,,0,
CCC1C=NO1,6,0,,0,
CCC1CC1=N,6,0,,0,
CCC1CC1=O,6,0,,0,
CCC1CC1C,6,0,,0,
CCC1CC1N,6,0,,0,
CCC1CC1O,6,0,,0,
CCC1CC=N1,6,0,,0,
CCC1CCC1,6,0,,0,
CCC1CCN1,6,0,,0,
CCC1CCO1,6,0,,0,
CCC1CN1C,6,0,,0,
CCC1CN1N,6,0,,0,
CCC1CN1O,6,0,,0,
CCC1CN=N1,6,0,,0,
CCC1CNC1,6,0,,0,
CCC1CNN1,6,0,,0,
CCC1CNO1,6,0,,0,
CCC1COC1,6,0,,0,
CCC1CON1,6,0,,0,
CCC1COO1,6,0,,0,
CCC1N2CN12,6,0,,0,
CCC1N=C1C,6,0,,0,
CCC1N=C1N,6,0,,0,
CCC1N=C1O,6,0,,0,
CCC1N=C=N1,6,0,,0,
CCC1N=CN1,6,0,,0,
CCC1N=CO1,6,0,,0,
CCC1N=NN1,6,0,,0,
CCC1N=NO1,6,0,,0,
CCC1NC1=N,6,0,,0,
CCC1NC1=O,6,0,,0,
CCC1NC1C,6,0,,0,
CCC1NC1N,6,0,,0,
CCC1NC1O,6,0,,0,
CCC1NCN1,6,0,,0,
CCC1NCO1,6,0,,0,
CCC1NN1C,6,0,,0,
CCC1NN1N,6,0,,0,
CCC1NN1O,6,0,,0,
CCC1NNN1,6,0,,0,
CCC1NNO1,6,0,,0,
CCC1NON1,6,0,,0,
CCC1NOO1,6,0,,0,
CCC1OC1=N,6,0,,0,
CCC1OC1=O,6,0,,0,
CCC1OC1C,6,0,,0,
CCC1OC1N,6,0,,0,
CCC1OC1O,6,0,,0,
CCC1OCO1,6,0,,0,
CCC1ON1C,6,0,,0,
CCC1ON1N,6,0,,0,
CCC1ON1O,6,0,,0,
CCC1ONO1,6,0,,0,
CCC1OOO1,6,0,,0,
CCC1n2[nH]n21,6,0,,0,
CCC1n2on21,6,0,,0,
CCC=C(C)C,6,0,,0,
CCC=C(C)N,6,0,,0,
CCC=C(C)O,6,0,,0,
CCC=C(N)N,6,0,,0,
CCC=C(N)O,6,0,,0,
CCC=C(O)O,6,0,,0,
CCC=C1C#C1,6,0,,0,
CCC=C1C=C1,6,0,,0,
CCC=C1C=N1,6,0,,0,
CCC=C1CC1,6,0,,0,
CCC=C1CN1,6,0,,0,
CCC=C1CO1,6,0,,0,
CCC=C1N=N1,6,0,,0,
CCC=C1NN1,6,0,,0,
CCC=C1NO1,6,0,,0,
CCC=C1OO1,6,0,,0,
CCC=C=C=N,6,0,,0,
CCC=C=C=O,6,0,,0,
CCC=C=CN,6,0,,0,
CCC=C=CO,6,0,,0,
CCC=C=NC,6,0,,0,
CCC=C=NN,6,0,,0,
CCC=C=NO,6,0,,0,
CCC=CC#N,6,0,,0,
CCC=CC=N,6,0,,0,
CCC=CC=O,6,0,,0,
CCC=CCC,6,0,,0,
CCC=CCN,6,0,,0,
CCC=CCO,6,0,,0,
CCC=CN=N,6,0,,0,
CCC=CN=O,6,0,,0,
CCC=CNC,6,0,,0,
CCC=CNN,6,0,,0,
CCC=CNO,6,0,,0,
CCC=COC,6,0,,0,
CCC=CON,6,0,,0,
CCC=COO,6,0,,0,
CCC=NC#N,6,0,,0,
CCC=NC=N,6,0,,0,
CCC=NC=O,6,0,,0,
CCC=NCC,6,0,,0,
CCC=NCN,6,0,,0,
CCC=NCO,6,0,,0,
CCC=NN=N,6,0,,0,
CCC=NN=O,6,0,,0,
CCC=NNC,6,0,,0,
CCC=NNN,6,0,,0,
CCC=NNO,6,0,,0,
CCC=NOC,6,0,,0,
CCC=NON,6,0,,0,
CCC=NOO,6,0,,0,
CCCC#CN,6,0,,0,
CCCC#CO,6,0,,0,
CCCC(=N)N,6,0,,0,
CCCC(=N)O,6,0,,0,
CCCC(=O)O,6,0,,0,
CCCC(C)=N,6,0,,0,
CCCC(C)=O,6,0,,0,
CCCC(C)C,6,0,,0,
CCCC(C)N,6,0,,0,
CCCC(C)O,6,0,,0,
CCCC(N)=O,6,0,,0,
CCCC(N)N,6,0,,0,
CCCC(N)O,6,0,,0,
CCCC(O)O,6,0,,0,
CCCC1=C=C1,6,0,,0,
CCCC1=C=N1,6,0,,0,
CCCC1=CC1,6,0,,0,
CCCC1=CN1,6,0,,0,
CCCC1=CO1,6,0,,0,
CCCC1=NC1,6,0,,0,
CCCC1=NN1,6,0,,0,
CCCC1=NO1,6,0,,0,
CCCC1C#C1,6,0,,0,
CCCC1C=C1,6,0,,0,
CCCC1C=N1,6,0,,0,
CCCC1CC1,6,0,,0,
CCCC1CN1,6,0,,0,
CCCC1CO1,6,0,,0,
CCCC1N=N1,6,0,,0,
CCCC1NN1,6,0,,0,
CCCC1NO1,6,0,,0,
CCCC1OO1,6,0,,0,
CCCC=C=N,6,0,,0,
CCCC=C=O,6,0,,0,
CCCC=CN,6,0,,0,
CCCC=CO,6,0,,0,
CCCC=NC,6,0,,0,
CCCC=NN,6,0,,0,
CCCC=NO,6,0,,0,
CCCCC#N,6,0,,0,
CCCCC=N,6,0,,0,
CCCCC=O,6,0,,0,
CCCCCC,6,0,,0,
CCCCCN,6,0,,0,
CCCCCO,6,0,,0,
CCCCN=N,6,0,,0,
CCCCN=O,6,0,,0,
CCCCNC,6,0,,0,
CCCCNN,6,0,,0,
CCCCNO,6,0,,0,
CCCCOC,6,0,,0,
CCCCON,6,0,,0,
CCCCOO,6,0,,0,
CCCN(C)C,6,0,,0,
CCCN(C)N,6,0,,0,
CCCN(C)O,6,0,,0,
CCCN(N)N,6,0,,0,
CCCN(N)O,6,0,,0,
CCCN(O)O,6,0,,0,
CCCN1C#C1,6,0,,0,
CCCN1C=C1,6,0,,0,
CCCN1C=N1,6,0,,0,
CCCN1CC1,6,0,,0,
CCCN1CN1,6,0,,0,
CCCN1CO1,6,0,,0,
CCCN1N=N1,6,0,,0,
CCCN=C=N,6,0,,0,
CCCN=C=O,6,0,,0,
CCCN=CN,6,0,,0,
CCCN=CO,6,0,,0,
CCCN=NC,6,0,,0,
CCCN=NN,6,0,,0,
CCCN=NO,6,0,,0,
CCCNC#N,6,0,,0,
CCCNC=N,6,0,,0,
CCCNC=O,6,0,,0,
CCCNCC,6,0,,0,
CCCNCN,6,0,,0,
CCCNCO,6,0,,0,
CCCNN=N,6,0,,0,
CCCNN=O,6,0,,0,
CCCNNC,6,0,,0,
CCCNNN,6,0,,0,
CCCNNO,6,0,,0,
CCCNOC,6,0,,0,
CCCNON,6,0,,0,
CCCNOO,6,0,,0,
CCCOC#N,6,0,,0,
CCCOC=N,6,0,,0,
CCCOC=O,6,0,,0,
CCCOCC,6,0,,0,
CCCOCN,6,0,,0,
CCCOCO,6,0,,0,
CCCON=N,6,0,,0,
CCCON=O,6,0,,0,
CCCONC,6,0,,0,
CCCONN,6,0,,0,
CCCONO,6,0,,0,
CCCOOC,6,0,,0,
CCCOON,6,0,,0,
CCCOOO,6,0,,0,
CCCn1[nH][nH]1,6,0,,0,
CCCn1[nH]o1,6,0,,0,
CCCn1oo1,6,0,,0,
CCN(C)C#N,6,0,,0,
CCN(C)C=N,6,0,,0,
CCN(C)C=O,6,0,,0,
CCN(C)CC,6,0,,0,
CCN(C)CN,6,0,,0,
CCN(C)CO,6,0,,0,
CCN(C)N=N,6,0,,0,
CCN(C)N=O,6,0,,0,
CCN(C)NC,6,0,,0,
CCN(C)NN,6,0,,0,
CCN(C)NO,6,0,,0,
CCN(C)OC,6,0,,0,
CCN(C)ON,6,0,,0,
CCN(C)OO,6,0,,0,
CCN(N)C#N,6,0,,0,
CCN(N)C=N,6,0,,0,
CCN(N)C=O,6,0,,0,
CCN(N)CC,6,0,,0,
CCN(N)CN,6,0,,0,
CCN(N)CO,6,0,,0,
CCN(N)N=N,6,0,,0,
CCN(N)N=O,6,0,,0,
CCN(N)NC,6,0,,0,
CCN(N)NN,6,0,,0,
CCN(N)NO,6,0,,0,
CCN(N)OC,6,0,,0,
CCN(N)ON,6,0,,0,
CCN(N)OO,6,0,,0,
CCN(O)C#N,6,0,,0,
CCN(O)C=N,6,0,,0,
CCN(O)C=O,6,0,,0,
CCN(O)CC,6,0,,0,
CCN(O)CN,6,0,,0,
CCN(O)CO,6,0,,0,
CCN(O)N=N,6,0,,0,
CCN(O)N=O,6,0,,0,
CCN(O)NC,6,0,,0,
CCN(O)NN,6,0,,0,
CCN(O)NO,6,0,,0,
CCN(O)OC,6,0,,0,
CCN(O)ON,6,0,,0,
CCN(O)OO,6,0,,0,
CCN1C#CC1,6,0,,0,
CCN1C2=C1C2,6,0,,0,
CCN1C2=C=C21,6,0,,0,
CCN1C2=CC21,6,0,,0,
CCN1C2=NC21,6,0,,0,
CCN1C2CC21,6,0,,0,
CCN1C2CN21,6,0,,0,
CCN1C2NC21,6,0,,0,
CCN1C2NN21,6,0,,0,
CCN1C2OC21,6,0,,0,
CCN1C2ON21,6,0,,0,
CCN1C=C1C,6,0,,0,
CCN1C=C1N,6,0,,0,
CCN1C=C1O,6,0,,0,
CCN1C=C=C1,6,0,,0,
CCN1C=C=N1,6,0,,0,
CCN1C=CC1,6,0,,0,
CCN1C=NC1,6,0,,0,
CCN1CC1=N,6,0,,0,
CCN1CC1=O,6,0,,0,
CCN1CC1C,6,0,,0,
CCN1CC1N,6,0,,0,
CCN1CC1O,6,0,,0,
CCN1CC=N1,6,0,,0,
CCN1CCC1,6,0,,0,
CCN1CCN1,6,0,,0,
CCN1CCO1,6,0,,0,
CCN1CN1C,6,0,,0,
CCN1CN1N,6,0,,0,
CCN1CN1O,6,0,,0,
CCN1CN=N1,6,0,,0,
CCN1CNC1,6,0,,0,
CCN1CNN1,6,0,,0,
CCN1CNO1,6,0,,0,
CCN1COC1,6,0,,0,
CCN1CON1,6,0,,0,
CCN1COO1,6,0,,0,
CCN1N=C1C,6,0,,0,
CCN1N=C1N,6,0,,0,
CCN1N=C1O,6,0,,0,
CCN1N=C=N1,6,0,,0,
CCN1NC1=N,6,0,,0,
CCN1NC1=O,6,0,,0,
CCN1NC1C,6,0,,0,
CCN1NC1N,6,0,,0,
CCN1NC1O,6,0,,0,
CCN1NCN1,6,0,,0,
CCN1NCO1,6,0,,0,
CCN1NNN1,6,0,,0,
CCN1NNO1,6,0,,0,
CCN1NON1,6,0,,0,
CCN1NOO1,6,0,,0,
CCN1OC1=N,6,0,,0,
CCN1OC1=O,6,0,,0,
CCN1OC1C,6,0,,0,
CCN1OC1N,6,0,,0,
CCN1OC1O,6,0,,0,
CCN1OCO1,6,0,,0,
CCN1ONO1,6,0,,0,
CCN1OOO1,6,0,,0,
CCN=C(C)C,6,0,,0,
CCN=C(C)N,6,0,,0,
CCN=C(C)O,6,0,,0,
CCN=C(N)N,6,0,,0,
CCN=C(N)O,6,0,,0,
CCN=C(O)O,6,0,,0,
CCN=C1CC1,6,0,,0,
CCN=C1CN1,6,0,,0,
CCN=C1CO1,6,0,,0,
CCN=C1NN1,6,0,,0,
CCN=C1NO1,6,0,,0,
CCN=C1OO1,6,0,,0,
CCN=C=C=N,6,0,,0,
CCN=C=C=O,6,0,,0,
CCN=C=CN,6,0,,0,
CCN=C=CO,6,0,,0,
CCN=C=NC,6,0,,0,
CCN=C=NN,6,0,,0,
CCN=C=NO,6,0,,0,
CCN=CC#N,6,0,,0,
CCN=CC=N,6,0,,0,
CCN=CC=O,6,0,,0,
CCN=CCN,6,0,,0,
CCN=CCO,6,0,,0,
CCN=CN=N,6,0,,0,
CCN=CN=O,6,0,,0,
CCN=CNC,6,0,,0,
CCN=CNN,6,0,,0,
CCN=CNO,6,0,,0,
CCN=COC,6,0,,0,
CCN=CON,6,0,,0,
CCN=COO,6,0,,0,
CCN=NC#N,6,0,,0,
CCN=NC=N,6,0,,0,
CCN=NC=O,6,0,,0,
CCN=NCC,6,0,,0,
CCN=NCN,6,0,,0,
CCN=NCO,6,0,,0,
CCN=NN=N,6,0,,0,
CCN=NN=O,6,0,,0,
CCN=NNC,6,0,,0,
CCN=NNN,6,0,,0,
CCN=NNO,6,0,,0,
CCN=NOC,6,0,,0,
CCN=NON,6,0,,0,
CCN=NOO,6,0,,0,
CCN=c1c#c1,6,0,,0,
CCN=c1cc1,6,0,,0,
CCN=c1cn1,6,0,,0,
CCN=c1nn1,6,0,,0,
CCNC#CN,6,0,,0,
CCNC#CO,6,0,,0,
CCNC(=N)N,6,0,,0,
CCNC(=N)O,6,0,,0,
CCNC(=O)O,6,0,,0,
CCNC(C)=N,6,0,,0,
CCNC(C)=O,6,0,,0,
CCNC(C)C,6,0,,0,
CCNC(C)N,6,0,,0,
CCNC(C)O,6,0,,0,
CCNC(N)=O,6,0,,0,
CCNC(N)N,6,0,,0,
CCNC(N)O,6,0,,0,
CCNC(O)O,6,0,,0,
CCNC1=C=C1,6,0,,0,
CCNC1=C=N1,6,0,,0,
CCNC1=CC1,6,0,,0,
CCNC1=CN1,6,0,,0,
CCNC1=CO1,6,0,,0,
CCNC1=NC1,6,0,,0,
CCNC1=NN1,6,0,,0,
CCNC1=NO1,6,0,,0,
CCNC1C#C1,6,0,,0,
CCNC1C=C1,6,0,,0,
CCNC1C=N1,6,0,,0,
CCNC1CC1,6,0,,0,
CCNC1CN1,6,0,,0,
CCNC1CO1,6,0,,0,
CCNC1N=N1,6,0,,0,
CCNC1NN1,6,0,,0,
CCNC1NO1,6,0,,0,
CCNC1OO1,6,0,,0,
CCNC=C=N,6,0,,0,
CCNC=C=O,6,0,,0,
CCNC=CN,6,0,,0,
CCNC=CO,6,0,,0,
CCNC=NC,6,0,,0,
CCNC=NN,6,0,,0,
CCNC=NO,6,0,,0,
CCNCC#N,6,0,,0,
CCNCC=N,6,0,,0,
CCNCC=O,6,0,,0,
CCNCCN,6,0,,0,
CCNCCO,6,0,,0,
CCNCN=N,6,0,,0,
CCNCN=O,6,0,,0,
CCNCNC,6,0,,0,
CCNCNN,6,0,,0,
CCNCNO,6,0,,0,
CCNCOC,6,0,,0,
CCNCON,6,0,,0,
CCNCOO,6,0,,0,
CCNN(C)C,6,0,,0,
CCNN(C)N,6,0,,0,
CCNN(C)O,6,0,,0,
CCNN(N)N,6,0,,0,
CCNN(N)O,6,0,,0,
CCNN(O)O,6,0,,0,
CCNN1C#C1,6,0,,0,
CCNN1C=C1,6,0,,0,
CCNN1C=N1,6,0,,0,
CCNN1CC1,6,0,,0,
CCNN1CN1,6,0,,0,
CCNN1CO1,6,0,,0,
CCNN1N=N1,6,0,,0,
CCNN=C=N,6,0,,0,
CCNN=C=O,6,0,,0,
CCNN=CN,6,0,,0,
CCNN=CO,6,0,,0,
CCNN=NC,6,0,,0,
CCNN=NN,6,0,,0,
CCNN=NO,6,0,,0,
CCNNC#N,6,0,,0,
CCNNC=N,6,0,,0,
CCNNC=O,6,0,,0,
CCNNCC,6,0,,0,
CCNNCN,6,0,,0,
CCNNCO,6,0,,0,
CCNNN=N,6,0,,0,
CCNNN=O,6,0,,0,
CCNNNC,6,0,,0,
CCNNNN,6,0,,0,
CCNNNO,6,0,,0,
CCNNOC,6,0,,0,
CCNNON,6,0,,0,
CCNNOO,6,0,,0,
CCNOC#N,6,0,,0,
CCNOC=N,6,0,,0,
CCNOC=O,6,0,,0,
CCNOCC,6,0,,0,
CCNOCN,6,0,,0,
CCNOCO,6,0,,0,
CCNON=N,6,0,,0,
CCNON=O,6,0,,0,
CCNONC,6,0,,0,
CCNONN,6,0,,0,
CCNONO,6,0,,0,
CCNOOC,6,0,,0,
CCNOON,6,0,,0,
CCNOOO,6,0,,0,
CCNn1[nH][nH]1,6,0,,0,
CCNn1[nH]o1,6,0,,0,
CCNn1oo1,6,0,,0,
CCOC#CN,6,0,,0,
CCOC#CO,6,0,,0,
CCOC(=N)N,6,0,,0,
CCOC(=N)O,6,0,,0,
CCOC(=O)O,6,0,,0,
CCOC(C)=N,6,0,,0,
CCOC(C)=O,6,0,,0,
CCOC(C)C,6,0,,0,
CCOC(C)N,6,0,,0,
CCOC(C)O,6,0,,0,
CCOC(N)=O,6,0,,0,
CCOC(N)N,6,0,,0,
CCOC(N)O,6,0,,0,
CCOC(O)O,6,0,,0,
CCOC1=C=C1,6,0,,0,
CCOC1=C=N1,6,0,,0,
CCOC1=CC1,6,0,,0,
CCOC1=CN1,6,0,,0,
CCOC1=CO1,6,0,,0,
CCOC1=NC1,6,0,,0,
CCOC1=NN1,6,0,,0,
CCOC1=NO1,6,0,,0,
CCOC1C#C1,6,0,,0,
CCOC1C=C1,6,0,,0,
CCOC1C=N1,6,0,,0,
CCOC1CC1,6,0,,0,
CCOC1CN1,6,0,,0,
CCOC1CO1,6,0,,0,
CCOC1N=N1,6,0,,0,
CCOC1NN1,6,0,,0,
CCOC1NO1,6,0,,0,
CCOC1OO1,6,0,,0,
CCOC=C=N,6,0,,0,
CCOC=C=O,6,0,,0,
CCOC=CN,6,0,,0,
CCOC=CO,6,0,,0,
CCOC=NC,6,0,,0,
CCOC=NN,6,0,,0,
CCOC=NO,6,0,,0,
CCOCC#N,6,0,,0,
CCOCC=N,6,0,,0,
CCOCC=O,6,0,,0,
CCOCCN,6,0,,0,
CCOCCO,6,0,,0,
CCOCN=N,6,0,,0,
CCOCN=O,6,0,,0,
CCOCNC,6,0,,0,
CCOCNN,6,0,,0,
CCOCNO,6,0,,0,
CCOCOC,6,0,,0,
CCOCON,6,0,,0,
CCOCOO,6,0,,0,
CCON(C)C,6,0,,0,
CCON(C)N,6,0,,0,
CCON(C)O,6,0,,0,
CCON(N)N,6,0,,0,
CCON(N)O,6,0,,0,
CCON(O)O,6,0,,0,
CCON1C#C1,6,0,,0,
CCON1C=C1,6,0,,0,
CCON1C=N1,6,0,,0,
CCON1CC1,6,0,,0,
CCON1CN1,6,0,,0,
CCON1CO1,6,0,,0,
CCON1N=N1,6,0,,0,
CCON=C=N,6,0,,0,
CCON=C=O,6,0,,0,
CCON=CN,6,0,,0,
CCON=CO,6,0,,0,
CCON=NC,6,0,,0,
CCON=NN,6,0,,0,
CCON=NO,6,0,,0,
CCONC#N,6,0,,0,
CCONC=N,6,0,,0,
CCONC=O,6,0,,0,
CCONCN,6,0,,0,
CCONCO,6,0,,0,
CCONN=N,6,0,,0,
CCONN=O,6,0,,0,
CCONNC,6,0,,0,
CCONNN,6,0,,0,
CCONNO,6,0,,0,
CCONOC,6,0,,0,
CCONON,6,0,,0,
CCONOO,6,0,,0,
CCOOC#N,6,0,,0,
CCOOC=N,6,0,,0,
CCOOC=O,6,0,,0,
CCOOCC,6,0,,0,
CCOOCN,6,0,,0,
CCOOCO,6,0,,0,
CCOON=N,6,0,,0,
CCOON=O,6,0,,0,
CCOONC,6,0,,0,
CCOONN,6,0,,0,
CCOONO,6,0,,0,
CCOOOC,6,0,,0,
CCOOON,6,0,,0,
CCOOOO,6,0,,0,
CCOn1[nH][nH]1,6,0,,0,
CCOn1[nH]o1,6,0,,0,
CCOn1oo1,6,0,,0,
CCc1c2[nH]n1-2,6,0,,0,
CCc1c2on1-2,6,0,,0,
CCc1c[nH][nH]1,6,0,,0,
CCc1c[nH]o1,6,0,,0,
CCc1cc1=N,6,0,,0,
CCc1cc1=O,6,0,,0,
CCc1co[nH]1,6,0,,0,
CCc1coo1,6,0,,0,
CCc1n[nH][nH]1,6,0,,0,
CCc1n[nH]o1,6,0,,0,
CCc1nc1=N,6,0,,0,
CCc1nc1=O,6,0,,0,
CCc1no[nH]1,6,0,,0,
CCc1noo1,6,0,,0,
CCn1[nH]n1C,6,0,,0,
CCn1[nH]n1N,6,0,,0,
CCn1[nH]n1O,6,0,,0,
CCn1c#c[nH]1,6,0,,0,
CCn1c#co1,6,0,,0,
CCn1c2[nH]c1=2,6,0,,0,
CCn1c2cn1-2,6,0,,0,
CCn1c2nn1-2,6,0,,0,
CCn1c2oc1=2,6,0,,0,
CCn1cc[nH]1,6,0,,0,
CCn1cco1,6,0,,0,
CCn1cn[nH]1,6,0,,0,
CCn1cno1,6,0,,0,
CCn1n2[nH]n12,6,0,,0,
CCn1n2n1C2,6,0,,0,
CCn1n2on12,6,0,,0,
CCn1nc[nH]1,6,0,,0,
CCn1nco1,6,0,,0,
CCn1nn[nH]1,6,0,,0,
CCn1nno1,6,0,,0,
CCn1on1C,6,0,,0,
CCn1on1N,6,0,,0,
CCn1on1O,6,0,,0,
CN(C#N)C#N,6,0,,0,
CN(C#N)C=N,6,0,,0,
CN(C#N)C=O,6,0,,0,
CN(C#N)CN,6,0,,0,
CN(C#N)CO,6,0,,0,
CN(C#N)N=N,6,0,,0,
CN(C#N)N=O,6,0,,0,
CN(C#N)NN,6,0,,0,
CN(C#N)NO,6,0,,0,
CN(C#N)ON,6,0,,0,
CN(C#N)OO,6,0,,0,
CN(C)C#CN,6,0,,0,
CN(C)C#CO,6,0,,0,
CN(C)C(=N)N,6,0,,0,
CN(C)C(=N)O,6,0,,0,
CN(C)C(=O)O,6,0,,0,
CN(C)C(N)=O,6,0,,0,
CN(C)C(N)N,6,0,,0,
CN(C)C(N)O,6,0,,0,
CN(C)C(O)O,6,0,,0,
CN(C)C1=C=C1,6,0,,0,
CN(C)C1=C=N1,6,0,,0,
CN(C)C1=CC1,6,0,,0,
CN(C)C1=CN1,6,0,,0,
CN(C)C1=CO1,6,0,,0,
CN(C)C1=NC1,6,0,,0,
CN(C)C1=NN1,6,0,,0,
CN(C)C1=NO1,6,0,,0,
CN(C)C1C#C1,6,0,,0,
CN(C)C1C=C1,6,0,,0,
CN(C)C1C=N1,6,0,,0,
CN(C)C1CC1,6,0,,0,
CN(C)C1CN1,6,0,,0,
CN(C)C1CO1,6,0,,0,
CN(C)C1N=N1,6,0,,0,
CN(C)C1NN1,6,0,,0,
CN(C)C1NO1,6,0,,0,
CN(C)C1OO1,6,0,,0,
CN(C)C=C=N,6,0,,0,
CN(C)C=C=O,6,0,,0,
CN(C)C=CN,6,0,,0,
CN(C)C=CO,6,0,,0,
CN(C)C=NN,6,0,,0,
CN(C)C=NO,6,0,,0,
CN(C)CC#N,6,0,,0,
CN(C)CC=N,6,0,,0,
CN(C)CC=O,6,0,,0,
CN(C)CCN,6,0,,0,
CN(C)CCO,6,0,,0,
CN(C)CN=N,6,0,,0,
CN(C)CN=O,6,0,,0,
CN(C)CNN,6,0,,0,
CN(C)CNO,6,0,,0,
CN(C)CON,6,0,,0,
CN(C)COO,6,0,,0,
CN(C)N(C)C,6,0,,0,
CN(C)N(C)N,6,0,,0,
CN(C)N(C)O,6,0,,0,
CN(C)N(N)N,6,0,,0,
CN(C)N(N)O,6,0,,0,
CN(C)N(O)O,6,0,,0,
CN(C)N1C#C1,6,0,,0,
CN(C)N1C=C1,6,0,,0,
CN(C)N1C=N1,6,0,,0,
CN(C)N1CC1,6,0,,0,
CN(C)N1CN1,6,0,,0,
CN(C)N1CO1,6,0,,0,
CN(C)N1N=N1,6,0,,0,
CN(C)N=C=N,6,0,,0,
CN(C)N=C=O,6,0,,0,
CN(C)N=CN,6,0,,0,
CN(C)N=CO,6,0,,0,
CN(C)N=NN,6,0,,0,
CN(C)N=NO,6,0,,0,
CN(C)NC#N,6,0,,0,
CN(C)NC=N,6,0,,0,
CN(C)NC=O,6,0,,0,
CN(C)NCN,6,0,,0,
CN(C)NCO,6,0,,0,
CN(C)NN=N,6,0,,0,
CN(C)NN=O,6,0,,0,
CN(C)NNN,6,0,,0,
CN(C)NNO,6,0,,0,
CN(C)NON,6,0,,0,
CN(C)NOO,6,0,,0,
CN(C)OC#N,6,0,,0,
CN(C)OC=N,6,0,,0,
CN(C)OC=O,6,0,,0,
CN(C)OCN,6,0,,0,
CN(C)OCO,6,0,,0,
CN(C)ON=N,6,0,,0,
CN(C)ON=O,6,0,,0,
CN(C)ONN,6,0,,0,
CN(C)ONO,6,0,,0,
CN(C)OON,6,0,,0,
CN(C)OOO,6,0,,0,
CN(C)n1[nH][nH]1,6,0,,0,
CN(C)n1[nH]o1,6,0,,0,
CN(C)n1oo1,6,0,,0,
CN(C=N)C=N,6,0,,0,
CN(C=N)C=O,6,0,,0,
CN(C=N)CN,6,0,,0,
CN(C=N)CO,6,0,,0,
CN(C=N)N=N,6,0,,0,
CN(C=N)N=O,6,0,,0,
CN(C=N)NN,6,0,,0,
CN(C=N)NO,6,0,,0,
CN(C=N)ON,6,0,,0,
CN(C=N)OO,6,0,,0,
CN(C=O)C=O,6,0,,0,
CN(C=O)CN,6,0,,0,
CN(C=O)CO,6,0,,0,
CN(C=O)N=N,6,0,,0,
CN(C=O)N=O,6,0,,0,
CN(C=O)NN,6,0,,0,
CN(C=O)NO,6,0,,0,
CN(C=O)ON,6,0,,0,
CN(C=O)OO,6,0,,0,
CN(CN)CN,6,0,,0,
CN(CN)CO,6,0,,0,
CN(CN)N=N,6,0,,0,
CN(CN)N=O,6,0,,0,
CN(CN)NN,6,0,,0,
CN(CN)NO,6,0,,0,
CN(CN)ON,6,0,,0,
CN(CN)OO,6,0,,0,
CN(CO)CO,6,0,,0,
CN(CO)N=N,6,0,,0,
CN(CO)N=O,6,0,,0,
CN(CO)NN,6,0,,0,
CN(CO)NO,6,0,,0,
CN(CO)ON,6,0,,0,
CN(CO)OO,6,0,,0,
CN(N)C#CN,6,0,,0,
CN(N)C#CO,6,0,,0,
CN(N)C(=N)N,6,0,,0,
CN(N)C(=N)O,6,0,,0,
CN(N)C(=O)O,6,0,,0,
CN(N)C(N)=O,6,0,,0,
CN(N)C(N)N,6,0,,0,
CN(N)C(N)O,6,0,,0,
CN(N)C(O)O,6,0,,0,
CN(N)C1=C=C1,6,0,,0,
CN(N)C1=C=N1,6,0,,0,
CN(N)C1=CC1,6,0,,0,
CN(N)C1=CN1,6,0,,0,
CN(N)C1=CO1,6,0,,0,
CN(N)C1=NC1,6,0,,0,
CN(N)C1=NN1,6,0,,0,
CN(N)C1=NO1,6,0,,0,
CN(N)C1C#C1,6,0,,0,
CN(N)C1C=C1,6,0,,0,
CN(N)C1C=N1,6,0,,0,
CN(N)C1CC1,6,0,,0,
CN(N)C1CN1,6,0,,0,
CN(N)C1CO1,6,0,,0,
CN(N)C1N=N1,6,0,,0,
CN(N)C1NN1,6,0,,0,
CN(N)C1NO1,6,0,,0,
CN(N)C1OO1,6,0,,0,
CN(N)C=C=N,6,0,,0,
CN(N)C=C=O,6,0,,0,
CN(N)C=CN,6,0,,0,
CN(N)C=CO,6,0,,0,
CN(N)C=NN,6,0,,0,
CN(N)C=NO,6,0,,0,
CN(N)CC#N,6,0,,0,
CN(N)CC=N,6,0,,0,
CN(N)CC=O,6,0,,0,
CN(N)CCN,6,0,,0,
CN(N)CCO,6,0,,0,
CN(N)CN=N,6,0,,0,
CN(N)CN=O,6,0,,0,
CN(N)CNN,6,0,,0,
CN(N)CNO,6,0,,0,
CN(N)CON,6,0,,0,
CN(N)COO,6,0,,0,
CN(N)N(C)N,6,0,,0,
CN(N)N(C)O,6,0,,0,
CN(N)N(N)N,6,0,,0,
CN(N)N(N)O,6,0,,0,
CN(N)N(O)O,6,0,,0,
CN(N)N1C#C1,6,0,,0,
CN(N)N1C=C1,6,0,,0,
CN(N)N1C=N1,6,0,,0,
CN(N)N1CC1,6,0,,0,
CN(N)N1CN1,6,0,,0,
CN(N)N1CO1,6,0,,0,
CN(N)N1N=N1,6,0,,0,
CN(N)N=C=N,6,0,,0,
CN(N)N=C=O,6,0,,0,
CN(N)N=CN,6,0,,0,
CN(N)N=CO,6,0,,0,
CN(N)N=NN,6,0,,0,
CN(N)N=NO,6,0,,0,
CN(N)NC#N,6,0,,0,
CN(N)NC=N,6,0,,0,
CN(N)NC=O,6,0,,0,
CN(N)NCN,6,0,,0,
CN(N)NCO,6,0,,0,
CN(N)NN=N,6,0,,0,
CN(N)NN=O,6,0,,0,
CN(N)NNN,6,0,,0,
CN(N)NNO,6,0,,0,
CN(N)NON,6,0,,0,
CN(N)NOO,6,0,,0,
CN(N)OC#N,6,0,,0,
CN(N)OC=N,6,0,,0,
CN(N)OC=O,6,0,,0,
CN(N)OCN,6,0,,0,
CN(N)OCO,6,0,,0,
CN(N)ON=N,6,0,,0,
CN(N)ON=O,6,0,,0,
CN(N)ONN,6,0,,0,
CN(N)ONO,6,0,,0,
CN(N)OON,6,0,,0,
CN(N)OOO,6,0,,0,
CN(N)n1[nH][nH]1,6,0,,0,
CN(N)n1[nH]o1,6,0,,0,
CN(N)n1oo1,6,0,,0,
CN(N=N)N=N,6,0,,0,
CN(N=N)N=O,6,0,,0,
CN(N=N)NN,6,0,,0,
CN(N=N)NO,6,0,,0,
CN(N=N)ON,6,0,,0,
CN(N=N)OO,6,0,,0,
CN(N=O)N=O,6,0,,0,
CN(N=O)NN,6,0,,0,
CN(N=O)NO,6,0,,0,
CN(N=O)ON,6,0,,0,
CN(N=O)OO,6,0,,0,
CN(NN)NN,6,0,,0,
CN(NN)NO,6,0,,0,
CN(NN)ON,6,0,,0,
CN(NN)OO,6,0,,0,
CN(NO)NO,6,0,,0,
CN(NO)ON,6,0,,0,
CN(NO)OO,6,0,,0,
CN(O)C#CN,6,0,,0,
CN(O)C#CO,6,0,,0,
CN(O)C(=N)N,6,0,,0,
CN(O)C(=N)O,6,0,,0,
CN(O)C(=O)O,6,0,,0,
CN(O)C(N)=O,6,0,,0,
CN(O)C(N)N,6,0,,0,
CN(O)C(N)O,6,0,,0,
CN(O)C(O)O,6,0,,0,
CN(O)C1=C=C1,6,0,,0,
CN(O)C1=C=N1,6,0,,0,
CN(O)C1=CC1,6,0,,0,
CN(O)C1=CN1,6,0,,0,
CN(O)C1=CO1,6,0,,0,
CN(O)C1=NC1,6,0,,0,
CN(O)C1=NN1,6,0,,0,
CN(O)C1=NO1,6,0,,0,
CN(O)C1C#C1,6,0,,0,
CN(O)C1C=C1,6,0,,0,
CN(O)C1C=N1,6,0,,0,
CN(O)C1CC1,6,0,,0,
CN(O)C1CN1,6,0,,0,
CN(O)C1CO1,6,0,,0,
CN(O)C1N=N1,6,0,,0,
CN(O)C1NN1,6,0,,0,
CN(O)C1NO1,6,0,,0,
CN(O)C1OO1,6,0,,0,
CN(O)C=C=N,6,0,,0,
CN(O)C=C=O,6,0,,0,
CN(O)C=CN,6,0,,0,
CN(O)C=CO,6,0,,0,
CN(O)C=NN,6,0,,0,
CN(O)C=NO,6,0,,0,
CN(O)CC#N,6,0,,0,
CN(O)CC=N,6,0,,0,
CN(O)CC=O,6,0,,0,
CN(O)CCN,6,0,,0,
CN(O)CCO,6,0,,0,
CN(O)CN=N,6,0,,0,
CN(O)CN=O,6,0,,0,
CN(O)CNN,6,0,,0,
CN(O)CNO,6,0,,0,
CN(O)CON,6,0,,0,
CN(O)COO,6,0,,0,
CN(O)N(C)O,6,0,,0,
CN(O)N(N)N,6,0,,0,
CN(O)N(N)O,6,0,,0,
CN(O)N(O)O,6,0,,0,
CN(O)N1C#C1,6,0,,0,
CN(O)N1C=C1,6,0,,0,
CN(O)N1C=N1,6,0,,0,
CN(O)N1CC1,6,0,,0,
CN(O)N1CN1,6,0,,0,
CN(O)N1CO1,6,0,,0,
CN(O)N1N=N1,6,0,,0,
CN(O)N=C=N,6,0,,0,
CN(O)N=C=O,6,0,,0,
CN(O)N=CN,6,0,,0,
CN(O)N=CO,6,0,,0,
CN(O)N=NN,6,0,,0,
CN(O)N=NO,6,0,,0,
CN(O)NC#N,6,0,,0,
CN(O)NC=N,6,0,,0,
CN(O)NC=O,6,0,,0,
CN(O)NCN,6,0,,0,
CN(O)NCO,6,0,,0,
CN(O)NN=N,6,0,,0,
CN(O)NN=O,6,0,,0,
CN(O)NNN,6,0,,0,
CN(O)NNO,6,0,,0,
CN(O)NON,6,0,,0,
CN(O)NOO,6,0,,0,
CN(O)OC#N,6,0,,0,
CN(O)OC=N,6,0,,0,
CN(O)OC=O,6,0,,0,
CN(O)OCN,6,0,,0,
CN(O)OCO,6,0,,0,
CN(O)ON=N,6,0,,0,
CN(O)ON=O,6,0,,0,
CN(O)ONN,6,0,,0,
CN(O)ONO,6,0,,0,
CN(O)OON,6,0,,0,
CN(O)OOO,6,0,,0,
CN(O)n1[nH][nH]1,6,0,,0,
CN(O)n1[nH]o1,6,0,,0,
CN(O)n1oo1,6,0,,0,
CN(ON)ON,6,0,,0,
CN(ON)OO,6,0,,0,
CN(OO)OO,6,0,,0,
CN1C#CC1=N,6,0,,0,
CN1C#CC1=O,6,0,,0,
CN1C#CC1N,6,0,,0,
CN1C#CC1O,6,0,,0,
CN1C#CCC1,6,0,,0,
CN1C#CCN1,6,0,,0,
CN1C#CCO1,6,0,,0,
CN1C#CNC1,6,0,,0,
CN1C#CNN1,6,0,,0,
CN1C#CNO1,6,0,,0,
CN1C#COC1,6,0,,0,
CN1C#CON1,6,0,,0,
CN1C#COO1,6,0,,0,
CN1C(=N)C1N,6,0,,0,
CN1C(=N)C1O,6,0,,0,
CN1C(=N)N1C,6,0,,0,
CN1C(=N)N1N,6,0,,0,
CN1C(=N)N1O,6,0,,0,
CN1C(=O)C1N,6,0,,0,
CN1C(=O)C1O,6,0,,0,
CN1C(=O)N1C,6,0,,0,
CN1C(=O)N1N,6,0,,0,
CN1C(=O)N1O,6,0,,0,
CN1C(N)=C1N,6,0,,0,
CN1C(N)=C1O,6,0,,0,
CN1C(N)C1N,6,0,,0,
CN1C(N)C1O,6,0,,0,
CN1C(N)N1C,6,0,,0,
CN1C(N)N1N,6,0,,0,
CN1C(N)N1O,6,0,,0,
CN1C(O)=C1O,6,0,,0,
CN1C(O)C1O,6,0,,0,
CN1C(O)N1C,6,0,,0,
CN1C(O)N1N,6,0,,0,
CN1C(O)N1O,6,0,,0,
CN1C23C4=C2C413,6,0,,0,
CN1C23C4C2C413,6,0,,0,
CN1C23C4N2C413,6,0,,0,
CN1C23CC12C3,6,0,,0,
CN1C23CC12N3,6,0,,0,
CN1C23CC12O3,6,0,,0,
CN1C23N4N2C143,6,0,,0,
CN1C23NC12N3,6,0,,0,
CN1C23NC12O3,6,0,,0,
CN1C23OC12O3,6,0,,0,
CN1C2=C(N)C21,6,0,,0,
CN1C2=C(O)C21,6,0,,0,
CN1C2=C1C2N,6,0,,0,
CN1C2=C1C2O,6,0,,0,
CN1C2=C1CC2,6,0,,0,
CN1C2=C1NC2,6,0,,0,
CN1C2=C1OC2,6,0,,0,
CN1C2=C3C1N32,6,0,,0,
CN1C2=C3C2C31,6,0,,0,
CN1C2=C3CC321,6,0,,0,
CN1C2=C3NC321,6,0,,0,
CN1C2=C3OC321,6,0,,0,
CN1C2=C=C1C2,6,0,,0,
CN1C2=C=C=C21,6,0,,0,
CN1C2=C=CC21,6,0,,0,
CN1C2=C=CN21,6,0,,0,
CN1C2=C=NC21,6,0,,0,
CN1C2=C=NN21,6,0,,0,
CN1C2=CC1=C2,6,0,,0,
CN1C2=CC1=N2,6,0,,0,
CN1C2=CC1C2,6,0,,0,
CN1C2=CC1N2,6,0,,0,
CN1C2=CC1O2,6,0,,0,
CN1C2=CC21C,6,0,,0,
CN1C2=CC21N,6,0,,0,
CN1C2=CC21O,6,0,,0,
CN1C2=CCC21,6,0,,0,
CN1C2=CCN21,6,0,,0,
CN1C2=CNC21,6,0,,0,
CN1C2=COC21,6,0,,0,
CN1C2=NC1=N2,6,0,,0,
CN1C2=NC1C2,6,0,,0,
CN1C2=NC1N2,6,0,,0,
CN1C2=NC1O2,6,0,,0,
CN1C2=NC21C,6,0,,0,
CN1C2=NC21N,6,0,,0,
CN1C2=NC21O,6,0,,0,
CN1C2=NCC21,6,0,,0,
CN1C2=NCN21,6,0,,0,
CN1C2=NNC21,6,0,,0,
CN1C2=NOC21,6,0,,0,
CN1C2C#CC21,6,0,,0,
CN1C2C#CN21,6,0,,0,
CN1C2C(=N)C21,6,0,,0,
CN1C2C(=N)N21,6,0,,0,
CN1C2C(=O)C21,6,0,,0,
CN1C2C(=O)N21,6,0,,0,
CN1C2C(N)C21,6,0,,0,
CN1C2C(N)N21,6,0,,0,
CN1C2C(O)C21,6,0,,0,
CN1C2C(O)N21,6,0,,0,
CN1C2C1N2C,6,0,,0,
CN1C2C1N2N,6,0,,0,
CN1C2C1N2O,6,0,,0,
CN1C2C3=C2C31,6,0,,0,
CN1C2C3=C2N31,6,0,,0,
CN1C2C3=CC321,6,0,,0,
CN1C2C3=NC321,6,0,,0,
CN1C2C3C1N32,6,0,,0,
CN1C2C3C2C31,6,0,,0,
CN1C2C3C2N31,6,0,,0,
CN1C2C3CC321,6,0,,0,
CN1C2C3N2N31,6,0,,0,
CN1C2C3NC321,6,0,,0,
CN1C2C3OC321,6,0,,0,
CN1C2C=CC21,6,0,,0,
CN1C2C=CN21,6,0,,0,
CN1C2C=NC21,6,0,,0,
CN1C2C=NN21,6,0,,0,
CN1C2CC1C2,6,0,,0,
CN1C2CC1N2,6,0,,0,
CN1C2CC1O2,6,0,,0,
CN1C2CC21C,6,0,,0,
CN1C2CC21N,6,0,,0,
CN1C2CC21O,6,0,,0,
CN1C2CCC21,6,0,,0,
CN1C2CCN21,6,0,,0,
CN1C2CN1C2,6,0,,0,
CN1C2CN1N2,6,0,,0,
CN1C2CN1O2,6,0,,0,
CN1C2CNC21,6,0,,0,
CN1C2CNN21,6,0,,0,
CN1C2COC21,6,0,,0,
CN1C2CON21,6,0,,0,
CN1C2N(C)N21,6,0,,0,
CN1C2N(N)N21,6,0,,0,
CN1C2N(O)N21,6,0,,0,
CN1C2N3C1N23,6,0,,0,
CN1C2N3CC213,6,0,,0,
CN1C2N3NC213,6,0,,0,
CN1C2N3OC213,6,0,,0,
CN1C2N=CN21,6,0,,0,
CN1C2N=NC21,6,0,,0,
CN1C2N=NN21,6,0,,0,
CN1C2NC1N2,6,0,,0,
CN1C2NC1O2,6,0,,0,
CN1C2NC21C,6,0,,0,
CN1C2NC21N,6,0,,0,
CN1C2NC21O,6,0,,0,
CN1C2NCN21,6,0,,0,
CN1C2NN1N2,6,0,,0,
CN1C2NN1O2,6,0,,0,
CN1C2NNC21,6,0,,0,
CN1C2NNN21,6,0,,0,
CN1C2NOC21,6,0,,0,
CN1C2NON21,6,0,,0,
CN1C2OC1O2,6,0,,0,
CN1C2OC21C,6,0,,0,
CN1C2OC21N,6,0,,0,
CN1C2OC21O,6,0,,0,
CN1C2OCN21,6,0,,0,
CN1C2ON1O2,6,0,,0,
CN1C2ONN21,6,0,,0,
CN1C2OOC21,6,0,,0,
CN1C2OON21,6,0,,0,
CN1C2n3n2n31,6,0,,0,
CN1C=C(N)C1,6,0,,0,
CN1C=C(O)C1,6,0,,0,
CN1C=C1C#N,6,0,,0,
CN1C=C1C=N,6,0,,0,
CN1C=C1C=O,6,0,,0,
CN1C=C1CN,6,0,,0,
CN1C=C1CO,6,0,,0,
CN1C=C1N=N,6,0,,0,
CN1C=C1N=O,6,0,,0,
CN1C=C1NN,6,0,,0,
CN1C=C1NO,6,0,,0,
CN1C=C1ON,6,0,,0,
CN1C=C1OO,6,0,,0,
CN1C=C2CC21,6,0,,0,
CN1C=C2NC21,6,0,,0,
CN1C=C2OC21,6,0,,0,
CN1C=C=C1N,6,0,,0,
CN1C=C=C1O,6,0,,0,
CN1C=C=C=C1,6,0,,0,
CN1C=C=C=N1,6,0,,0,
CN1C=C=CC1,6,0,,0,
CN1C=C=CN1,6,0,,0,
CN1C=C=CO1,6,0,,0,
CN1C=C=NC1,6,0,,0,
CN1C=C=NN1,6,0,,0,
CN1C=C=NO1,6,0,,0,
CN1C=CC1=N,6,0,,0,
CN1C=CC1=O,6,0,,0,
CN1C=CC1N,6,0,,0,
CN1C=CC1O,6,0,,0,
CN1C=CCC1,6,0,,0,
CN1C=CCN1,6,0,,0,
CN1C=CCO1,6,0,,0,
CN1C=CNC1,6,0,,0,
CN1C=CNN1,6,0,,0,
CN1C=CNO1,6,0,,0,
CN1C=COC1,6,0,,0,
CN1C=CON1,6,0,,0,
CN1C=COO1,6,0,,0,
CN1C=NC1=N,6,0,,0,
CN1C=NC1=O,6,0,,0,
CN1C=NC1N,6,0,,0,
CN1C=NC1O,6,0,,0,
CN1C=NCC1,6,0,,0,
CN1C=NCN1,6,0,,0,
CN1C=NCO1,6,0,,0,
CN1C=NNC1,6,0,,0,
CN1C=NNN1,6,0,,0,
CN1C=NNO1,6,0,,0,
CN1C=NOC1,6,0,,0,
CN1C=NON1,6,0,,0,
CN1C=NOO1,6,0,,0,
CN1CC#CC1,6,0,,0,
CN1CC#CN1,6,0,,0,
CN1CC#CO1,6,0,,0,
CN1CC(=N)C1,6,0,,0,
CN1CC(=N)N1,6,0,,0,
CN1CC(=N)O1,6,0,,0,
CN1CC(=O)C1,6,0,,0,
CN1CC(=O)N1,6,0,,0,
CN1CC(=O)O1,6,0,,0,
CN1CC(N)=N1,6,0,,0,
CN1CC(N)C1,6,0,,0,
CN1CC(N)N1,6,0,,0,
CN1CC(N)O1,6,0,,0,
CN1CC(O)=N1,6,0,,0,
CN1CC(O)C1,6,0,,0,
CN1CC(O)N1,6,0,,0,
CN1CC(O)O1,6,0,,0,
CN1CC1(C)C,6,0,,0,
CN1CC1(C)N,6,0,,0,
CN1CC1(C)O,6,0,,0,
CN1CC1(N)N,6,0,,0,
CN1CC1(N)O,6,0,,0,
CN1CC1(O)O,6,0,,0,
CN1CC12C#C2,6,0,,0,
CN1CC12C=C2,6,0,,0,
CN1CC12C=N2,6,0,,0,
CN1CC12CC2,6,0,,0,
CN1CC12CN2,6,0,,0,
CN1CC12CO2,6,0,,0,
CN1CC12N=N2,6,0,,0,
CN1CC12NN2,6,0,,0,
CN1CC12NO2,6,0,,0,
CN1CC12OO2,6,0,,0,
CN1CC1=C=N,6,0,,0,
CN1CC1=C=O,6,0,,0,
CN1CC1=CN,6,0,,0,
CN1CC1=CO,6,0,,0,
CN1CC1=NN,6,0,,0,
CN1CC1=NO,6,0,,0,
CN1CC1C#N,6,0,,0,
CN1CC1C=N,6,0,,0,
CN1CC1C=O,6,0,,0,
CN1CC1CN,6,0,,0,
CN1CC1CO,6,0,,0,
CN1CC1N=N,6,0,,0,
CN1CC1N=O,6,0,,0,
CN1CC1NN,6,0,,0,
CN1CC1NO,6,0,,0,
CN1CC1ON,6,0,,0,
CN1CC1OO,6,0,,0,
CN1CC2=C1C2,6,0,,0,
CN1CC2=C1N2,6,0,,0,
CN1CC2=C1O2,6,0,,0,
CN1CC2=C=C21,6,0,,0,
CN1CC2=CC21,6,0,,0,
CN1CC2=CN21,6,0,,0,
CN1CC2=NC21,6,0,,0,
CN1CC2=NN21,6,0,,0,
CN1CC2C=C21,6,0,,0,
CN1CC2CC21,6,0,,0,
CN1CC2CN21,6,0,,0,
CN1CC2N=C21,6,0,,0,
CN1CC2NC21,6,0,,0,
CN1CC2NN21,6,0,,0,
CN1CC2OC21,6,0,,0,
CN1CC2ON21,6,0,,0,
CN1CC=C1N,6,0,,0,
CN1CC=C1O,6,0,,0,
CN1CC=C=N1,6,0,,0,
CN1CC=CC1,6,0,,0,
CN1CC=CN1,6,0,,0,
CN1CC=CO1,6,0,,0,
CN1CC=NC1,6,0,,0,
CN1CC=NN1,6,0,,0,
CN1CC=NO1,6,0,,0,
CN1CCC1=N,6,0,,0,
CN1CCC1=O,6,0,,0,
CN1CCC1N,6,0,,0,
CN1CCC1O,6,0,,0,
CN1CCC=N1,6,0,,0,
CN1CCCC1,6,0,,0,
CN1CCCN1,6,0,,0,
CN1CCCO1,6,0,,0,
CN1CCN1C,6,0,,0,
CN1CCN1N,6,0,,0,
CN1CCN1O,6,0,,0,
CN1CCN=N1,6,0,,0,
CN1CCNC1,6,0,,0,
CN1CCNN1,6,0,,0,
CN1CCNO1,6,0,,0,
CN1CCOC1,6,0,,0,
CN1CCON1,6,0,,0,
CN1CCOO1,6,0,,0,
CN1CN(C)C1,6,0,,0,
CN1CN(C)N1,6,0,,0,
CN1CN(C)O1,6,0,,0,
CN1CN(N)C1,6,0,,0,
CN1CN(N)N1,6,0,,0,
CN1CN(N)O1,6,0,,0,
CN1CN(O)C1,6,0,,0,
CN1CN(O)N1,6,0,,0,
CN1CN(O)O1,6,0,,0,
CN1CN1C#N,6,0,,0,
CN1CN1C=N,6,0,,0,
CN1CN1C=O,6,0,,0,
CN1CN1CN,6,0,,0,
CN1CN1CO,6,0,,0,
CN1CN1N=N,6,0,,0,
CN1CN1N=O,6,0,,0,
CN1CN1NN,6,0,,0,
CN1CN1NO,6,0,,0,
CN1CN1ON,6,0,,0,
CN1CN1OO,6,0,,0,
CN1CN2C=C12,6,0,,0,
CN1CN2CC12,6,0,,0,
CN1CN2CN12,6,0,,0,
CN1CN2N=C12,6,0,,0,
CN1CN2NC12,6,0,,0,
CN1CN2OC12,6,0,,0,
CN1CN=C1N,6,0,,0,
CN1CN=C1O,6,0,,0,
CN1CN=C=N1,6,0,,0,
CN1CN=CN1,6,0,,0,
CN1CN=CO1,6,0,,0,
CN1CN=NC1,6,0,,0,
CN1CN=NN1,6,0,,0,
CN1CN=NO1,6,0,,0,
CN1CNC1=N,6,0,,0,
CN1CNC1=O,6,0,,0,
CN1CNC1N,6,0,,0,
CN1CNC1O,6,0,,0,
CN1CNC=N1,6,0,,0,
CN1CNCN1,6,0,,0,
CN1CNCO1,6,0,,0,
CN1CNN1C,6,0,,0,
CN1CNN1N,6,0,,0,
CN1CNN1O,6,0,,0,
CN1CNN=N1,6,0,,0,
CN1CNNC1,6,0,,0,
CN1CNNN1,6,0,,0,
CN1CNNO1,6,0,,0,
CN1CNOC1,6,0,,0,
CN1CNON1,6,0,,0,
CN1CNOO1,6,0,,0,
CN1COC1=N,6,0,,0,
CN1COC1=O,6,0,,0,
CN1COC1N,6,0,,0,
CN1COC1O,6,0,,0,
CN1COC=N1,6,0,,0,
CN1COCN1,6,0,,0,
CN1COCO1,6,0,,0,
CN1CON1C,6,0,,0,
CN1CON1N,6,0,,0,
CN1CON1O,6,0,,0,
CN1CON=N1,6,0,,0,
CN1CONN1,6,0,,0,
CN1CONO1,6,0,,0,
CN1COOC1,6,0,,0,
CN1COON1,6,0,,0,
CN1COOO1,6,0,,0,
CN1Cn2[nH]n21,6,0,,0,
CN1Cn2on21,6,0,,0,
CN1N2C3=CC312,6,0,,0,
CN1N2C3=NC312,6,0,,0,
CN1N2C3C2N31,6,0,,0,
CN1N2C3CC312,6,0,,0,
CN1N2C3N1N32,6,0,,0,
CN1N2C3NC312,6,0,,0,
CN1N2C3OC312,6,0,,0,
CN1N2CC12C,6,0,,0,
CN1N2CC12N,6,0,,0,
CN1N2CC12O,6,0,,0,
CN1N2CN1C2,6,0,,0,
CN1N2CN1N2,6,0,,0,
CN1N2CN1O2,6,0,,0,
CN1N2N3CC132,6,0,,0,
CN1N2N3NC132,6,0,,0,
CN1N2N3OC132,6,0,,0,
CN1N2NC12C,6,0,,0,
CN1N2NC12N,6,0,,0,
CN1N2NC12O,6,0,,0,
CN1N2NN1N2,6,0,,0,
CN1N2NN1O2,6,0,,0,
CN1N2OC12C,6,0,,0,
CN1N2OC12N,6,0,,0,
CN1N2OC12O,6,0,,0,
CN1N2ON1O2,6,0,,0,
CN1N=C1C#N,6,0,,0,
CN1N=C1C=N,6,0,,0,
CN1N=C1C=O,6,0,,0,
CN1N=C1CN,6,0,,0,
CN1N=C1CO,6,0,,0,
CN1N=C1N=N,6,0,,0,
CN1N=C1N=O,6,0,,0,
CN1N=C1NN,6,0,,0,
CN1N=C1NO,6,0,,0,
CN1N=C1ON,6,0,,0,
CN1N=C1OO,6,0,,0,
CN1N=C2CC21,6,0,,0,
CN1N=C2NC21,6,0,,0,
CN1N=C2OC21,6,0,,0,
CN1N=C=C1N,6,0,,0,
CN1N=C=C1O,6,0,,0,
CN1N=C=C=N1,6,0,,0,
CN1N=C=CN1,6,0,,0,
CN1N=C=CO1,6,0,,0,
CN1N=C=NN1,6,0,,0,
CN1N=C=NO1,6,0,,0,
CN1N=CC1=N,6,0,,0,
CN1N=CC1=O,6,0,,0,
CN1N=CC1N,6,0,,0,
CN1N=CC1O,6,0,,0,
CN1N=CCN1,6,0,,0,
CN1N=CCO1,6,0,,0,
CN1N=CNN1,6,0,,0,
CN1N=CNO1,6,0,,0,
CN1N=CON1,6,0,,0,
CN1N=COO1,6,0,,0,
CN1N=NC1=N,6,0,,0,
CN1N=NC1=O,6,0,,0,
CN1N=NC1N,6,0,,0,
CN1N=NC1O,6,0,,0,
CN1N=NCN1,6,0,,0,
CN1N=NCO1,6,0,,0,
CN1N=NNN1,6,0,,0,
CN1N=NNO1,6,0,,0,
CN1N=NON1,6,0,,0,
CN1N=NOO1,6,0,,0,
CN1NC#CN1,6,0,,0,
CN1NC#CO1,6,0,,0,
CN1NC(N)N1,6,0,,0,
CN1NC(N)O1,6,0,,0,
CN1NC(O)N1,6,0,,0,
CN1NC(O)O1,6,0,,0,
CN1NC1(C)C,6,0,,0,
CN1NC1(C)N,6,0,,0,
CN1NC1(C)O,6,0,,0,
CN1NC1(N)N,6,0,,0,
CN1NC1(N)O,6,0,,0,
CN1NC1(O)O,6,0,,0,
CN1NC12C#C2,6,0,,0,
CN1NC12C=C2,6,0,,0,
CN1NC12C=N2,6,0,,0,
CN1NC12CC2,6,0,,0,
CN1NC12CN2,6,0,,0,
CN1NC12CO2,6,0,,0,
CN1NC12N=N2,6,0,,0,
CN1NC12NN2,6,0,,0,
CN1NC12NO2,6,0,,0,
CN1NC12OO2,6,0,,0,
CN1NC1=C=N,6,0,,0,
CN1NC1=C=O,6,0,,0,
CN1NC1=CN,6,0,,0,
CN1NC1=CO,6,0,,0,
CN1NC1=NN,6,0,,0,
CN1NC1=NO,6,0,,0,
CN1NC1C#N,6,0,,0,
CN1NC1C=N,6,0,,0,
CN1NC1C=O,6,0,,0,
CN1NC1CN,6,0,,0,
CN1NC1CO,6,0,,0,
CN1NC1N=N,6,0,,0,
CN1NC1N=O,6,0,,0,
CN1NC1NN,6,0,,0,
CN1NC1NO,6,0,,0,
CN1NC1ON,6,0,,0,
CN1NC1OO,6,0,,0,
CN1NC2=CC21,6,0,,0,
CN1NC2=CN21,6,0,,0,
CN1NC2=NC21,6,0,,0,
CN1NC2=NN21,6,0,,0,
CN1NC2C=C21,6,0,,0,
CN1NC2CC21,6,0,,0,
CN1NC2CN21,6,0,,0,
CN1NC2N=C21,6,0,,0,
CN1NC2NC21,6,0,,0,
CN1NC2NN21,6,0,,0,
CN1NC2OC21,6,0,,0,
CN1NC2ON21,6,0,,0,
CN1NC=CN1,6,0,,0,
CN1NC=CO1,6,0,,0,
CN1NC=NN1,6,0,,0,
CN1NC=NO1,6,0,,0,
CN1NCC1=N,6,0,,0,
CN1NCC1=O,6,0,,0,
CN1NCC1N,6,0,,0,
CN1NCC1O,6,0,,0,
CN1NCCN1,6,0,,0,
CN1NCCO1,6,0,,0,
CN1NCN1N,6,0,,0,
CN1NCN1O,6,0,,0,
CN1NCNN1,6,0,,0,
CN1NCNO1,6,0,,0,
CN1NCON1,6,0,,0,
CN1NCOO1,6,0,,0,
CN1NN(C)N1,6,0,,0,
CN1NN(C)O1,6,0,,0,
CN1NN(N)N1,6,0,,0,
CN1NN(N)O1,6,0,,0,
CN1NN(O)N1,6,0,,0,
CN1NN(O)O1,6,0,,0,
CN1NN2C=C12,6,0,,0,
CN1NN2CC12,6,0,,0,
CN1NN2CN12,6,0,,0,
CN1NN2N=C12,6,0,,0,
CN1NN2NC12,6,0,,0,
CN1NN2OC12,6,0,,0,
CN1NN=CO1,6,0,,0,
CN1NN=NN1,6,0,,0,
CN1NN=NO1,6,0,,0,
CN1NNC1N,6,0,,0,
CN1NNC1O,6,0,,0,
CN1NNCO1,6,0,,0,
CN1NNN1C,6,0,,0,
CN1NNN1N,6,0,,0,
CN1NNN1O,6,0,,0,
CN1NOC1N,6,0,,0,
CN1NOC1O,6,0,,0,
CN1NOCO1,6,0,,0,
CN1NON1C,6,0,,0,
CN1NON1N,6,0,,0,
CN1NON1O,6,0,,0,
CN1OC#CO1,6,0,,0,
CN1OC(N)O1,6,0,,0,
CN1OC(O)O1,6,0,,0,
CN1OC1(C)C,6,0,,0,
CN1OC1(C)N,6,0,,0,
CN1OC1(C)O,6,0,,0,
CN1OC1(N)N,6,0,,0,
CN1OC1(N)O,6,0,,0,
CN1OC1(O)O,6,0,,0,
CN1OC12C#C2,6,0,,0,
CN1OC12C=C2,6,0,,0,
CN1OC12C=N2,6,0,,0,
CN1OC12CC2,6,0,,0,
CN1OC12CN2,6,0,,0,
CN1OC12CO2,6,0,,0,
CN1OC12N=N2,6,0,,0,
CN1OC12NN2,6,0,,0,
CN1OC12NO2,6,0,,0,
CN1OC12OO2,6,0,,0,
CN1OC1=C=N,6,0,,0,
CN1OC1=C=O,6,0,,0,
CN1OC1=CN,6,0,,0,
CN1OC1=CO,6,0,,0,
CN1OC1=NN,6,0,,0,
CN1OC1=NO,6,0,,0,
CN1OC1C#N,6,0,,0,
CN1OC1C=N,6,0,,0,
CN1OC1C=O,6,0,,0,
CN1OC1CN,6,0,,0,
CN1OC1CO,6,0,,0,
CN1OC1N=N,6,0,,0,
CN1OC1N=O,6,0,,0,
CN1OC1NN,6,0,,0,
CN1OC1NO,6,0,,0,
CN1OC1ON,6,0,,0,
CN1OC1OO,6,0,,0,
CN1OC2=CC21,6,0,,0,
CN1OC2=CN21,6,0,,0,
CN1OC2=NC21,6,0,,0,
CN1OC2=NN21,6,0,,0,
CN1OC2C=C21,6,0,,0,
CN1OC2CC21,6,0,,0,
CN1OC2CN21,6,0,,0,
CN1OC2N=C21,6,0,,0,
CN1OC2NC21,6,0,,0,
CN1OC2NN21,6,0,,0,
CN1OC2OC21,6,0,,0,
CN1OC2ON21,6,0,,0,
CN1OC=CO1,6,0,,0,
CN1OC=NO1,6,0,,0,
CN1OCC1=N,6,0,,0,
CN1OCC1=O,6,0,,0,
CN1OCC1N,6,0,,0,
CN1OCC1O,6,0,,0,
CN1OCCO1,6,0,,0,
CN1OCN1N,6,0,,0,
CN1OCN1O,6,0,,0,
CN1OCNO1,6,0,,0,
CN1OCOO1,6,0,,0,
CN1ON(C)O1,6,0,,0,
CN1ON(N)O1,6,0,,0,
CN1ON(O)O1,6,0,,0,
CN1ON2C=C12,6,0,,0,
CN1ON2CC12,6,0,,0,
CN1ON2CN12,6,0,,0,
CN1ON2N=C12,6,0,,0,
CN1ON2NC12,6,0,,0,
CN1ON2OC12,6,0,,0,
CN1ON=NO1,6,0,,0,
CN1ONC1N,6,0,,0,
CN1ONC1O,6,0,,0,
CN1ONN1N,6,0,,0,
CN1ONN1O,6,0,,0,
CN1OOC1N,6,0,,0,
CN1OOC1O,6,0,,0,
CN1OON1C,6,0,,0,
CN1OON1N,6,0,,0,
CN1OON1O,6,0,,0,
CN1c2[nH][nH]c21,6,0,,0,
CN1c2[nH]oc21,6,0,,0,
CN1c2c1c2=N,6,0,,0,
CN1c2c1c2=O,6,0,,0,
CN1c2c[nH]n21,6,0,,0,
CN1c2con21,6,0,,0,
CN1c2n[nH]n21,6,0,,0,
CN1c2non21,6,0,,0,
CN1c2ooc21,6,0,,0,
CN1n2c3c2n31,6,0,,0,
CN=C(C)C#N,6,0,,0,
CN=C(C)C=N,6,0,,0,
CN=C(C)C=O,6,0,,0,
CN=C(C)CN,6,0,,0,
CN=C(C)CO,6,0,,0,
CN=C(C)N=N,6,0,,0,
CN=C(C)N=O,6,0,,0,
CN=C(C)NC,6,0,,0,
CN=C(C)NN,6,0,,0,
CN=C(C)NO,6,0,,0,
CN=C(C)OC,6,0,,0,
CN=C(C)ON,6,0,,0,
CN=C(C)OO,6,0,,0,
CN=C(N)C#N,6,0,,0,
CN=C(N)C=N,6,0,,0,
CN=C(N)C=O,6,0,,0,
CN=C(N)CN,6,0,,0,
CN=C(N)CO,6,0,,0,
CN=C(N)N=N,6,0,,0,
CN=C(N)N=O,6,0,,0,
CN=C(N)NC,6,0,,0,
CN=C(N)NN,6,0,,0,
CN=C(N)NO,6,0,,0,
CN=C(N)OC,6,0,,0,
CN=C(N)ON,6,0,,0,
CN=C(N)OO,6,0,,0,
CN=C(O)C#N,6,0,,0,
CN=C(O)C=N,6,0,,0,
CN=C(O)C=O,6,0,,0,
CN=C(O)CN,6,0,,0,
CN=C(O)CO,6,0,,0,
CN=C(O)N=N,6,0,,0,
CN=C(O)N=O,6,0,,0,
CN=C(O)NC,6,0,,0,
CN=C(O)NN,6,0,,0,
CN=C(O)NO,6,0,,0,
CN=C(O)OC,6,0,,0,
CN=C(O)ON,6,0,,0,
CN=C(O)OO,6,0,,0,
CN=C1C#CC1,6,0,,0,
CN=C1C#CN1,6,0,,0,
CN=C1C#CO1,6,0,,0,
CN=C1C2=CC21,6,0,,0,
CN=C1C2=CN21,6,0,,0,
CN=C1C2=NC12,6,0,,0,
CN=C1C2=NN12,6,0,,0,
CN=C1C2CC12,6,0,,0,
CN=C1C2CN12,6,0,,0,
CN=C1C2NC12,6,0,,0,
CN=C1C2NN12,6,0,,0,
CN=C1C2OC12,6,0,,0,
CN=C1C2ON12,6,0,,0,
CN=C1C=C=C1,6,0,,0,
CN=C1C=C=N1,6,0,,0,
CN=C1C=CC1,6,0,,0,
CN=C1C=CN1,6,0,,0,
CN=C1C=CO1,6,0,,0,
CN=C1C=NC1,6,0,,0,
CN=C1C=NN1,6,0,,0,
CN=C1C=NO1,6,0,,0,
CN=C1CC1=N,6,0,,0,
CN=C1CC1=O,6,0,,0,
CN=C1CC1C,6,0,,0,
CN=C1CC1N,6,0,,0,
CN=C1CC1O,6,0,,0,
CN=C1CC=N1,6,0,,0,
CN=C1CCC1,6,0,,0,
CN=C1CCN1,6,0,,0,
CN=C1CCO1,6,0,,0,
CN=C1CN1C,6,0,,0,
CN=C1CN1N,6,0,,0,
CN=C1CN1O,6,0,,0,
CN=C1CN=N1,6,0,,0,
CN=C1CNC1,6,0,,0,
CN=C1CNN1,6,0,,0,
CN=C1CNO1,6,0,,0,
CN=C1COC1,6,0,,0,
CN=C1CON1,6,0,,0,
CN=C1COO1,6,0,,0,
CN=C1N2CN12,6,0,,0,
CN=C1N=C=N1,6,0,,0,
CN=C1N=CN1,6,0,,0,
CN=C1N=CO1,6,0,,0,
CN=C1N=NN1,6,0,,0,
CN=C1N=NO1,6,0,,0,
CN=C1NC1C,6,0,,0,
CN=C1NC1N,6,0,,0,
CN=C1NC1O,6,0,,0,
CN=C1NCN1,6,0,,0,
CN=C1NCO1,6,0,,0,
CN=C1NN1C,6,0,,0,
CN=C1NN1N,6,0,,0,
CN=C1NN1O,6,0,,0,
CN=C1OC1C,6,0,,0,
CN=C1OC1N,6,0,,0,
CN=C1OC1O,6,0,,0,
CN=C1OCO1,6,0,,0,
CN=C1ON1C,6,0,,0,
CN=C1ON1N,6,0,,0,
CN=C1ON1O,6,0,,0,
CN=C=C(C)C,6,0,,0,
CN=C=C(C)N,6,0,,0,
CN=C=C(C)O,6,0,,0,
CN=C=C(N)N,6,0,,0,
CN=C=C(N)O,6,0,,0,
CN=C=C(O)O,6,0,,0,
CN=C=C1C#C1,6,0,,0,
CN=C=C1C=C1,6,0,,0,
CN=C=C1C=N1,6,0,,0,
CN=C=C1CC1,6,0,,0,
CN=C=C1CN1,6,0,,0,
CN=C=C1CO1,6,0,,0,
CN=C=C1N=N1,6,0,,0,
CN=C=C1NN1,6,0,,0,
CN=C=C1NO1,6,0,,0,
CN=C=C1OO1,6,0,,0,
CN=C=C=C=N,6,0,,0,
CN=C=C=C=O,6,0,,0,
CN=C=C=CN,6,0,,0,
CN=C=C=CO,6,0,,0,
CN=C=C=NC,6,0,,0,
CN=C=C=NN,6,0,,0,
CN=C=C=NO,6,0,,0,
CN=C=CC#N,6,0,,0,
CN=C=CC=N,6,0,,0,
CN=C=CC=O,6,0,,0,
CN=C=CCN,6,0,,0,
CN=C=CCO,6,0,,0,
CN=C=CN=N,6,0,,0,
CN=C=CN=O,6,0,,0,
CN=C=CNC,6,0,,0,
CN=C=CNN,6,0,,0,
CN=C=CNO,6,0,,0,
CN=C=COC,6,0,,0,
CN=C=CON,6,0,,0,
CN=C=COO,6,0,,0,
CN=C=NC#N,6,0,,0,
CN=C=NC=N,6,0,,0,
CN=C=NC=O,6,0,,0,
CN=C=NCN,6,0,,0,
CN=C=NCO,6,0,,0,
CN=C=NN=N,6,0,,0,
CN=C=NN=O,6,0,,0,
CN=C=NNC,6,0,,0,
CN=C=NNN,6,0,,0,
CN=C=NNO,6,0,,0,
CN=C=NOC,6,0,,0,
CN=C=NON,6,0,,0,
CN=C=NOO,6,0,,0,
CN=CC#CN,6,0,,0,
CN=CC#CO,6,0,,0,
CN=CC(=N)N,6,0,,0,
CN=CC(=N)O,6,0,,0,
CN=CC(=O)O,6,0,,0,
CN=CC(C)=N,6,0,,0,
CN=CC(C)=O,6,0,,0,
CN=CC(C)C,6,0,,0,
CN=CC(C)N,6,0,,0,
CN=CC(C)O,6,0,,0,
CN=CC(N)=O,6,0,,0,
CN=CC(N)N,6,0,,0,
CN=CC(N)O,6,0,,0,
CN=CC(O)O,6,0,,0,
CN=CC1=C=C1,6,0,,0,
CN=CC1=C=N1,6,0,,0,
CN=CC1=CC1,6,0,,0,
CN=CC1=CN1,6,0,,0,
CN=CC1=CO1,6,0,,0,
CN=CC1=NC1,6,0,,0,
CN=CC1=NN1,6,0,,0,
CN=CC1=NO1,6,0,,0,
CN=CC1C#C1,6,0,,0,
CN=CC1C=C1,6,0,,0,
CN=CC1C=N1,6,0,,0,
CN=CC1CC1,6,0,,0,
CN=CC1CN1,6,0,,0,
CN=CC1CO1,6,0,,0,
CN=CC1N=N1,6,0,,0,
CN=CC1NN1,6,0,,0,
CN=CC1NO1,6,0,,0,
CN=CC1OO1,6,0,,0,
CN=CC=C=N,6,0,,0,
CN=CC=C=O,6,0,,0,
CN=CC=CN,6,0,,0,
CN=CC=CO,6,0,,0,
CN=CC=NC,6,0,,0,
CN=CC=NN,6,0,,0,
CN=CC=NO,6,0,,0,
CN=CCC#N,6,0,,0,
CN=CCC=N,6,0,,0,
CN=CCC=O,6,0,,0,
CN=CCCN,6,0,,0,
CN=CCCO,6,0,,0,
CN=CCN=N,6,0,,0,
CN=CCN=O,6,0,,0,
CN=CCNC,6,0,,0,
CN=CCNN,6,0,,0,
CN=CCNO,6,0,,0,
CN=CCOC,6,0,,0,
CN=CCON,6,0,,0,
CN=CCOO,6,0,,0,
CN=CN(C)C,6,0,,0,
CN=CN(C)N,6,0,,0,
CN=CN(C)O,6,0,,0,
CN=CN(N)N,6,0,,0,
CN=CN(N)O,6,0,,0,
CN=CN(O)O,6,0,,0,
CN=CN1C#C1,6,0,,0,
CN=CN1C=C1,6,0,,0,
CN=CN1C=N1,6,0,,0,
CN=CN1CC1,6,0,,0,
CN=CN1CN1,6,0,,0,
CN=CN1CO1,6,0,,0,
CN=CN1N=N1,6,0,,0,
CN=CN=C=N,6,0,,0,
CN=CN=C=O,6,0,,0,
CN=CN=CN,6,0,,0,
CN=CN=CO,6,0,,0,
CN=CN=NC,6,0,,0,
CN=CN=NN,6,0,,0,
CN=CN=NO,6,0,,0,
CN=CNC#N,6,0,,0,
CN=CNC=N,6,0,,0,
CN=CNC=O,6,0,,0,
CN=CNCN,6,0,,0,
CN=CNCO,6,0,,0,
CN=CNN=N,6,0,,0,
CN=CNN=O,6,0,,0,
CN=CNNC,6,0,,0,
CN=CNNN,6,0,,0,
CN=CNNO,6,0,,0,
CN=CNOC,6,0,,0,
CN=CNON,6,0,,0,
CN=CNOO,6,0,,0,
CN=COC#N,6,0,,0,
CN=COC=N,6,0,,0,
CN=COC=O,6,0,,0,
CN=COCN,6,0,,0,
CN=COCO,6,0,,0,
CN=CON=N,6,0,,0,
CN=CON=O,6,0,,0,
CN=CONC,6,0,,0,
CN=CONN,6,0,,0,
CN=CONO,6,0,,0,
CN=COOC,6,0,,0,
CN=COON,6,0,,0,
CN=COOO,6,0,,0,
CN=Cn1[nH][nH]1,6,0,,0,
CN=Cn1[nH]o1,6,0,,0,
CN=Cn1oo1,6,0,,0,
CN=NC#CN,6,0,,0,
CN=NC#CO,6,0,,0,
CN=NC(=N)N,6,0,,0,
CN=NC(=N)O,6,0,,0,
CN=NC(=O)O,6,0,,0,
CN=NC(C)=N,6,0,,0,
CN=NC(C)=O,6,0,,0,
CN=NC(C)C,6,0,,0,
CN=NC(C)N,6,0,,0,
CN=NC(C)O,6,0,,0,
CN=NC(N)=O,6,0,,0,
CN=NC(N)N,6,0,,0,
CN=NC(N)O,6,0,,0,
CN=NC(O)O,6,0,,0,
CN=NC1=C=C1,6,0,,0,
CN=NC1=C=N1,6,0,,0,
CN=NC1=CC1,6,0,,0,
CN=NC1=CN1,6,0,,0,
CN=NC1=CO1,6,0,,0,
CN=NC1=NC1,6,0,,0,
CN=NC1=NN1,6,0,,0,
CN=NC1=NO1,6,0,,0,
CN=NC1C#C1,6,0,,0,
CN=NC1C=C1,6,0,,0,
CN=NC1C=N1,6,0,,0,
CN=NC1CC1,6,0,,0,
CN=NC1CN1,6,0,,0,
CN=NC1CO1,6,0,,0,
CN=NC1N=N1,6,0,,0,
CN=NC1NN1,6,0,,0,
CN=NC1NO1,6,0,,0,
CN=NC1OO1,6,0,,0,
CN=NC=C=N,6,0,,0,
CN=NC=C=O,6,0,,0,
CN=NC=CN,6,0,,0,
CN=NC=CO,6,0,,0,
CN=NC=NN,6,0,,0,
CN=NC=NO,6,0,,0,
CN=NCC#N,6,0,,0,
CN=NCC=N,6,0,,0,
CN=NCC=O,6,0,,0,
CN=NCCN,6,0,,0,
CN=NCCO,6,0,,0,
CN=NCN=N,6,0,,0,
CN=NCN=O,6,0,,0,
CN=NCNC,6,0,,0,
CN=NCNN,6,0,,0,
CN=NCNO,6,0,,0,
CN=NCOC,6,0,,0,
CN=NCON,6,0,,0,
CN=NCOO,6,0,,0,
CN=NN(C)C,6,0,,0,
CN=NN(C)N,6,0,,0,
CN=NN(C)O,6,0,,0,
CN=NN(N)N,6,0,,0,
CN=NN(N)O,6,0,,0,
CN=NN(O)O,6,0,,0,
CN=NN1C#C1,6,0,,0,
CN=NN1C=C1,6,0,,0,
CN=NN1C=N1,6,0,,0,
CN=NN1CC1,6,0,,0,
CN=NN1CN1,6,0,,0,
CN=NN1CO1,6,0,,0,
CN=NN1N=N1,6,0,,0,
CN=NN=C=N,6,0,,0,
CN=NN=C=O,6,0,,0,
CN=NN=CN,6,0,,0,
CN=NN=CO,6,0,,0,
CN=NN=NC,6,0,,0,
CN=NN=NN,6,0,,0,
CN=NN=NO,6,0,,0,
CN=NNC#N,6,0,,0,
CN=NNC=N,6,0,,0,
CN=NNC=O,6,0,,0,
CN=NNCN,6,0,,0,
CN=NNCO,6,0,,0,
CN=NNN=N,6,0,,0,
CN=NNN=O,6,0,,0,
CN=NNNC,6,0,,0,
CN=NNNN,6,0,,0,
CN=NNNO,6,0,,0,
CN=NNOC,6,0,,0,
CN=NNON,6,0,,0,
CN=NNOO,6,0,,0,
CN=NOC#N,6,0,,0,
CN=NOC=N,6,0,,0,
CN=NOC=O,6,0,,0,
CN=NOCN,6,0,,0,
CN=NOCO,6,0,,0,
CN=NON=N,6,0,,0,
CN=NON=O,6,0,,0,
CN=NONC,6,0,,0,
CN=NONN,6,0,,0,
CN=NONO,6,0,,0,
CN=NOOC,6,0,,0,
CN=NOON,6,0,,0,
CN=NOOO,6,0,,0,
CN=Nn1[nH][nH]1,6,0,,0,
CN=Nn1[nH]o1,6,0,,0,
CN=Nn1oo1,6,0,,0,
CN=c1[nH][nH][nH]1,6,0,,0,
CN=c1[nH][nH]o1,6,0,,0,
CN=c1[nH]c1=N,6,0,,0,
CN=c1[nH]c1=O,6,0,,0,
CN=c1[nH]o[nH]1,6,0,,0,
CN=c1[nH]oo1,6,0,,0,
CN=c1c2c1=C=2,6,0,,0,
CN=c1c2c1C2,6,0,,0,
CN=c1c2c1N2,6,0,,0,
CN=c1c2c1O2,6,0,,0,
CN=c1cc1C,6,0,,0,
CN=c1cc1N,6,0,,0,
CN=c1cc1O,6,0,,0,
CN=c1n2[nH]n12,6,0,,0,
CN=c1n2on12,6,0,,0,
CN=c1nc1C,6,0,,0,
CN=c1nc1N,6,0,,0,
CN=c1nc1O,6,0,,0,
CN=c1o[nH]o1,6,0,,0,
CN=c1oc1=N,6,0,,0,
CN=c1oc1=O,6,0,,0,
CN=c1ooo1,6,0,,0,
CNC#CC#N,6,0,,0,
CNC#CC=N,6,0,,0,
CNC#CC=O,6,0,,0,
CNC#CCN,6,0,,0,
CNC#CCO,6,0,,0,
CNC#CN=N,6,0,,0,
CNC#CN=O,6,0,,0,
CNC#CNC,6,0,,0,
CNC#CNN,6,0,,0,
CNC#CNO,6,0,,0,
CNC#COC,6,0,,0,
CNC#CON,6,0,,0,
CNC#COO,6,0,,0,
CNC(=N)C#N,6,0,,0,
CNC(=N)C=N,6,0,,0,
CNC(=N)C=O,6,0,,0,
CNC(=N)CN,6,0,,0,
CNC(=N)CO,6,0,,0,
CNC(=N)N=N,6,0,,0,
CNC(=N)N=O,6,0,,0,
CNC(=N)NC,6,0,,0,
CNC(=N)NN,6,0,,0,
CNC(=N)NO,6,0,,0,
CNC(=N)OC,6,0,,0,
CNC(=N)ON,6,0,,0,
CNC(=N)OO,6,0,,0,
CNC(=O)C#N,6,0,,0,
CNC(=O)C=N,6,0,,0,
CNC(=O)C=O,6,0,,0,
CNC(=O)CN,6,0,,0,
CNC(=O)CO,6,0,,0,
CNC(=O)N=N,6,0,,0,
CNC(=O)N=O,6,0,,0,
CNC(=O)NC,6,0,,0,
CNC(=O)NN,6,0,,0,
CNC(=O)NO,6,0,,0,
CNC(=O)OC,6,0,,0,
CNC(=O)ON,6,0,,0,
CNC(=O)OO,6,0,,0,
CNC(C)(C)C,6,0,,0,
CNC(C)(C)N,6,0,,0,
CNC(C)(C)O,6,0,,0,
CNC(C)(N)N,6,0,,0,
CNC(C)(N)O,6,0,,0,
CNC(C)(O)O,6,0,,0,
CNC(C)=C=N,6,0,,0,
CNC(C)=C=O,6,0,,0,
CNC(C)=CN,6,0,,0,
CNC(C)=CO,6,0,,0,
CNC(C)=NN,6,0,,0,
CNC(C)=NO,6,0,,0,
CNC(C)C#N,6,0,,0,
CNC(C)C=N,6,0,,0,
CNC(C)C=O,6,0,,0,
CNC(C)CN,6,0,,0,
CNC(C)CO,6,0,,0,
CNC(C)N=N,6,0,,0,
CNC(C)N=O,6,0,,0,
CNC(C)NC,6,0,,0,
CNC(C)NN,6,0,,0,
CNC(C)NO,6,0,,0,
CNC(C)OC,6,0,,0,
CNC(C)ON,6,0,,0,
CNC(C)OO,6,0,,0,
CNC(N)(N)N,6,0,,0,
CNC(N)(N)O,6,0,,0,
CNC(N)(O)O,6,0,,0,
CNC(N)=C=N,6,0,,0,
CNC(N)=C=O,6,0,,0,
CNC(N)=CN,6,0,,0,
CNC(N)=CO,6,0,,0,
CNC(N)=NN,6,0,,0,
CNC(N)=NO,6,0,,0,
CNC(N)C#N,6,0,,0,
CNC(N)C=N,6,0,,0,
CNC(N)C=O,6,0,,0,
CNC(N)CN,6,0,,0,
CNC(N)CO,6,0,,0,
CNC(N)N=N,6,0,,0,
CNC(N)N=O,6,0,,0,
CNC(N)NC,6,0,,0,
CNC(N)NN,6,0,,0,
CNC(N)NO,6,0,,0,
CNC(N)OC,6,0,,0,
CNC(N)ON,6,0,,0,
CNC(N)OO,6,0,,0,
CNC(O)(O)O,6,0,,0,
CNC(O)=C=N,6,0,,0,
CNC(O)=C=O,6,0,,0,
CNC(O)=CN,6,0,,0,
CNC(O)=CO,6,0,,0,
CNC(O)=NN,6,0,,0,
CNC(O)=NO,6,0,,0,
CNC(O)C#N,6,0,,0,
CNC(O)C=N,6,0,,0,
CNC(O)C=O,6,0,,0,
CNC(O)CN,6,0,,0,
CNC(O)CO,6,0,,0,
CNC(O)N=N,6,0,,0,
CNC(O)N=O,6,0,,0,
CNC(O)NC,6,0,,0,
CNC(O)NN,6,0,,0,
CNC(O)NO,6,0,,0,
CNC(O)OC,6,0,,0,
CNC(O)ON,6,0,,0,
CNC(O)OO,6,0,,0,
CNC1(C)C#C1,6,0,,0,
CNC1(C)C=C1,6,0,,0,
CNC1(C)C=N1,6,0,,0,
CNC1(C)CC1,6,0,,0,
CNC1(C)CN1,6,0,,0,
CNC1(C)CO1,6,0,,0,
CNC1(C)N=N1,6,0,,0,
CNC1(C)NN1,6,0,,0,
CNC1(C)NO1,6,0,,0,
CNC1(C)OO1,6,0,,0,
CNC1(N)C#C1,6,0,,0,
CNC1(N)C=C1,6,0,,0,
CNC1(N)C=N1,6,0,,0,
CNC1(N)CC1,6,0,,0,
CNC1(N)CN1,6,0,,0,
CNC1(N)CO1,6,0,,0,
CNC1(N)N=N1,6,0,,0,
CNC1(N)NN1,6,0,,0,
CNC1(N)NO1,6,0,,0,
CNC1(N)OO1,6,0,,0,
CNC1(O)C#C1,6,0,,0,
CNC1(O)C=C1,6,0,,0,
CNC1(O)C=N1,6,0,,0,
CNC1(O)CC1,6,0,,0,
CNC1(O)CN1,6,0,,0,
CNC1(O)CO1,6,0,,0,
CNC1(O)N=N1,6,0,,0,
CNC1(O)NN1,6,0,,0,
CNC1(O)NO1,6,0,,0,
CNC1(O)OO1,6,0,,0,
CNC12C3=C1C32,6,0,,0,
CNC12C3=C1N32,6,0,,0,
CNC12C3C1C32,6,0,,0,
CNC12C3C1N32,6,0,,0,
CNC12C3N1N32,6,0,,0,
CNC12C=C1C2,6,0,,0,
CNC12C=C1N2,6,0,,0,
CNC12C=C1O2,6,0,,0,
CNC12CC1=N2,6,0,,0,
CNC12CC1C2,6,0,,0,
CNC12CC1N2,6,0,,0,
CNC12CC1O2,6,0,,0,
CNC12CN1C2,6,0,,0,
CNC12CN1N2,6,0,,0,
CNC12CN1O2,6,0,,0,
CNC12N=C1N2,6,0,,0,
CNC12N=C1O2,6,0,,0,
CNC12NC1N2,6,0,,0,
CNC12NC1O2,6,0,,0,
CNC12NN1N2,6,0,,0,
CNC12NN1O2,6,0,,0,
CNC12OC1O2,6,0,,0,
CNC12ON1O2,6,0,,0,
CNC12n3n1n32,6,0,,0,
CNC1=C(C)C1,6,0,,0,
CNC1=C(C)N1,6,0,,0,
CNC1=C(C)O1,6,0,,0,
CNC1=C(N)C1,6,0,,0,
CNC1=C(N)N1,6,0,,0,
CNC1=C(N)O1,6,0,,0,
CNC1=C(O)C1,6,0,,0,
CNC1=C(O)N1,6,0,,0,
CNC1=C(O)O1,6,0,,0,
CNC1=C2C=C21,6,0,,0,
CNC1=C2CC21,6,0,,0,
CNC1=C2CN21,6,0,,0,
CNC1=C2N=C21,6,0,,0,
CNC1=C2NC12,6,0,,0,
CNC1=C2OC12,6,0,,0,
CNC1=C=C1C,6,0,,0,
CNC1=C=C1N,6,0,,0,
CNC1=C=C1O,6,0,,0,
CNC1=C=C=C1,6,0,,0,
CNC1=C=C=N1,6,0,,0,
CNC1=C=CC1,6,0,,0,
CNC1=C=CN1,6,0,,0,
CNC1=C=CO1,6,0,,0,
CNC1=C=NC1,6,0,,0,
CNC1=C=NN1,6,0,,0,
CNC1=C=NO1,6,0,,0,
CNC1=CC#C1,6,0,,0,
CNC1=CC1C,6,0,,0,
CNC1=CC1N,6,0,,0,
CNC1=CC1O,6,0,,0,
CNC1=CC=C1,6,0,,0,
CNC1=CC=N1,6,0,,0,
CNC1=CCC1,6,0,,0,
CNC1=CCN1,6,0,,0,
CNC1=CCO1,6,0,,0,
CNC1=CN1C,6,0,,0,
CNC1=CN1N,6,0,,0,
CNC1=CN1O,6,0,,0,
CNC1=CN=C1,6,0,,0,
CNC1=CN=N1,6,0,,0,
CNC1=CNC1,6,0,,0,
CNC1=COC1,6,0,,0,
CNC1=NC#C1,6,0,,0,
CNC1=NC1C,6,0,,0,
CNC1=NC1N,6,0,,0,
CNC1=NC1O,6,0,,0,
CNC1=NC=C1,6,0,,0,
CNC1=NC=N1,6,0,,0,
CNC1=NCC1,6,0,,0,
CNC1=NCN1,6,0,,0,
CNC1=NCO1,6,0,,0,
CNC1=NN1C,6,0,,0,
CNC1=NN1N,6,0,,0,
CNC1=NN1O,6,0,,0,
CNC1=NN=C1,6,0,,0,
CNC1=NN=N1,6,0,,0,
CNC1=NNC1,6,0,,0,
CNC1=NOC1,6,0,,0,
CNC1C#CC1,6,0,,0,
CNC1C#CN1,6,0,,0,
CNC1C#CO1,6,0,,0,
CNC1C2=C1C2,6,0,,0,
CNC1C2=C1N2,6,0,,0,
CNC1C2=C1O2,6,0,,0,
CNC1C2=C=C21,6,0,,0,
CNC1C2=CC21,6,0,,0,
CNC1C2=CN21,6,0,,0,
CNC1C2=NC21,6,0,,0,
CNC1C2=NN21,6,0,,0,
CNC1C2CC21,6,0,,0,
CNC1C2CN21,6,0,,0,
CNC1C2NC12,6,0,,0,
CNC1C2NN12,6,0,,0,
CNC1C2OC12,6,0,,0,
CNC1C2ON12,6,0,,0,
CNC1C=C1C,6,0,,0,
CNC1C=C1N,6,0,,0,
CNC1C=C1O,6,0,,0,
CNC1C=C=C1,6,0,,0,
CNC1C=C=N1,6,0,,0,
CNC1C=CC1,6,0,,0,
CNC1C=CN1,6,0,,0,
CNC1C=CO1,6,0,,0,
CNC1C=NC1,6,0,,0,
CNC1C=NN1,6,0,,0,
CNC1C=NO1,6,0,,0,
CNC1CC1=N,6,0,,0,
CNC1CC1=O,6,0,,0,
CNC1CC1C,6,0,,0,
CNC1CC1N,6,0,,0,
CNC1CC1O,6,0,,0,
CNC1CC=N1,6,0,,0,
CNC1CCC1,6,0,,0,
CNC1CCN1,6,0,,0,
CNC1CCO1,6,0,,0,
CNC1CN1C,6,0,,0,
CNC1CN1N,6,0,,0,
CNC1CN1O,6,0,,0,
CNC1CN=N1,6,0,,0,
CNC1CNC1,6,0,,0,
CNC1CNN1,6,0,,0,
CNC1CNO1,6,0,,0,
CNC1COC1,6,0,,0,
CNC1CON1,6,0,,0,
CNC1COO1,6,0,,0,
CNC1N2CN12,6,0,,0,
CNC1N=C1C,6,0,,0,
CNC1N=C1N,6,0,,0,
CNC1N=C1O,6,0,,0,
CNC1N=C=N1,6,0,,0,
CNC1N=CN1,6,0,,0,
CNC1N=CO1,6,0,,0,
CNC1N=NN1,6,0,,0,
CNC1N=NO1,6,0,,0,
CNC1NC1=N,6,0,,0,
CNC1NC1=O,6,0,,0,
CNC1NC1C,6,0,,0,
CNC1NC1N,6,0,,0,
CNC1NC1O,6,0,,0,
CNC1NCN1,6,0,,0,
CNC1NCO1,6,0,,0,
CNC1NN1C,6,0,,0,
CNC1NN1N,6,0,,0,
CNC1NN1O,6,0,,0,
CNC1NNN1,6,0,,0,
CNC1NNO1,6,0,,0,
CNC1NON1,6,0,,0,
CNC1NOO1,6,0,,0,
CNC1OC1=N,6,0,,0,
CNC1OC1=O,6,0,,0,
CNC1OC1C,6,0,,0,
CNC1OC1N,6,0,,0,
CNC1OC1O,6,0,,0,
CNC1OCO1,6,0,,0,
CNC1ON1C,6,0,,0,
CNC1ON1N,6,0,,0,
CNC1ON1O,6,0,,0,
CNC1ONO1,6,0,,0,
CNC1OOO1,6,0,,0,
CNC1n2[nH]n21,6,0,,0,
CNC1n2on21,6,0,,0,
CNC=C(C)C,6,0,,0,
CNC=C(C)N,6,0,,0,
CNC=C(C)O,6,0,,0,
CNC=C(N)N,6,0,,0,
CNC=C(N)O,6,0,,0,
CNC=C(O)O,6,0,,0,
CNC=C1C#C1,6,0,,0,
CNC=C1C=C1,6,0,,0,
CNC=C1C=N1,6,0,,0,
CNC=C1CC1,6,0,,0,
CNC=C1CN1,6,0,,0,
CNC=C1CO1,6,0,,0,
CNC=C1N=N1,6,0,,0,
CNC=C1NN1,6,0,,0,
CNC=C1NO1,6,0,,0,
CNC=C1OO1,6,0,,0,
CNC=C=C=N,6,0,,0,
CNC=C=C=O,6,0,,0,
CNC=C=CN,6,0,,0,
CNC=C=CO,6,0,,0,
CNC=C=NN,6,0,,0,
CNC=C=NO,6,0,,0,
CNC=CC#N,6,0,,0,
CNC=CC=N,6,0,,0,
CNC=CC=O,6,0,,0,
CNC=CCN,6,0,,0,
CNC=CCO,6,0,,0,
CNC=CN=N,6,0,,0,
CNC=CN=O,6,0,,0,
CNC=CNC,6,0,,0,
CNC=CNN,6,0,,0,
CNC=CNO,6,0,,0,
CNC=COC,6,0,,0,
CNC=CON,6,0,,0,
CNC=COO,6,0,,0,
CNC=NC#N,6,0,,0,
CNC=NC=N,6,0,,0,
CNC=NC=O,6,0,,0,
CNC=NCN,6,0,,0,
CNC=NCO,6,0,,0,
CNC=NN=N,6,0,,0,
CNC=NN=O,6,0,,0,
CNC=NNC,6,0,,0,
CNC=NNN,6,0,,0,
CNC=NNO,6,0,,0,
CNC=NOC,6,0,,0,
CNC=NON,6,0,,0,
CNC=NOO,6,0,,0,
CNCC#CN,6,0,,0,
CNCC#CO,6,0,,0,
CNCC(=N)N,6,0,,0,
CNCC(=N)O,6,0,,0,
CNCC(=O)O,6,0,,0,
CNCC(C)=N,6,0,,0,
CNCC(C)=O,6,0,,0,
CNCC(C)C,6,0,,0,
CNCC(C)N,6,0,,0,
CNCC(C)O,6,0,,0,
CNCC(N)=O,6,0,,0,
CNCC(N)N,6,0,,0,
CNCC(N)O,6,0,,0,
CNCC(O)O,6,0,,0,
CNCC1=C=C1,6,0,,0,
CNCC1=C=N1,6,0,,0,
CNCC1=CC1,6,0,,0,
CNCC1=CN1,6,0,,0,
CNCC1=CO1,6,0,,0,
CNCC1=NC1,6,0,,0,
CNCC1=NN1,6,0,,0,
CNCC1=NO1,6,0,,0,
CNCC1C#C1,6,0,,0,
CNCC1C=C1,6,0,,0,
CNCC1C=N1,6,0,,0,
CNCC1CC1,6,0,,0,
CNCC1CN1,6,0,,0,
CNCC1CO1,6,0,,0,
CNCC1N=N1,6,0,,0,
CNCC1NN1,6,0,,0,
CNCC1NO1,6,0,,0,
CNCC1OO1,6,0,,0,
CNCC=C=N,6,0,,0,
CNCC=C=O,6,0,,0,
CNCC=CN,6,0,,0,
CNCC=CO,6,0,,0,
CNCC=NN,6,0,,0,
CNCC=NO,6,0,,0,
CNCCC#N,6,0,,0,
CNCCC=N,6,0,,0,
CNCCC=O,6,0,,0,
CNCCCN,6,0,,0,
CNCCCO,6,0,,0,
CNCCN=N,6,0,,0,
CNCCN=O,6,0,,0,
CNCCNC,6,0,,0,
CNCCNN,6,0,,0,
CNCCNO,6,0,,0,
CNCCOC,6,0,,0,
CNCCON,6,0,,0,
CNCCOO,6,0,,0,
CNCN(C)C,6,0,,0,
CNCN(C)N,6,0,,0,
CNCN(C)O,6,0,,0,
CNCN(N)N,6,0,,0,
CNCN(N)O,6,0,,0,
CNCN(O)O,6,0,,0,
CNCN1C#C1,6,0,,0,
CNCN1C=C1,6,0,,0,
CNCN1C=N1,6,0,,0,
CNCN1CC1,6,0,,0,
CNCN1CN1,6,0,,0,
CNCN1CO1,6,0,,0,
CNCN1N=N1,6,0,,0,
CNCN=C=N,6,0,,0,
CNCN=C=O,6,0,,0,
CNCN=CN,6,0,,0,
CNCN=CO,6,0,,0,
CNCN=NN,6,0,,0,
CNCN=NO,6,0,,0,
CNCNC#N,6,0,,0,
CNCNC=N,6,0,,0,
CNCNC=O,6,0,,0,
CNCNCN,6,0,,0,
CNCNCO,6,0,,0,
CNCNN=N,6,0,,0,
CNCNN=O,6,0,,0,
CNCNNC,6,0,,0,
CNCNNN,6,0,,0,
CNCNNO,6,0,,0,
CNCNOC,6,0,,0,
CNCNON,6,0,,0,
CNCNOO,6,0,,0,
CNCOC#N,6,0,,0,
CNCOC=N,6,0,,0,
CNCOC=O,6,0,,0,
CNCOCN,6,0,,0,
CNCOCO,6,0,,0,
CNCON=N,6,0,,0,
CNCON=O,6,0,,0,
CNCONC,6,0,,0,
CNCONN,6,0,,0,
CNCONO,6,0,,0,
CNCOOC,6,0,,0,
CNCOON,6,0,,0,
CNCOOO,6,0,,0,
CNCn1[nH][nH]1,6,0,,0,
CNCn1[nH]o1,6,0,,0,
CNCn1oo1,6,0,,0,
CNN(C)C#N,6,0,,0,
CNN(C)C=N,6,0,,0,
CNN(C)C=O,6,0,,0,
CNN(C)CN,6,0,,0,
CNN(C)CO,6,0,,0,
CNN(C)N=N,6,0,,0,
CNN(C)N=O,6,0,,0,
CNN(C)NC,6,0,,0,
CNN(C)NN,6,0,,0,
CNN(C)NO,6,0,,0,
CNN(C)OC,6,0,,0,
CNN(C)ON,6,0,,0,
CNN(C)OO,6,0,,0,
CNN(N)C#N,6,0,,0,
CNN(N)C=N,6,0,,0,
CNN(N)C=O,6,0,,0,
CNN(N)CN,6,0,,0,
CNN(N)CO,6,0,,0,
CNN(N)N=N,6,0,,0,
CNN(N)N=O,6,0,,0,
CNN(N)NC,6,0,,0,
CNN(N)NN,6,0,,0,
CNN(N)NO,6,0,,0,
CNN(N)OC,6,0,,0,
CNN(N)ON,6,0,,0,
CNN(N)OO,6,0,,0,
CNN(O)C#N,6,0,,0,
CNN(O)C=N,6,0,,0,
CNN(O)C=O,6,0,,0,
CNN(O)CN,6,0,,0,
CNN(O)CO,6,0,,0,
CNN(O)N=N,6,0,,0,
CNN(O)N=O,6,0,,0,
CNN(O)NC,6,0,,0,
CNN(O)NN,6,0,,0,
CNN(O)NO,6,0,,0,
CNN(O)OC,6,0,,0,
CNN(O)ON,6,0,,0,
CNN(O)OO,6,0,,0,
CNN1C#CC1,6,0,,0,
CNN1C2=C1C2,6,0,,0,
CNN1C2=C=C21,6,0,,0,
CNN1C2=CC21,6,0,,0,
CNN1C2=NC21,6,0,,0,
CNN1C2CC21,6,0,,0,
CNN1C2CN21,6,0,,0,
CNN1C2NC21,6,0,,0,
CNN1C2NN21,6,0,,0,
CNN1C2OC21,6,0,,0,
CNN1C2ON21,6,0,,0,
CNN1C=C1C,6,0,,0,
CNN1C=C1N,6,0,,0,
CNN1C=C1O,6,0,,0,
CNN1C=C=C1,6,0,,0,
CNN1C=C=N1,6,0,,0,
CNN1C=CC1,6,0,,0,
CNN1C=NC1,6,0,,0,
CNN1CC1=N,6,0,,0,
CNN1CC1=O,6,0,,0,
CNN1CC1C,6,0,,0,
CNN1CC1N,6,0,,0,
CNN1CC1O,6,0,,0,
CNN1CC=N1,6,0,,0,
CNN1CCC1,6,0,,0,
CNN1CCN1,6,0,,0,
CNN1CCO1,6,0,,0,
CNN1CN1C,6,0,,0,
CNN1CN1N,6,0,,0,
CNN1CN1O,6,0,,0,
CNN1CN=N1,6,0,,0,
CNN1CNC1,6,0,,0,
CNN1CNN1,6,0,,0,
CNN1CNO1,6,0,,0,
CNN1COC1,6,0,,0,
CNN1CON1,6,0,,0,
CNN1COO1,6,0,,0,
CNN1N=C1C,6,0,,0,
CNN1N=C1N,6,0,,0,
CNN1N=C1O,6,0,,0,
CNN1N=C=N1,6,0,,0,
CNN1NC1=N,6,0,,0,
CNN1NC1=O,6,0,,0,
CNN1NC1C,6,0,,0,
CNN1NC1N,6,0,,0,
CNN1NC1O,6,0,,0,
CNN1NCN1,6,0,,0,
CNN1NCO1,6,0,,0,
CNN1NNN1,6,0,,0,
CNN1NNO1,6,0,,0,
CNN1NON1,6,0,,0,
CNN1NOO1,6,0,,0,
CNN1OC1=N,6,0,,0,
CNN1OC1=O,6,0,,0,
CNN1OC1C,6,0,,0,
CNN1OC1N,6,0,,0,
CNN1OC1O,6,0,,0,
CNN1OCO1,6,0,,0,
CNN1ONO1,6,0,,0,
CNN1OOO1,6,0,,0,
CNN=C(C)C,6,0,,0,
CNN=C(C)N,6,0,,0,
CNN=C(C)O,6,0,,0,
CNN=C(N)N,6,0,,0,
CNN=C(N)O,6,0,,0,
CNN=C(O)O,6,0,,0,
CNN=C1CC1,6,0,,0,
CNN=C1CN1,6,0,,0,
CNN=C1CO1,6,0,,0,
CNN=C1NN1,6,0,,0,
CNN=C1NO1,6,0,,0,
CNN=C1OO1,6,0,,0,
CNN=C=C=N,6,0,,0,
CNN=C=C=O,6,0,,0,
CNN=C=CN,6,0,,0,
CNN=C=CO,6,0,,0,
CNN=C=NN,6,0,,0,
CNN=C=NO,6,0,,0,
CNN=CC#N,6,0,,0,
CNN=CC=N,6,0,,0,
CNN=CC=O,6,0,,0,
CNN=CCN,6,0,,0,
CNN=CCO,6,0,,0,
CNN=CN=N,6,0,,0,
CNN=CN=O,6,0,,0,
CNN=CNN,6,0,,0,
CNN=CNO,6,0,,0,
CNN=COC,6,0,,0,
CNN=CON,6,0,,0,
CNN=COO,6,0,,0,
CNN=NC#N,6,0,,0,
CNN=NC=N,6,0,,0,
CNN=NC=O,6,0,,0,
CNN=NCN,6,0,,0,
CNN=NCO,6,0,,0,
CNN=NN=N,6,0,,0,
CNN=NN=O,6,0,,0,
CNN=NNC,6,0,,0,
CNN=NNN,6,0,,0,
CNN=NNO,6,0,,0,
CNN=NOC,6,0,,0,
CNN=NON,6,0,,0,
CNN=NOO,6,0,,0,
CNN=c1c#c1,6,0,,0,
CNN=c1cc1,6,0,,0,
CNN=c1cn1,6,0,,0,
CNN=c1nn1,6,0,,0,
CNNC#CN,6,0,,0,
CNNC#CO,6,0,,0,
CNNC(=N)N,6,0,,0,
CNNC(=N)O,6,0,,0,
CNNC(=O)O,6,0,,0,
CNNC(C)=N,6,0,,0,
CNNC(C)=O,6,0,,0,
CNNC(C)C,6,0,,0,
CNNC(C)N,6,0,,0,
CNNC(C)O,6,0,,0,
CNNC(N)=O,6,0,,0,
CNNC(N)N,6,0,,0,
CNNC(N)O,6,0,,0,
CNNC(O)O,6,0,,0,
CNNC1=C=C1,6,0,,0,
CNNC1=C=N1,6,0,,0,
CNNC1=CC1,6,0,,0,
CNNC1=CN1,6,0,,0,
CNNC1=CO1,6,0,,0,
CNNC1=NC1,6,0,,0,
CNNC1=NN1,6,0,,0,
CNNC1=NO1,6,0,,0,
CNNC1C#C1,6,0,,0,
CNNC1C=C1,6,0,,0,
CNNC1C=N1,6,0,,0,
CNNC1CC1,6,0,,0,
CNNC1CN1,6,0,,0,
CNNC1CO1,6,0,,0,
CNNC1N=N1,6,0,,0,
CNNC1NN1,6,0,,0,
CNNC1NO1,6,0,,0,
CNNC1OO1,6,0,,0,
CNNC=C=N,6,0,,0,
CNNC=C=O,6,0,,0,
CNNC=CN,6,0,,0,
CNNC=CO,6,0,,0,
CNNC=NN,6,0,,0,
CNNC=NO,6,0,,0,
CNNCC#N,6,0,,0,
CNNCC=N,6,0,,0,
CNNCC=O,6,0,,0,
CNNCCN,6,0,,0,
CNNCCO,6,0,,0,
CNNCN=N,6,0,,0,
CNNCN=O,6,0,,0,
CNNCNN,6,0,,0,
CNNCNO,6,0,,0,
CNNCOC,6,0,,0,
CNNCON,6,0,,0,
CNNCOO,6,0,,0,
CNNN(C)C,6,0,,0,
CNNN(C)N,6,0,,0,
CNNN(C)O,6,0,,0,
CNNN(N)N,6,0,,0,
CNNN(N)O,6,0,,0,
CNNN(O)O,6,0,,0,
CNNN1C#C1,6,0,,0,
CNNN1C=C1,6,0,,0,
CNNN1C=N1,6,0,,0,
CNNN1CC1,6,0,,0,
CNNN1CN1,6,0,,0,
CNNN1CO1,6,0,,0,
CNNN1N=N1,6,0,,0,
CNNN=C=N,6,0,,0,
CNNN=C=O,6,0,,0,
CNNN=CN,6,0,,0,
CNNN=CO,6,0,,0,
CNNN=NN,6,0,,0,
CNNN=NO,6,0,,0,
CNNNC#N,6,0,,0,
CNNNC=N,6,0,,0,
CNNNC=O,6,0,,0,
CNNNCN,6,0,,0,
CNNNCO,6,0,,0,
CNNNN=N,6,0,,0,
CNNNN=O,6,0,,0,
CNNNNC,6,0,,0,
CNNNNN,6,0,,0,
CNNNNO,6,0,,0,
CNNNOC,6,0,,0,
CNNNON,6,0,,0,
CNNNOO,6,0,,0,
CNNOC#N,6,0,,0,
CNNOC=N,6,0,,0,
CNNOC=O,6,0,,0,
CNNOCN,6,0,,0,
CNNOCO,6,0,,0,
CNNON=N,6,0,,0,
CNNON=O,6,0,,0,
CNNONC,6,0,,0,
CNNONN,6,0,,0,
CNNONO,6,0,,0,
CNNOOC,6,0,,0,
CNNOON,6,0,,0,
CNNOOO,6,0,,0,
CNNn1[nH][nH]1,6,0,,0,
CNNn1[nH]o1,6,0,,0,
CNNn1oo1,6,0,,0,
CNOC#CN,6,0,,0,
CNOC#CO,6,0,,0,
CNOC(=N)N,6,0,,0,
CNOC(=N)O,6,0,,0,
CNOC(=O)O,6,0,,0,
CNOC(C)=N,6,0,,0,
CNOC(C)=O,6,0,,0,
CNOC(C)C,6,0,,0,
CNOC(C)N,6,0,,0,
CNOC(C)O,6,0,,0,
CNOC(N)=O,6,0,,0,
CNOC(N)N,6,0,,0,
CNOC(N)O,6,0,,0,
CNOC(O)O,6,0,,0,
CNOC1=C=C1,6,0,,0,
CNOC1=C=N1,6,0,,0,
CNOC1=CC1,6,0,,0,
CNOC1=CN1,6,0,,0,
CNOC1=CO1,6,0,,0,
CNOC1=NC1,6,0,,0,
CNOC1=NN1,6,0,,0,
CNOC1=NO1,6,0,,0,
CNOC1C#C1,6,0,,0,
CNOC1C=C1,6,0,,0,
CNOC1C=N1,6,0,,0,
CNOC1CC1,6,0,,0,
CNOC1CN1,6,0,,0,
CNOC1CO1,6,0,,0,
CNOC1N=N1,6,0,,0,
CNOC1NN1,6,0,,0,
CNOC1NO1,6,0,,0,
CNOC1OO1,6,0,,0,
CNOC=C=N,6,0,,0,
CNOC=C=O,6,0,,0,
CNOC=CN,6,0,,0,
CNOC=CO,6,0,,0,
CNOC=NN,6,0,,0,
CNOC=NO,6,0,,0,
CNOCC#N,6,0,,0,
CNOCC=N,6,0,,0,
CNOCC=O,6,0,,0,
CNOCCN,6,0,,0,
CNOCCO,6,0,,0,
CNOCN=N,6,0,,0,
CNOCN=O,6,0,,0,
CNOCNN,6,0,,0,
CNOCNO,6,0,,0,
CNOCOC,6,0,,0,
CNOCON,6,0,,0,
CNOCOO,6,0,,0,
CNON(C)C,6,0,,0,
CNON(C)N,6,0,,0,
CNON(C)O,6,0,,0,
CNON(N)N,6,0,,0,
CNON(N)O,6,0,,0,
CNON(O)O,6,0,,0,
CNON1C#C1,6,0,,0,
CNON1C=C1,6,0,,0,
CNON1C=N1,6,0,,0,
CNON1CC1,6,0,,0,
CNON1CN1,6,0,,0,
CNON1CO1,6,0,,0,
CNON1N=N1,6,0,,0,
CNON=C=N,6,0,,0,
CNON=C=O,6,0,,0,
CNON=CN,6,0,,0,
CNON=CO,6,0,,0,
CNON=NN,6,0,,0,
CNON=NO,6,0,,0,
CNONC#N,6,0,,0,
CNONC=N,6,0,,0,
CNONC=O,6,0,,0,
CNONCN,6,0,,0,
CNONCO,6,0,,0,
CNONN=N,6,0,,0,
CNONN=O,6,0,,0,
CNONNN,6,0,,0,
CNONNO,6,0,,0,
CNONOC,6,0,,0,
CNONON,6,0,,0,
CNONOO,6,0,,0,
CNOOC#N,6,0,,0,
CNOOC=N,6,0,,0,
CNOOC=O,6,0,,0,
CNOOCN,6,0,,0,
CNOOCO,6,0,,0,
CNOON=N,6,0,,0,
CNOON=O,6,0,,0,
CNOONC,6,0,,0,
CNOONN,6,0,,0,
CNOONO,6,0,,0,
CNOOOC,6,0,,0,
CNOOON,6,0,,0,
CNOOOO,6,0,,0,
CNOn1[nH][nH]1,6,0,,0,
CNOn1[nH]o1,6,0,,0,
CNOn1oo1,6,0,,0,
CNc1c2[nH]n1-2,6,0,,0,
CNc1c2on1-2,6,0,,0,
CNc1c[nH][nH]1,6,0,,0,
CNc1c[nH]o1,6,0,,0,
CNc1cc1=N,6,0,,0,
CNc1cc1=O,6,0,,0,
CNc1co[nH]1,6,0,,0,
CNc1coo1,6,0,,0,
CNc1n[nH][nH]1,6,0,,0,
CNc1n[nH]o1,6,0,,0,
CNc1nc1=N,6,0,,0,
CNc1nc1=O,6,0,,0,
CNc1no[nH]1,6,0,,0,
CNc1noo1,6,0,,0,
CNn1[nH]n1C,6,0,,0,
CNn1[nH]n1N,6,0,,0,
CNn1[nH]n1O,6,0,,0,
CNn1c#c[nH]1,6,0,,0,
CNn1c#co1,6,0,,0,
CNn1c2[nH]c1=2,6,0,,0,
CNn1c2cn1-2,6,0,,0,
CNn1c2nn1-2,6,0,,0,
CNn1c2oc1=2,6,0,,0,
CNn1cc[nH]1,6,0,,0,
CNn1cco1,6,0,,0,
CNn1cn[nH]1,6,0,,0,
CNn1cno1,6,0,,0,
CNn1n2[nH]n12,6,0,,0,
CNn1n2n1C2,6,0,,0,
CNn1n2on12,6,0,,0,
CNn1nc[nH]1,6,0,,0,
CNn1nco1,6,0,,0,
CNn1nn[nH]1,6,0,,0,
CNn1nno1,6,0,,0,
CNn1on1C,6,0,,0,
CNn1on1N,6,0,,0,
CNn1on1O,6,0,,0,
COC#CC#N,6,0,,0,
COC#CC=N,6,0,,0,
COC#CC=O,6,0,,0,
COC#CCN,6,0,,0,
COC#CCO,6,0,,0,
COC#CN=N,6,0,,0,
COC#CN=O,6,0,,0,
COC#CNN,6,0,,0,
COC#CNO,6,0,,0,
COC#COC,6,0,,0,
COC#CON,6,0,,0,
COC#COO,6,0,,0,
COC(=N)C#N,6,0,,0,
COC(=N)C=N,6,0,,0,
COC(=N)C=O,6,0,,0,
COC(=N)CN,6,0,,0,
COC(=N)CO,6,0,,0,
COC(=N)N=N,6,0,,0,
COC(=N)N=O,6,0,,0,
COC(=N)NN,6,0,,0,
COC(=N)NO,6,0,,0,
COC(=N)OC,6,0,,0,
COC(=N)ON,6,0,,0,
COC(=N)OO,6,0,,0,
COC(=O)C#N,6,0,,0,
COC(=O)C=N,6,0,,0,
COC(=O)C=O,6,0,,0,
COC(=O)CN,6,0,,0,
COC(=O)CO,6,0,,0,
COC(=O)N=N,6,0,,0,
COC(=O)N=O,6,0,,0,
COC(=O)NN,6,0,,0,
COC(=O)NO,6,0,,0,
COC(=O)OC,6,0,,0,
COC(=O)ON,6,0,,0,
COC(=O)OO,6,0,,0,
COC(C)(C)C,6,0,,0,
COC(C)(C)N,6,0,,0,
COC(C)(C)O,6,0,,0,
COC(C)(N)N,6,0,,0,
COC(C)(N)O,6,0,,0,
COC(C)(O)O,6,0,,0,
COC(C)=C=N,6,0,,0,
COC(C)=C=O,6,0,,0,
COC(C)=CN,6,0,,0,
COC(C)=CO,6,0,,0,
COC(C)=NN,6,0,,0,
COC(C)=NO,6,0,,0,
COC(C)C#N,6,0,,0,
COC(C)C=N,6,0,,0,
COC(C)C=O,6,0,,0,
COC(C)CN,6,0,,0,
COC(C)CO,6,0,,0,
COC(C)N=N,6,0,,0,
COC(C)N=O,6,0,,0,
COC(C)NN,6,0,,0,
COC(C)NO,6,0,,0,
COC(C)OC,6,0,,0,
COC(C)ON,6,0,,0,
COC(C)OO,6,0,,0,
COC(N)(N)N,6,0,,0,
COC(N)(N)O,6,0,,0,
COC(N)(O)O,6,0,,0,
COC(N)=C=N,6,0,,0,
COC(N)=C=O,6,0,,0,
COC(N)=CN,6,0,,0,
COC(N)=CO,6,0,,0,
COC(N)=NN,6,0,,0,
COC(N)=NO,6,0,,0,
COC(N)C#N,6,0,,0,
COC(N)C=N,6,0,,0,
COC(N)C=O,6,0,,0,
COC(N)CN,6,0,,0,
COC(N)CO,6,0,,0,
COC(N)N=N,6,0,,0,
COC(N)N=O,6,0,,0,
COC(N)NN,6,0,,0,
COC(N)NO,6,0,,0,
COC(N)OC,6,0,,0,
COC(N)ON,6,0,,0,
COC(N)OO,6,0,,0,
COC(O)(O)O,6,0,,0,
COC(O)=C=N,6,0,,0,
COC(O)=C=O,6,0,,0,
COC(O)=CN,6,0,,0,
COC(O)=CO,6,0,,0,
COC(O)=NN,6,0,,0,
COC(O)=NO,6,0,,0,
COC(O)C#N,6,0,,0,
COC(O)C=N,6,0,,0,
COC(O)C=O,6,0,,0,
COC(O)CN,6,0,,0,
COC(O)CO,6,0,,0,
COC(O)N=N,6,0,,0,
COC(O)N=O,6,0,,0,
COC(O)NN,6,0,,0,
COC(O)NO,6,0,,0,
COC(O)OC,6,0,,0,
COC(O)ON,6,0,,0,
COC(O)OO,6,0,,0,
COC1(C)C#C1,6,0,,0,
COC1(C)C=C1,6,0,,0,
COC1(C)C=N1,6,0,,0,
COC1(C)CC1,6,0,,0,
COC1(C)CN1,6,0,,0,
COC1(C)CO1,6,0,,0,
COC1(C)N=N1,6,0,,0,
COC1(C)NN1,6,0,,0,
COC1(C)NO1,6,0,,0,
COC1(C)OO1,6,0,,0,
COC1(N)C#C1,6,0,,0,
COC1(N)C=C1,6,0,,0,
COC1(N)C=N1,6,0,,0,
COC1(N)CC1,6,0,,0,
COC1(N)CN1,6,0,,0,
COC1(N)CO1,6,0,,0,
COC1(N)N=N1,6,0,,0,
COC1(N)NN1,6,0,,0,
COC1(N)NO1,6,0,,0,
COC1(N)OO1,6,0,,0,
COC1(O)C#C1,6,0,,0,
COC1(O)C=C1,6,0,,0,
COC1(O)C=N1,6,0,,0,
COC1(O)CC1,6,0,,0,
COC1(O)CN1,6,0,,0,
COC1(O)CO1,6,0,,0,
COC1(O)N=N1,6,0,,0,
COC1(O)NN1,6,0,,0,
COC1(O)NO1,6,0,,0,
COC1(O)OO1,6,0,,0,
COC12C3=C1C32,6,0,,0,
COC12C3=C1N32,6,0,,0,
COC12C3C1C32,6,0,,0,
COC12C3C1N32,6,0,,0,
COC12C3N1N32,6,0,,0,
COC12C=C1C2,6,0,,0,
COC12C=C1N2,6,0,,0,
COC12C=C1O2,6,0,,0,
COC12CC1=N2,6,0,,0,
COC12CC1C2,6,0,,0,
COC12CC1N2,6,0,,0,
COC12CC1O2,6,0,,0,
COC12CN1C2,6,0,,0,
COC12CN1N2,6,0,,0,
COC12CN1O2,6,0,,0,
COC12N=C1N2,6,0,,0,
COC12N=C1O2,6,0,,0,
COC12NC1N2,6,0,,0,
COC12NC1O2,6,0,,0,
COC12NN1N2,6,0,,0,
COC12NN1O2,6,0,,0,
COC12OC1O2,6,0,,0,
COC12ON1O2,6,0,,0,
COC12n3n1n32,6,0,,0,
COC1=C(C)C1,6,0,,0,
COC1=C(C)N1,6,0,,0,
COC1=C(C)O1,6,0,,0,
COC1=C(N)C1,6,0,,0,
COC1=C(N)N1,6,0,,0,
COC1=C(N)O1,6,0,,0,
COC1=C(O)C1,6,0,,0,
COC1=C(O)N1,6,0,,0,
COC1=C(O)O1,6,0,,0,
COC1=C2C=C21,6,0,,0,
COC1=C2CC21,6,0,,0,
COC1=C2CN21,6,0,,0,
COC1=C2N=C21,6,0,,0,
COC1=C2NC21,6,0,,0,
COC1=C2OC12,6,0,,0,
COC1=C=C1C,6,0,,0,
COC1=C=C1N,6,0,,0,
COC1=C=C1O,6,0,,0,
COC1=C=C=C1,6,0,,0,
COC1=C=C=N1,6,0,,0,
COC1=C=CC1,6,0,,0,
COC1=C=CN1,6,0,,0,
COC1=C=CO1,6,0,,0,
COC1=C=NC1,6,0,,0,
COC1=C=NN1,6,0,,0,
COC1=C=NO1,6,0,,0,
COC1=CC#C1,6,0,,0,
COC1=CC1C,6,0,,0,
COC1=CC1N,6,0,,0,
COC1=CC1O,6,0,,0,
COC1=CC=C1,6,0,,0,
COC1=CC=N1,6,0,,0,
COC1=CCC1,6,0,,0,
COC1=CCN1,6,0,,0,
COC1=CCO1,6,0,,0,
COC1=CN1C,6,0,,0,
COC1=CN1N,6,0,,0,
COC1=CN1O,6,0,,0,
COC1=CN=C1,6,0,,0,
COC1=CN=N1,6,0,,0,
COC1=CNC1,6,0,,0,
COC1=COC1,6,0,,0,
COC1=NC#C1,6,0,,0,
COC1=NC1C,6,0,,0,
COC1=NC1N,6,0,,0,
COC1=NC1O,6,0,,0,
COC1=NC=C1,6,0,,0,
COC1=NC=N1,6,0,,0,
COC1=NCC1,6,0,,0,
COC1=NCN1,6,0,,0,
COC1=NCO1,6,0,,0,
COC1=NN1C,6,0,,0,
COC1=NN1N,6,0,,0,
COC1=NN1O,6,0,,0,
COC1=NN=C1,6,0,,0,
COC1=NN=N1,6,0,,0,
COC1=NNC1,6,0,,0,
COC1=NOC1,6,0,,0,
COC1C#CC1,6,0,,0,
COC1C#CN1,6,0,,0,
COC1C#CO1,6,0,,0,
COC1C2=C1C2,6,0,,0,
COC1C2=C1N2,6,0,,0,
COC1C2=C1O2,6,0,,0,
COC1C2=C=C21,6,0,,0,
COC1C2=CC21,6,0,,0,
COC1C2=CN21,6,0,,0,
COC1C2=NC21,6,0,,0,
COC1C2=NN21,6,0,,0,
COC1C2CC21,6,0,,0,
COC1C2CN21,6,0,,0,
COC1C2NC21,6,0,,0,
COC1C2NN21,6,0,,0,
COC1C2OC12,6,0,,0,
COC1C2ON12,6,0,,0,
COC1C=C1C,6,0,,0,
COC1C=C1N,6,0,,0,
COC1C=C1O,6,0,,0,
COC1C=C=C1,6,0,,0,
COC1C=C=N1,6,0,,0,
COC1C=CC1,6,0,,0,
COC1C=CN1,6,0,,0,
COC1C=CO1,6,0,,0,
COC1C=NC1,6,0,,0,
COC1C=NN1,6,0,,0,
COC1C=NO1,6,0,,0,
COC1CC1=N,6,0,,0,
COC1CC1=O,6,0,,0,
COC1CC1C,6,0,,0,
COC1CC1N,6,0,,0,
COC1CC1O,6,0,,0,
COC1CC=N1,6,0,,0,
COC1CCC1,6,0,,0,
COC1CCN1,6,0,,0,
COC1CCO1,6,0,,0,
COC1CN1C,6,0,,0,
COC1CN1N,6,0,,0,
COC1CN1O,6,0,,0,
COC1CN=N1,6,0,,0,
COC1CNC1,6,0,,0,
COC1CNN1,6,0,,0,
COC1CNO1,6,0,,0,
COC1COC1,6,0,,0,
COC1CON1,6,0,,0,
COC1COO1,6,0,,0,
COC1N2CN12,6,0,,0,
COC1N=C1C,6,0,,0,
COC1N=C1N,6,0,,0,
COC1N=C1O,6,0,,0,
COC1N=C=N1,6,0,,0,
COC1N=CN1,6,0,,0,
COC1N=CO1,6,0,,0,
COC1N=NN1,6,0,,0,
COC1N=NO1,6,0,,0,
COC1NC1=N,6,0,,0,
COC1NC1=O,6,0,,0,
COC1NC1C,6,0,,0,
COC1NC1N,6,0,,0,
COC1NC1O,6,0,,0,
COC1NCN1,6,0,,0,
COC1NCO1,6,0,,0,
COC1NN1C,6,0,,0,
COC1NN1N,6,0,,0,
COC1NN1O,6,0,,0,
COC1NNN1,6,0,,0,
COC1NNO1,6,0,,0,
COC1NON1,6,0,,0,
COC1NOO1,6,0,,0,
COC1OC1=N,6,0,,0,
COC1OC1=O,6,0,,0,
COC1OC1C,6,0,,0,
COC1OC1N,6,0,,0,
COC1OC1O,6,0,,0,
COC1OCO1,6,0,,0,
COC1ON1C,6,0,,0,
COC1ON1N,6,0,,0,
COC1ON1O,6,0,,0,
COC1ONO1,6,0,,0,
COC1OOO1,6,0,,0,
COC1n2[nH]n21,6,0,,0,
COC1n2on21,6,0,,0,
COC=C(C)C,6,0,,0,
COC=C(C)N,6,0,,0,
COC=C(C)O,6,0,,0,
COC=C(N)N,6,0,,0,
COC=C(N)O,6,0,,0,
COC=C(O)O,6,0,,0,
COC=C1C#C1,6,0,,0,
COC=C1C=C1,6,0,,0,
COC=C1C=N1,6,0,,0,
COC=C1CC1,6,0,,0,
COC=C1CN1,6,0,,0,
COC=C1CO1,6,0,,0,
COC=C1N=N1,6,0,,0,
COC=C1NN1,6,0,,0,
COC=C1NO1,6,0,,0,
COC=C1OO1,6,0,,0,
COC=C=C=N,6,0,,0,
COC=C=C=O,6,0,,0,
COC=C=CN,6,0,,0,
COC=C=CO,6,0,,0,
COC=C=NN,6,0,,0,
COC=C=NO,6,0,,0,
COC=CC#N,6,0,,0,
COC=CC=N,6,0,,0,
COC=CC=O,6,0,,0,
COC=CCN,6,0,,0,
COC=CCO,6,0,,0,
COC=CN=N,6,0,,0,
COC=CN=O,6,0,,0,
COC=CNN,6,0,,0,
COC=CNO,6,0,,0,
COC=COC,6,0,,0,
COC=CON,6,0,,0,
COC=COO,6,0,,0,
COC=NC#N,6,0,,0,
COC=NC=N,6,0,,0,
COC=NC=O,6,0,,0,
COC=NCN,6,0,,0,
COC=NCO,6,0,,0,
COC=NN=N,6,0,,0,
COC=NN=O,6,0,,0,
COC=NNN,6,0,,0,
COC=NNO,6,0,,0,
COC=NOC,6,0,,0,
COC=NON,6,0,,0,
COC=NOO,6,0,,0,
COCC#CN,6,0,,0,
COCC#CO,6,0,,0,
COCC(=N)N,6,0,,0,
COCC(=N)O,6,0,,0,
COCC(=O)O,6,0,,0,
COCC(C)=N,6,0,,0,
COCC(C)=O,6,0,,0,
COCC(C)C,6,0,,0,
COCC(C)N,6,0,,0,
COCC(C)O,6,0,,0,
COCC(N)=O,6,0,,0,
COCC(N)N,6,0,,0,
COCC(N)O,6,0,,0,
COCC(O)O,6,0,,0,
COCC1=C=C1,6,0,,0,
COCC1=C=N1,6,0,,0,
COCC1=CC1,6,0,,0,
COCC1=CN1,6,0,,0,
COCC1=CO1,6,0,,0,
COCC1=NC1,6,0,,0,
COCC1=NN1,6,0,,0,
COCC1=NO1,6,0,,0,
COCC1C#C1,6,0,,0,
COCC1C=C1,6,0,,0,
COCC1C=N1,6,0,,0,
COCC1CC1,6,0,,0,
COCC1CN1,6,0,,0,
COCC1CO1,6,0,,0,
COCC1N=N1,6,0,,0,
COCC1NN1,6,0,,0,
COCC1NO1,6,0,,0,
COCC1OO1,6,0,,0,
COCC=C=N,6,0,,0,
COCC=C=O,6,0,,0,
COCC=CN,6,0,,0,
COCC=CO,6,0,,0,
COCC=NN,6,0,,0,
COCC=NO,6,0,,0,
COCCC#N,6,0,,0,
COCCC=N,6,0,,0,
COCCC=O,6,0,,0,
COCCCN,6,0,,0,
COCCCO,6,0,,0,
COCCN=N,6,0,,0,
COCCN=O,6,0,,0,
COCCNN,6,0,,0,
COCCNO,6,0,,0,
COCCOC,6,0,,0,
COCCON,6,0,,0,
COCCOO,6,0,,0,
COCN(C)C,6,0,,0,
COCN(C)N,6,0,,0,
COCN(C)O,6,0,,0,
COCN(N)N,6,0,,0,
COCN(N)O,6,0,,0,
COCN(O)O,6,0,,0,
COCN1C#C1,6,0,,0,
COCN1C=C1,6,0,,0,
COCN1C=N1,6,0,,0,
COCN1CC1,6,0,,0,
COCN1CN1,6,0,,0,
COCN1CO1,6,0,,0,
COCN1N=N1,6,0,,0,
COCN=C=N,6,0,,0,
COCN=C=O,6,0,,0,
COCN=CN,6,0,,0,
COCN=CO,6,0,,0,
COCN=NN,6,0,,0,
COCN=NO,6,0,,0,
COCNC#N,6,0,,0,
COCNC=N,6,0,,0,
COCNC=O,6,0,,0,
COCNCN,6,0,,0,
COCNCO,6,0,,0,
COCNN=N,6,0,,0,
COCNN=O,6,0,,0,
COCNNN,6,0,,0,
COCNNO,6,0,,0,
COCNOC,6,0,,0,
COCNON,6,0,,0,
COCNOO,6,0,,0,
COCOC#N,6,0,,0,
COCOC=N,6,0,,0,
COCOC=O,6,0,,0,
COCOCN,6,0,,0,
COCOCO,6,0,,0,
COCON=N,6,0,,0,
COCON=O,6,0,,0,
COCONN,6,0,,0,
COCONO,6,0,,0,
COCOOC,6,0,,0,
COCOON,6,0,,0,
COCOOO,6,0,,0,
COCn1[nH][nH]1,6,0,,0,
COCn1[nH]o1,6,0,,0,
COCn1oo1,6,0,,0,
CON(C)C#N,6,0,,0,
CON(C)C=N,6,0,,0,
CON(C)C=O,6,0,,0,
CON(C)CN,6,0,,0,
CON(C)CO,6,0,,0,
CON(C)N=N,6,0,,0,
CON(C)N=O,6,0,,0,
CON(C)NN,6,0,,0,
CON(C)NO,6,0,,0,
CON(C)OC,6,0,,0,
CON(C)ON,6,0,,0,
CON(C)OO,6,0,,0,
CON(N)C#N,6,0,,0,
CON(N)C=N,6,0,,0,
CON(N)C=O,6,0,,0,
CON(N)CN,6,0,,0,
CON(N)CO,6,0,,0,
CON(N)N=N,6,0,,0,
CON(N)N=O,6,0,,0,
CON(N)NN,6,0,,0,
CON(N)NO,6,0,,0,
CON(N)OC,6,0,,0,
CON(N)ON,6,0,,0,
CON(N)OO,6,0,,0,
CON(O)C#N,6,0,,0,
CON(O)C=N,6,0,,0,
CON(O)C=O,6,0,,0,
CON(O)CN,6,0,,0,
CON(O)CO,6,0,,0,
CON(O)N=N,6,0,,0,
CON(O)N=O,6,0,,0,
CON(O)NN,6,0,,0,
CON(O)NO,6,0,,0,
CON(O)OC,6,0,,0,
CON(O)ON,6,0,,0,
CON(O)OO,6,0,,0,
CON1C#CC1,6,0,,0,
CON1C2=C1C2,6,0,,0,
CON1C2=C=C21,6,0,,0,
CON1C2=CC21,6,0,,0,
CON1C2=NC21,6,0,,0,
CON1C2CC21,6,0,,0,
CON1C2CN21,6,0,,0,
CON1C2NC21,6,0,,0,
CON1C2NN21,6,0,,0,
CON1C2OC21,6,0,,0,
CON1C2ON21,6,0,,0,
CON1C=C1C,6,0,,0,
CON1C=C1N,6,0,,0,
CON1C=C1O,6,0,,0,
CON1C=C=C1,6,0,,0,
CON1C=C=N1,6,0,,0,
CON1C=CC1,6,0,,0,
CON1C=NC1,6,0,,0,
CON1CC1=N,6,0,,0,
CON1CC1=O,6,0,,0,
CON1CC1C,6,0,,0,
CON1CC1N,6,0,,0,
CON1CC1O,6,0,,0,
CON1CC=N1,6,0,,0,
CON1CCC1,6,0,,0,
CON1CCN1,6,0,,0,
CON1CCO1,6,0,,0,
CON1CN1C,6,0,,0,
CON1CN1N,6,0,,0,
CON1CN1O,6,0,,0,
CON1CN=N1,6,0,,0,
CON1CNC1,6,0,,0,
CON1CNN1,6,0,,0,
CON1CNO1,6,0,,0,
CON1COC1,6,0,,0,
CON1CON1,6,0,,0,
CON1COO1,6,0,,0,
CON1N=C1C,6,0,,0,
CON1N=C1N,6,0,,0,
CON1N=C1O,6,0,,0,
CON1N=C=N1,6,0,,0,
CON1NC1=N,6,0,,0,
CON1NC1=O,6,0,,0,
CON1NC1C,6,0,,0,
CON1NC1N,6,0,,0,
CON1NC1O,6,0,,0,
CON1NCN1,6,0,,0,
CON1NCO1,6,0,,0,
CON1NNN1,6,0,,0,
CON1NNO1,6,0,,0,
CON1NON1,6,0,,0,
CON1NOO1,6,0,,0,
CON1OC1=N,6,0,,0,
CON1OC1=O,6,0,,0,
CON1OC1C,6,0,,0,
CON1OC1N,6,0,,0,
CON1OC1O,6,0,,0,
CON1OCO1,6,0,,0,
CON1ONO1,6,0,,0,
CON1OOO1,6,0,,0,
CON=C(C)C,6,0,,0,
CON=C(C)N,6,0,,0,
CON=C(C)O,6,0,,0,
CON=C(N)N,6,0,,0,
CON=C(N)O,6,0,,0,
CON=C(O)O,6,0,,0,
CON=C1CC1,6,0,,0,
CON=C1CN1,6,0,,0,
CON=C1CO1,6,0,,0,
CON=C1NN1,6,0,,0,
CON=C1NO1,6,0,,0,
CON=C1OO1,6,0,,0,
CON=C=C=N,6,0,,0,
CON=C=C=O,6,0,,0,
CON=C=CN,6,0,,0,
CON=C=CO,6,0,,0,
CON=C=NN,6,0,,0,
CON=C=NO,6,0,,0,
CON=CC#N,6,0,,0,
CON=CC=N,6,0,,0,
CON=CC=O,6,0,,0,
CON=CCN,6,0,,0,
CON=CCO,6,0,,0,
CON=CN=N,6,0,,0,
CON=CN=O,6,0,,0,
CON=CNN,6,0,,0,
CON=CNO,6,0,,0,
CON=CON,6,0,,0,
CON=COO,6,0,,0,
CON=NC#N,6,0,,0,
CON=NC=N,6,0,,0,
CON=NC=O,6,0,,0,
CON=NCN,6,0,,0,
CON=NCO,6,0,,0,
CON=NN=N,6,0,,0,
CON=NN=O,6,0,,0,
CON=NNN,6,0,,0,
CON=NNO,6,0,,0,
CON=NOC,6,0,,0,
CON=NON,6,0,,0,
CON=NOO,6,0,,0,
CON=c1c#c1,6,0,,0,
CON=c1cc1,6,0,,0,
CON=c1cn1,6,0,,0,
CON=c1nn1,6,0,,0,
CONC#CN,6,0,,0,
CONC#CO,6,0,,0,
CONC(=N)N,6,0,,0,
CONC(=N)O,6,0,,0,
CONC(=O)O,6,0,,0,
CONC(C)=N,6,0,,0,
CONC(C)=O,6,0,,0,
CONC(C)C,6,0,,0,
CONC(C)N,6,0,,0,
CONC(C)O,6,0,,0,
CONC(N)=O,6,0,,0,
CONC(N)N,6,0,,0,
CONC(N)O,6,0,,0,
CONC(O)O,6,0,,0,
CONC1=C=C1,6,0,,0,
CONC1=C=N1,6,0,,0,
CONC1=CC1,6,0,,0,
CONC1=CN1,6,0,,0,
CONC1=CO1,6,0,,0,
CONC1=NC1,6,0,,0,
CONC1=NN1,6,0,,0,
CONC1=NO1,6,0,,0,
CONC1C#C1,6,0,,0,
CONC1C=C1,6,0,,0,
CONC1C=N1,6,0,,0,
CONC1CC1,6,0,,0,
CONC1CN1,6,0,,0,
CONC1CO1,6,0,,0,
CONC1N=N1,6,0,,0,
CONC1NN1,6,0,,0,
CONC1NO1,6,0,,0,
CONC1OO1,6,0,,0,
CONC=C=N,6,0,,0,
CONC=C=O,6,0,,0,
CONC=CN,6,0,,0,
CONC=CO,6,0,,0,
CONC=NN,6,0,,0,
CONC=NO,6,0,,0,
CONCC#N,6,0,,0,
CONCC=N,6,0,,0,
CONCC=O,6,0,,0,
CONCCN,6,0,,0,
CONCCO,6,0,,0,
CONCN=N,6,0,,0,
CONCN=O,6,0,,0,
CONCNN,6,0,,0,
CONCNO,6,0,,0,
CONCON,6,0,,0,
CONCOO,6,0,,0,
CONN(C)C,6,0,,0,
CONN(C)N,6,0,,0,
CONN(C)O,6,0,,0,
CONN(N)N,6,0,,0,
CONN(N)O,6,0,,0,
CONN(O)O,6,0,,0,
CONN1C#C1,6,0,,0,
CONN1C=C1,6,0,,0,
CONN1C=N1,6,0,,0,
CONN1CC1,6,0,,0,
CONN1CN1,6,0,,0,
CONN1CO1,6,0,,0,
CONN1N=N1,6,0,,0,
CONN=C=N,6,0,,0,
CONN=C=O,6,0,,0,
CONN=CN,6,0,,0,
CONN=CO,6,0,,0,
CONN=NN,6,0,,0,
CONN=NO,6,0,,0,
CONNC#N,6,0,,0,
CONNC=N,6,0,,0,
CONNC=O,6,0,,0,
CONNCN,6,0,,0,
CONNCO,6,0,,0,
CONNN=N,6,0,,0,
CONNN=O,6,0,,0,
CONNNN,6,0,,0,
CONNNO,6,0,,0,
CONNOC,6,0,,0,
CONNON,6,0,,0,
CONNOO,6,0,,0,
CONOC#N,6,0,,0,
CONOC=N,6,0,,0,
CONOC=O,6,0,,0,
CONOCN,6,0,,0,
CONOCO,6,0,,0,
CONON=N,6,0,,0,
CONON=O,6,0,,0,
CONONN,6,0,,0,
CONONO,6,0,,0,
CONOOC,6,0,,0,
CONOON,6,0,,0,
CONOOO,6,0,,0,
CONn1[nH][nH]1,6,0,,0,
CONn1[nH]o1,6,0,,0,
CONn1oo1,6,0,,0,
COOC#CN,6,0,,0,
COOC#CO,6,0,,0,
COOC(=N)N,6,0,,0,
COOC(=N)O,6,0,,0,
COOC(=O)O,6,0,,0,
COOC(C)=N,6,0,,0,
COOC(C)=O,6,0,,0,
COOC(C)C,6,0,,0,
COOC(C)N,6,0,,0,
COOC(C)O,6,0,,0,
COOC(N)=O,6,0,,0,
COOC(N)N,6,0,,0,
COOC(N)O,6,0,,0,
COOC(O)O,6,0,,0,
COOC1=C=C1,6,0,,0,
COOC1=C=N1,6,0,,0,
COOC1=CC1,6,0,,0,
COOC1=CN1,6,0,,0,
COOC1=CO1,6,0,,0,
COOC1=NC1,6,0,,0,
COOC1=NN1,6,0,,0,
COOC1=NO1,6,0,,0,
COOC1C#C1,6,0,,0,
COOC1C=C1,6,0,,0,
COOC1C=N1,6,0,,0,
COOC1CC1,6,0,,0,
COOC1CN1,6,0,,0,
COOC1CO1,6,0,,0,
COOC1N=N1,6,0,,0,
COOC1NN1,6,0,,0,
COOC1NO1,6,0,,0,
COOC1OO1,6,0,,0,
COOC=C=N,6,0,,0,
COOC=C=O,6,0,,0,
COOC=CN,6,0,,0,
COOC=CO,6,0,,0,
COOC=NN,6,0,,0,
COOC=NO,6,0,,0,
COOCC#N,6,0,,0,
COOCC=N,6,0,,0,
COOCC=O,6,0,,0,
COOCCN,6,0,,0,
COOCCO,6,0,,0,
COOCN=N,6,0,,0,
COOCN=O,6,0,,0,
COOCNN,6,0,,0,
COOCNO,6,0,,0,
COOCON,6,0,,0,
COOCOO,6,0,,0,
COON(C)C,6,0,,0,
COON(C)N,6,0,,0,
COON(C)O,6,0,,0,
COON(N)N,6,0,,0,
COON(N)O,6,0,,0,
COON(O)O,6,0,,0,
COON1C#C1,6,0,,0,
COON1C=C1,6,0,,0,
COON1C=N1,6,0,,0,
COON1CC1,6,0,,0,
COON1CN1,6,0,,0,
COON1CO1,6,0,,0,
COON1N=N1,6,0,,0,
COON=C=N,6,0,,0,
COON=C=O,6,0,,0,
COON=CN,6,0,,0,
COON=CO,6,0,,0,
COON=NN,6,0,,0,
COON=NO,6,0,,0,
COONC#N,6,0,,0,
COONC=N,6,0,,0,
COONC=O,6,0,,0,
COONCN,6,0,,0,
COONCO,6,0,,0,
COONN=N,6,0,,0,
COONN=O,6,0,,0,
COONNN,6,0,,0,
COONNO,6,0,,0,
COONON,6,0,,0,
COONOO,6,0,,0,
COOOC#N,6,0,,0,
COOOC=N,6,0,,0,
COOOC=O,6,0,,0,
COOOCN,6,0,,0,
COOOCO,6,0,,0,
COOON=N,6,0,,0,
COOON=O,6,0,,0,
COOONN,6,0,,0,
COOONO,6,0,,0,
COOOOC,6,0,,0,
COOOON,6,0,,0,
COOOOO,6,0,,0,
COOn1[nH][nH]1,6,0,,0,
COOn1[nH]o1,6,0,,0,
COOn1oo1,6,0,,0,
COc1c2[nH]n1-2,6,0,,0,
COc1c2on1-2,6,0,,0,
COc1c[nH][nH]1,6,0,,0,
COc1c[nH]o1,6,0,,0,
COc1cc1=N,6,0,,0,
COc1cc1=O,6,0,,0,
COc1co[nH]1,6,0,,0,
COc1coo1,6,0,,0,
COc1n[nH][nH]1,6,0,,0,
COc1n[nH]o1,6,0,,0,
COc1nc1=N,6,0,,0,
COc1nc1=O,6,0,,0,
COc1no[nH]1,6,0,,0,
COc1noo1,6,0,,0,
COn1[nH]n1C,6,0,,0,
COn1[nH]n1N,6,0,,0,
COn1[nH]n1O,6,0,,0,
COn1c#c[nH]1,6,0,,0,
COn1c#co1,6,0,,0,
COn1c2[nH]c1=2,6,0,,0,
COn1c2cn1-2,6,0,,0,
COn1c2nn1-2,6,0,,0,
COn1c2oc1=2,6,0,,0,
COn1cc[nH]1,6,0,,0,
COn1cco1,6,0,,0,
COn1cn[nH]1,6,0,,0,
COn1cno1,6,0,,0,
COn1n2[nH]n12,6,0,,0,
COn1n2n1C2,6,0,,0,
COn1n2on12,6,0,,0,
COn1nc[nH]1,6,0,,0,
COn1nco1,6,0,,0,
COn1nn[nH]1,6,0,,0,
COn1nno1,6,0,,0,
COn1on1C,6,0,,0,
COn1on1N,6,0,,0,
COn1on1O,6,0,,0,
Cc1[nH][nH]c1C,6,0,,0,
Cc1[nH][nH]c1N,6,0,,0,
Cc1[nH][nH]c1O,6,0,,0,
Cc1[nH]c2cc1-2,6,0,,0,
Cc1[nH]c2nc1-2,6,0,,0,
Cc1[nH]n2c1C2,6,0,,0,
Cc1[nH]n2c1N2,6,0,,0,
Cc1[nH]n2c1O2,6,0,,0,
Cc1[nH]oc1C,6,0,,0,
Cc1[nH]oc1N,6,0,,0,
Cc1[nH]oc1O,6,0,,0,
Cc1c#c[nH]c1,6,0,,0,
Cc1c#c[nH]n1,6,0,,0,
Cc1c#coc1,6,0,,0,
Cc1c#con1,6,0,,0,
Cc1c(C)c1=N,6,0,,0,
Cc1c(C)c1=O,6,0,,0,
Cc1c(N)c1=N,6,0,,0,
Cc1c(N)c1=O,6,0,,0,
Cc1c(O)c1=N,6,0,,0,
Cc1c(O)c1=O,6,0,,0,
Cc1c2[nH]n1C2,6,0,,0,
Cc1c2[nH]n1[nH]2,6,0,,0,
Cc1c2[nH]n1o2,6,0,,0,
Cc1c2c#cn1-2,6,0,,0,
Cc1c2c3c1n23,6,0,,0,
Cc1c2c3c2n13,6,0,,0,
Cc1c2c[nH]c1-2,6,0,,0,
Cc1c2ccn1-2,6,0,,0,
Cc1c2cnn1-2,6,0,,0,
Cc1c2coc1-2,6,0,,0,
Cc1c2n(C)n1-2,6,0,,0,
Cc1c2n(N)n1-2,6,0,,0,
Cc1c2n(O)n1-2,6,0,,0,
Cc1c2n3n1C23,6,0,,0,
Cc1c2n3n1n23,6,0,,0,
Cc1c2n[nH]c1-2,6,0,,0,
Cc1c2ncn1-2,6,0,,0,
Cc1c2nnn1-2,6,0,,0,
Cc1c2noc1-2,6,0,,0,
Cc1c2on1C2,6,0,,0,
Cc1c2on1o2,6,0,,0,
Cc1c[nH]cn1,6,0,,0,
Cc1c[nH]n1C,6,0,,0,
Cc1c[nH]n1N,6,0,,0,
Cc1c[nH]n1O,6,0,,0,
Cc1c[nH]nn1,6,0,,0,
Cc1cc#c[nH]1,6,0,,0,
Cc1cc#co1,6,0,,0,
Cc1cc1=NN,6,0,,0,
Cc1cc1=NO,6,0,,0,
Cc1cc2[nH]c1-2,6,0,,0,
Cc1cc2[nH]c1=2,6,0,,0,
Cc1cc2cn1-2,6,0,,0,
Cc1cc2nn1-2,6,0,,0,
Cc1cc2oc1-2,6,0,,0,
Cc1cc2oc1=2,6,0,,0,
Cc1cc[nH]c1,6,0,,0,
Cc1cc[nH]n1,6,0,,0,
Cc1ccc[nH]1,6,0,,0,
Cc1ccco1,6,0,,0,
Cc1ccn[nH]1,6,0,,0,
Cc1ccno1,6,0,,0,
Cc1ccoc1,6,0,,0,
Cc1ccon1,6,0,,0,
Cc1cn(C)[nH]1,6,0,,0,
Cc1cn(C)o1,6,0,,0,
Cc1cn(N)[nH]1,6,0,,0,
Cc1cn(N)o1,6,0,,0,
Cc1cn(O)[nH]1,6,0,,0,
Cc1cn(O)o1,6,0,,0,
Cc1cn2[nH]n12,6,0,,0,
Cc1cn2cc1-2,6,0,,0,
Cc1cn2n1C2,6,0,,0,
Cc1cn2nc1-2,6,0,,0,
Cc1cn2on12,6,0,,0,
Cc1cn[nH]c1,6,0,,0,
Cc1cn[nH]n1,6,0,,0,
Cc1cnc[nH]1,6,0,,0,
Cc1cnco1,6,0,,0,
Cc1cnn[nH]1,6,0,,0,
Cc1cnno1,6,0,,0,
Cc1cnoc1,6,0,,0,
Cc1cnon1,6,0,,0,
Cc1cocn1,6,0,,0,
Cc1con1C,6,0,,0,
Cc1con1N,6,0,,0,
Cc1con1O,6,0,,0,
Cc1conn1,6,0,,0,
Cc1n[nH]n1C,6,0,,0,
Cc1n[nH]n1N,6,0,,0,
Cc1n[nH]n1O,6,0,,0,
Cc1nc#c[nH]1,6,0,,0,
Cc1nc#co1,6,0,,0,
Cc1nc1=NN,6,0,,0,
Cc1nc1=NO,6,0,,0,
Cc1nc2[nH]c1-2,6,0,,0,
Cc1nc2[nH]c1=2,6,0,,0,
Cc1nc2cn1-2,6,0,,0,
Cc1nc2nn1-2,6,0,,0,
Cc1nc2oc1-2,6,0,,0,
Cc1nc2oc1=2,6,0,,0,
Cc1nc[nH]n1,6,0,,0,
Cc1ncc[nH]1,6,0,,0,
Cc1ncco1,6,0,,0,
Cc1ncn[nH]1,6,0,,0,
Cc1ncno1,6,0,,0,
Cc1ncon1,6,0,,0,
Cc1nn(C)[nH]1,6,0,,0,
Cc1nn(C)o1,6,0,,0,
Cc1nn(N)[nH]1,6,0,,0,
Cc1nn(N)o1,6,0,,0,
Cc1nn(O)[nH]1,6,0,,0,
Cc1nn(O)o1,6,0,,0,
Cc1nn2[nH]n12,6,0,,0,
Cc1nn2cc1-2,6,0,,0,
Cc1nn2n1C2,6,0,,0,
Cc1nn2nc1-2,6,0,,0,
Cc1nn2on12,6,0,,0,
Cc1nn[nH]n1,6,0,,0,
Cc1nnc[nH]1,6,0,,0,
Cc1nnco1,6,0,,0,
Cc1nnn[nH]1,6,0,,0,
Cc1nnno1,6,0,,0,
Cc1nnon1,6,0,,0,
Cc1non1C,6,0,,0,
Cc1non1N,6,0,,0,
Cc1non1O,6,0,,0,
Cc1o[nH]c1N,6,0,,0,
Cc1o[nH]c1O,6,0,,0,
Cc1oc2cc1-2,6,0,,0,
Cc1oc2nc1-2,6,0,,0,
Cc1on2c1C2,6,0,,0,
Cc1on2c1N2,6,0,,0,
Cc1on2c1O2,6,0,,0,
Cc1ooc1C,6,0,,0,
Cc1ooc1N,6,0,,0,
Cc1ooc1O,6,0,,0,
Cn1[nH][nH][nH][nH]1,6,0,,0,
Cn1[nH][nH][nH]o1,6,0,,0,
Cn1[nH][nH]c1=N,6,0,,0,
Cn1[nH][nH]c1=O,6,0,,0,
Cn1[nH][nH]o[nH]1,6,0,,0,
Cn1[nH][nH]oo1,6,0,,0,
Cn1[nH]c(=N)[nH]1,6,0,,0,
Cn1[nH]c(=N)o1,6,0,,0,
Cn1[nH]c(=O)[nH]1,6,0,,0,
Cn1[nH]c(=O)o1,6,0,,0,
Cn1[nH]c2c1=C=2,6,0,,0,
Cn1[nH]c2c1C2,6,0,,0,
Cn1[nH]c2c1N2,6,0,,0,
Cn1[nH]c2c1O2,6,0,,0,
Cn1[nH]cc1N,6,0,,0,
Cn1[nH]cc1O,6,0,,0,
Cn1[nH]n1C#N,6,0,,0,
Cn1[nH]n1C=N,6,0,,0,
Cn1[nH]n1C=O,6,0,,0,
Cn1[nH]n1CN,6,0,,0,
Cn1[nH]n1CO,6,0,,0,
Cn1[nH]n1N=N,6,0,,0,
Cn1[nH]n1N=O,6,0,,0,
Cn1[nH]n1NN,6,0,,0,
Cn1[nH]n1NO,6,0,,0,
Cn1[nH]n1ON,6,0,,0,
Cn1[nH]n1OO,6,0,,0,
Cn1[nH]n2[nH]n12,6,0,,0,
Cn1[nH]n2on12,6,0,,0,
Cn1[nH]nc1N,6,0,,0,
Cn1[nH]nc1O,6,0,,0,
Cn1[nH]o[nH]o1,6,0,,0,
Cn1[nH]oc1=N,6,0,,0,
Cn1[nH]oc1=O,6,0,,0,
Cn1[nH]oo[nH]1,6,0,,0,
Cn1[nH]ooo1,6,0,,0,
Cn1c#cc#c1,6,0,,0,
Cn1c#ccc1,6,0,,0,
Cn1c#ccn1,6,0,,0,
Cn1c#cn1C,6,0,,0,
Cn1c#cn1N,6,0,,0,
Cn1c#cn1O,6,0,,0,
Cn1c#cnc1,6,0,,0,
Cn1c#cnn1,6,0,,0,
Cn1c(=N)c1=N,6,0,,0,
Cn1c(=N)c1=O,6,0,,0,
Cn1c(=O)c1=O,6,0,,0,
Cn1c2[nH]c1=C=2,6,0,,0,
Cn1c2c#cc1=2,6,0,,0,
Cn1c2c(N)n1-2,6,0,,0,
Cn1c2c(O)n1-2,6,0,,0,
Cn1c2c3c2c31,6,0,,0,
Cn1c2c3n1C23,6,0,,0,
Cn1c2c3n2n31,6,0,,0,
Cn1c2ccc1-2,6,0,,0,
Cn1c2ccc1=2,6,0,,0,
Cn1c2cn1C2,6,0,,0,
Cn1c2cn1[nH]2,6,0,,0,
Cn1c2cn1o2,6,0,,0,
Cn1c2cnc1-2,6,0,,0,
Cn1c2cnc1=2,6,0,,0,
Cn1c2n(C)c1=2,6,0,,0,
Cn1c2n(N)c1=2,6,0,,0,
Cn1c2n(O)c1=2,6,0,,0,
Cn1c2nn1C2,6,0,,0,
Cn1c2nn1[nH]2,6,0,,0,
Cn1c2nn1o2,6,0,,0,
Cn1c2nnc1-2,6,0,,0,
Cn1c2nnc1=2,6,0,,0,
Cn1c2oc1=C=2,6,0,,0,
Cn1cc(N)[nH]1,6,0,,0,
Cn1cc(N)o1,6,0,,0,
Cn1cc(O)[nH]1,6,0,,0,
Cn1cc(O)o1,6,0,,0,
Cn1cc2cc1-2,6,0,,0,
Cn1cc2n1C2,6,0,,0,
Cn1cc2n1N2,6,0,,0,
Cn1cc2n1O2,6,0,,0,
Cn1cc2nc1-2,6,0,,0,
Cn1cccc1,6,0,,0,
Cn1cccn1,6,0,,0,
Cn1ccn1C,6,0,,0,
Cn1ccn1N,6,0,,0,
Cn1ccn1O,6,0,,0,
Cn1ccnc1,6,0,,0,
Cn1ccnn1,6,0,,0,
Cn1cncn1,6,0,,0,
Cn1cnn1C,6,0,,0,
Cn1cnn1N,6,0,,0,
Cn1cnn1O,6,0,,0,
Cn1cnnc1,6,0,,0,
Cn1cnnn1,6,0,,0,
Cn1n(C)n1C,6,0,,0,
Cn1n(C)n1N,6,0,,0,
Cn1n(C)n1O,6,0,,0,
Cn1n(N)n1N,6,0,,0,
Cn1n(N)n1O,6,0,,0,
Cn1n(O)n1O,6,0,,0,
Cn1n2[nH][nH]n12,6,0,,0,
Cn1n2[nH]on12,6,0,,0,
Cn1n2c#cn12,6,0,,0,
Cn1n2c(=N)n12,6,0,,0,
Cn1n2c(=O)n12,6,0,,0,
Cn1n2ccn12,6,0,,0,
Cn1n2cnn12,6,0,,0,
Cn1n2n(C)n12,6,0,,0,
Cn1n2n(N)n12,6,0,,0,
Cn1n2n(O)n12,6,0,,0,
Cn1n2n1C2N,6,0,,0,
Cn1n2n1C2O,6,0,,0,
Cn1n2n1CC2,6,0,,0,
Cn1n2n1NC2,6,0,,0,
Cn1n2n1OC2,6,0,,0,
Cn1n2n3n1n23,6,0,,0,
Cn1n2nnn12,6,0,,0,
Cn1n2oon12,6,0,,0,
Cn1nc(N)[nH]1,6,0,,0,
Cn1nc(N)o1,6,0,,0,
Cn1nc(O)[nH]1,6,0,,0,
Cn1nc(O)o1,6,0,,0,
Cn1nc2cc1-2,6,0,,0,
Cn1nc2n1C2,6,0,,0,
Cn1nc2n1N2,6,0,,0,
Cn1nc2n1O2,6,0,,0,
Cn1nc2nc1-2,6,0,,0,
Cn1nccn1,6,0,,0,
Cn1ncn1N,6,0,,0,
Cn1ncn1O,6,0,,0,
Cn1ncnn1,6,0,,0,
Cn1nnn1C,6,0,,0,
Cn1nnn1N,6,0,,0,
Cn1nnn1O,6,0,,0,
Cn1nnnn1,6,0,,0,
Cn1o[nH][nH]o1,6,0,,0,
Cn1o[nH]c1=N,6,0,,0,
Cn1o[nH]c1=O,6,0,,0,
Cn1o[nH]oo1,6,0,,0,
Cn1oc(=N)o1,6,0,,0,
Cn1oc(=O)o1,6,0,,0,
Cn1oc2c1=C=2,6,0,,0,
Cn1oc2c1C2,6,0,,0,
Cn1oc2c1N2,6,0,,0,
Cn1oc2c1O2,6,0,,0,
Cn1occ1N,6,0,,0,
Cn1occ1O,6,0,,0,
Cn1on1C#N,6,0,,0,
Cn1on1C=N,6,0,,0,
Cn1on1C=O,6,0,,0,
Cn1on1CN,6,0,,0,
Cn1on1CO,6,0,,0,
Cn1on1N=N,6,0,,0,
Cn1on1N=O,6,0,,0,
Cn1on1NN,6,0,,0,
Cn1on1NO,6,0,,0,
Cn1on1ON,6,0,,0,
Cn1on1OO,6,0,,0,
Cn1on2[nH]n12,6,0,,0,
Cn1on2on12,6,0,,0,
Cn1onc1N,6,0,,0,
Cn1onc1O,6,0,,0,
Cn1ooc1=N,6,0,,0,
Cn1ooc1=O,6,0,,0,
Cn1oooo1,6,0,,0,
N#CC#CC#N,6,0,,0,
N#CC#CC=N,6,0,,0,
N#CC#CC=O,6,0,,0,
N#CC#CCN,6,0,,0,
N#CC#CCO,6,0,,0,
N#CC#CN=N,6,0,,0,
N#CC#CN=O,6,0,,0,
N#CC#CNN,6,0,,0,
N#CC#CNO,6,0,,0,
N#CC#CON,6,0,,0,
N#CC#COO,6,0,,0,
N#CC(=N)C#N,6,0,,0,
N#CC(=N)C=N,6,0,,0,
N#CC(=N)C=O,6,0,,0,
N#CC(=N)CN,6,0,,0,
N#CC(=N)CO,6,0,,0,
N#CC(=N)N=N,6,0,,0,
N#CC(=N)N=O,6,0,,0,
N#CC(=N)NN,6,0,,0,
N#CC(=N)NO,6,0,,0,
N#CC(=N)ON,6,0,,0,
N#CC(=N)OO,6,0,,0,
N#CC(=O)C#N,6,0,,0,
N#CC(=O)C=N,6,0,,0,
N#CC(=O)C=O,6,0,,0,
N#CC(=O)CN,6,0,,0,
N#CC(=O)CO,6,0,,0,
N#CC(=O)N=N,6,0,,0,
N#CC(=O)N=O,6,0,,0,
N#CC(=O)NN,6,0,,0,
N#CC(=O)NO,6,0,,0,
N#CC(=O)ON,6,0,,0,
N#CC(=O)OO,6,0,,0,
N#CC(N)(N)N,6,0,,0,
N#CC(N)(N)O,6,0,,0,
N#CC(N)(O)O,6,0,,0,
N#CC(N)=C=N,6,0,,0,
N#CC(N)=C=O,6,0,,0,
N#CC(N)=CN,6,0,,0,
N#CC(N)=CO,6,0,,0,
N#CC(N)=NN,6,0,,0,
N#CC(N)=NO,6,0,,0,
N#CC(N)C#N,6,0,,0,
N#CC(N)C=N,6,0,,0,
N#CC(N)C=O,6,0,,0,
N#CC(N)CN,6,0,,0,
N#CC(N)CO,6,0,,0,
N#CC(N)N=N,6,0,,0,
N#CC(N)N=O,6,0,,0,
N#CC(N)NN,6,0,,0,
N#CC(N)NO,6,0,,0,
N#CC(N)ON,6,0,,0,
N#CC(N)OO,6,0,,0,
N#CC(O)(O)O,6,0,,0,
N#CC(O)=C=N,6,0,,0,
N#CC(O)=C=O,6,0,,0,
N#CC(O)=CN,6,0,,0,
N#CC(O)=CO,6,0,,0,
N#CC(O)=NN,6,0,,0,
N#CC(O)=NO,6,0,,0,
N#CC(O)C#N,6,0,,0,
N#CC(O)C=N,6,0,,0,
N#CC(O)C=O,6,0,,0,
N#CC(O)CN,6,0,,0,
N#CC(O)CO,6,0,,0,
N#CC(O)N=N,6,0,,0,
N#CC(O)N=O,6,0,,0,
N#CC(O)NN,6,0,,0,
N#CC(O)NO,6,0,,0,
N#CC(O)ON,6,0,,0,
N#CC(O)OO,6,0,,0,
N#CC1(N)C#C1,6,0,,0,
N#CC1(N)C=C1,6,0,,0,
N#CC1(N)C=N1,6,0,,0,
N#CC1(N)CC1,6,0,,0,
N#CC1(N)CN1,6,0,,0,
N#CC1(N)CO1,6,0,,0,
N#CC1(N)N=N1,6,0,,0,
N#CC1(N)NN1,6,0,,0,
N#CC1(N)NO1,6,0,,0,
N#CC1(N)OO1,6,0,,0,
N#CC1(O)C#C1,6,0,,0,
N#CC1(O)C=C1,6,0,,0,
N#CC1(O)C=N1,6,0,,0,
N#CC1(O)CC1,6,0,,0,
N#CC1(O)CN1,6,0,,0,
N#CC1(O)CO1,6,0,,0,
N#CC1(O)N=N1,6,0,,0,
N#CC1(O)NN1,6,0,,0,
N#CC1(O)NO1,6,0,,0,
N#CC1(O)OO1,6,0,,0,
N#CC12C3=C1C32,6,0,,0,
N#CC12C3=C1N32,6,0,,0,
N#CC12C3C1C32,6,0,,0,
N#CC12C3C1N32,6,0,,0,
N#CC12C3N1N32,6,0,,0,
N#CC12C=C1C2,6,0,,0,
N#CC12C=C1N2,6,0,,0,
N#CC12C=C1O2,6,0,,0,
N#CC12CC1=N2,6,0,,0,
N#CC12CC1C2,6,0,,0,
N#CC12CC1N2,6,0,,0,
N#CC12CC1O2,6,0,,0,
N#CC12CN1C2,6,0,,0,
N#CC12CN1N2,6,0,,0,
N#CC12CN1O2,6,0,,0,
N#CC12N=C1N2,6,0,,0,
N#CC12N=C1O2,6,0,,0,
N#CC12NC1N2,6,0,,0,
N#CC12NC1O2,6,0,,0,
N#CC12NN1N2,6,0,,0,
N#CC12NN1O2,6,0,,0,
N#CC12OC1O2,6,0,,0,
N#CC12ON1O2,6,0,,0,
N#CC12n3n1n32,6,0,,0,
N#CC1=C(N)C1,6,0,,0,
N#CC1=C(N)N1,6,0,,0,
N#CC1=C(N)O1,6,0,,0,
N#CC1=C(O)C1,6,0,,0,
N#CC1=C(O)N1,6,0,,0,
N#CC1=C(O)O1,6,0,,0,
N#CC1=C2C=C12,6,0,,0,
N#CC1=C2CC12,6,0,,0,
N#CC1=C2CN12,6,0,,0,
N#CC1=C2N=C12,6,0,,0,
N#CC1=C2NC12,6,0,,0,
N#CC1=C2OC12,6,0,,0,
N#CC1=C=C1N,6,0,,0,
N#CC1=C=C1O,6,0,,0,
N#CC1=C=C=C1,6,0,,0,
N#CC1=C=C=N1,6,0,,0,
N#CC1=C=CC1,6,0,,0,
N#CC1=C=CN1,6,0,,0,
N#CC1=C=CO1,6,0,,0,
N#CC1=C=NC1,6,0,,0,
N#CC1=C=NN1,6,0,,0,
N#CC1=C=NO1,6,0,,0,
N#CC1=CC#C1,6,0,,0,
N#CC1=CC1N,6,0,,0,
N#CC1=CC1O,6,0,,0,
N#CC1=CC=C1,6,0,,0,
N#CC1=CC=N1,6,0,,0,
N#CC1=CCC1,6,0,,0,
N#CC1=CCN1,6,0,,0,
N#CC1=CCO1,6,0,,0,
N#CC1=CN1N,6,0,,0,
N#CC1=CN1O,6,0,,0,
N#CC1=CN=C1,6,0,,0,
N#CC1=CN=N1,6,0,,0,
N#CC1=CNC1,6,0,,0,
N#CC1=COC1,6,0,,0,
N#CC1=NC#C1,6,0,,0,
N#CC1=NC1N,6,0,,0,
N#CC1=NC1O,6,0,,0,
N#CC1=NC=C1,6,0,,0,
N#CC1=NC=N1,6,0,,0,
N#CC1=NCC1,6,0,,0,
N#CC1=NCN1,6,0,,0,
N#CC1=NCO1,6,0,,0,
N#CC1=NN1N,6,0,,0,
N#CC1=NN1O,6,0,,0,
N#CC1=NN=C1,6,0,,0,
N#CC1=NN=N1,6,0,,0,
N#CC1=NNC1,6,0,,0,
N#CC1=NOC1,6,0,,0,
N#CC1C#CC1,6,0,,0,
N#CC1C#CN1,6,0,,0,
N#CC1C#CO1,6,0,,0,
N#CC1C2=C1C2,6,0,,0,
N#CC1C2=C1N2,6,0,,0,
N#CC1C2=C1O2,6,0,,0,
N#CC1C2=C=C21,6,0,,0,
N#CC1C2=CC21,6,0,,0,
N#CC1C2=CN21,6,0,,0,
N#CC1C2=NC21,6,0,,0,
N#CC1C2=NN21,6,0,,0,
N#CC1C2CC12,6,0,,0,
N#CC1C2CN12,6,0,,0,
N#CC1C2NC12,6,0,,0,
N#CC1C2NN12,6,0,,0,
N#CC1C2OC12,6,0,,0,
N#CC1C2ON12,6,0,,0,
N#CC1C=C1N,6,0,,0,
N#CC1C=C1O,6,0,,0,
N#CC1C=C=C1,6,0,,0,
N#CC1C=C=N1,6,0,,0,
N#CC1C=CC1,6,0,,0,
N#CC1C=CN1,6,0,,0,
N#CC1C=CO1,6,0,,0,
N#CC1C=NC1,6,0,,0,
N#CC1C=NN1,6,0,,0,
N#CC1C=NO1,6,0,,0,
N#CC1CC1=N,6,0,,0,
N#CC1CC1=O,6,0,,0,
N#CC1CC1N,6,0,,0,
N#CC1CC1O,6,0,,0,
N#CC1CC=N1,6,0,,0,
N#CC1CCC1,6,0,,0,
N#CC1CCN1,6,0,,0,
N#CC1CCO1,6,0,,0,
N#CC1CN1N,6,0,,0,
N#CC1CN1O,6,0,,0,
N#CC1CN=N1,6,0,,0,
N#CC1CNC1,6,0,,0,
N#CC1CNN1,6,0,,0,
N#CC1CNO1,6,0,,0,
N#CC1COC1,6,0,,0,
N#CC1CON1,6,0,,0,
N#CC1COO1,6,0,,0,
N#CC1N2CN12,6,0,,0,
N#CC1N=C1N,6,0,,0,
N#CC1N=C1O,6,0,,0,
N#CC1N=C=N1,6,0,,0,
N#CC1N=CN1,6,0,,0,
N#CC1N=CO1,6,0,,0,
N#CC1N=NN1,6,0,,0,
N#CC1N=NO1,6,0,,0,
N#CC1NC1=N,6,0,,0,
N#CC1NC1=O,6,0,,0,
N#CC1NC1N,6,0,,0,
N#CC1NC1O,6,0,,0,
N#CC1NCN1,6,0,,0,
N#CC1NCO1,6,0,,0,
N#CC1NN1N,6,0,,0,
N#CC1NN1O,6,0,,0,
N#CC1NNN1,6,0,,0,
N#CC1NNO1,6,0,,0,
N#CC1NON1,6,0,,0,
N#CC1NOO1,6,0,,0,
N#CC1OC1=N,6,0,,0,
N#CC1OC1=O,6,0,,0,
N#CC1OC1N,6,0,,0,
N#CC1OC1O,6,0,,0,
N#CC1OCO1,6,0,,0,
N#CC1ON1N,6,0,,0,
N#CC1ON1O,6,0,,0,
N#CC1ONO1,6,0,,0,
N#CC1OOO1,6,0,,0,
N#CC1n2[nH]n21,6,0,,0,
N#CC1n2on21,6,0,,0,
N#CC=C(N)N,6,0,,0,
N#CC=C(N)O,6,0,,0,
N#CC=C(O)O,6,0,,0,
N#CC=C1C#C1,6,0,,0,
N#CC=C1C=C1,6,0,,0,
N#CC=C1C=N1,6,0,,0,
N#CC=C1CC1,6,0,,0,
N#CC=C1CN1,6,0,,0,
N#CC=C1CO1,6,0,,0,
N#CC=C1N=N1,6,0,,0,
N#CC=C1NN1,6,0,,0,
N#CC=C1NO1,6,0,,0,
N#CC=C1OO1,6,0,,0,
N#CC=C=C=N,6,0,,0,
N#CC=C=C=O,6,0,,0,
N#CC=C=CN,6,0,,0,
N#CC=C=CO,6,0,,0,
N#CC=C=NN,6,0,,0,
N#CC=C=NO,6,0,,0,
N#CC=CC#N,6,0,,0,
N#CC=CC=N,6,0,,0,
N#CC=CC=O,6,0,,0,
N#CC=CCN,6,0,,0,
N#CC=CCO,6,0,,0,
N#CC=CN=N,6,0,,0,
N#CC=CN=O,6,0,,0,
N#CC=CNN,6,0,,0,
N#CC=CNO,6,0,,0,
N#CC=CON,6,0,,0,
N#CC=COO,6,0,,0,
N#CC=NC#N,6,0,,0,
N#CC=NC=N,6,0,,0,
N#CC=NC=O,6,0,,0,
N#CC=NCN,6,0,,0,
N#CC=NCO,6,0,,0,
N#CC=NN=N,6,0,,0,
N#CC=NN=O,6,0,,0,
N#CC=NNN,6,0,,0,
N#CC=NNO,6,0,,0,
N#CC=NON,6,0,,0,
N#CC=NOO,6,0,,0,
N#CCC#CN,6,0,,0,
N#CCC#CO,6,0,,0,
N#CCC(=N)N,6,0,,0,
N#CCC(=N)O,6,0,,0,
N#CCC(=O)O,6,0,,0,
N#CCC(N)=O,6,0,,0,
N#CCC(N)N,6,0,,0,
N#CCC(N)O,6,0,,0,
N#CCC(O)O,6,0,,0,
N#CCC1=C=C1,6,0,,0,
N#CCC1=C=N1,6,0,,0,
N#CCC1=CC1,6,0,,0,
N#CCC1=CN1,6,0,,0,
N#CCC1=CO1,6,0,,0,
N#CCC1=NC1,6,0,,0,
N#CCC1=NN1,6,0,,0,
N#CCC1=NO1,6,0,,0,
N#CCC1C#C1,6,0,,0,
N#CCC1C=C1,6,0,,0,
N#CCC1C=N1,6,0,,0,
N#CCC1CC1,6,0,,0,
N#CCC1CN1,6,0,,0,
N#CCC1CO1,6,0,,0,
N#CCC1N=N1,6,0,,0,
N#CCC1NN1,6,0,,0,
N#CCC1NO1,6,0,,0,
N#CCC1OO1,6,0,,0,
N#CCC=C=N,6,0,,0,
N#CCC=C=O,6,0,,0,
N#CCC=CN,6,0,,0,
N#CCC=CO,6,0,,0,
N#CCC=NN,6,0,,0,
N#CCC=NO,6,0,,0,
N#CCCC#N,6,0,,0,
N#CCCC=N,6,0,,0,
N#CCCC=O,6,0,,0,
N#CCCCN,6,0,,0,
N#CCCCO,6,0,,0,
N#CCCN=N,6,0,,0,
N#CCCN=O,6,0,,0,
N#CCCNN,6,0,,0,
N#CCCNO,6,0,,0,
N#CCCON,6,0,,0,
N#CCCOO,6,0,,0,
N#CCN(N)N,6,0,,0,
N#CCN(N)O,6,0,,0,
N#CCN(O)O,6,0,,0,
N#CCN1C#C1,6,0,,0,
N#CCN1C=C1,6,0,,0,
N#CCN1C=N1,6,0,,0,
N#CCN1CC1,6,0,,0,
N#CCN1CN1,6,0,,0,
N#CCN1CO1,6,0,,0,
N#CCN1N=N1,6,0,,0,
N#CCN=C=N,6,0,,0,
N#CCN=C=O,6,0,,0,
N#CCN=CN,6,0,,0,
N#CCN=CO,6,0,,0,
N#CCN=NN,6,0,,0,
N#CCN=NO,6,0,,0,
N#CCNC#N,6,0,,0,
N#CCNC=N,6,0,,0,
N#CCNC=O,6,0,,0,
N#CCNCN,6,0,,0,
N#CCNCO,6,0,,0,
N#CCNN=N,6,0,,0,
N#CCNN=O,6,0,,0,
N#CCNNN,6,0,,0,
N#CCNNO,6,0,,0,
N#CCNON,6,0,,0,
N#CCNOO,6,0,,0,
N#CCOC#N,6,0,,0,
N#CCOC=N,6,0,,0,
N#CCOC=O,6,0,,0,
N#CCOCN,6,0,,0,
N#CCOCO,6,0,,0,
N#CCON=N,6,0,,0,
N#CCON=O,6,0,,0,
N#CCONN,6,0,,0,
N#CCONO,6,0,,0,
N#CCOON,6,0,,0,
N#CCOOO,6,0,,0,
N#CCn1[nH][nH]1,6,0,,0,
N#CCn1[nH]o1,6,0,,0,
N#CCn1oo1,6,0,,0,
N#CN(N)C#N,6,0,,0,
N#CN(N)C=N,6,0,,0,
N#CN(N)C=O,6,0,,0,
N#CN(N)CN,6,0,,0,
N#CN(N)CO,6,0,,0,
N#CN(N)N=N,6,0,,0,
N#CN(N)N=O,6,0,,0,
N#CN(N)NN,6,0,,0,
N#CN(N)NO,6,0,,0,
N#CN(N)ON,6,0,,0,
N#CN(N)OO,6,0,,0,
N#CN(O)C#N,6,0,,0,
N#CN(O)C=N,6,0,,0,
N#CN(O)C=O,6,0,,0,
N#CN(O)CN,6,0,,0,
N#CN(O)CO,6,0,,0,
N#CN(O)N=N,6,0,,0,
N#CN(O)N=O,6,0,,0,
N#CN(O)NN,6,0,,0,
N#CN(O)NO,6,0,,0,
N#CN(O)ON,6,0,,0,
N#CN(O)OO,6,0,,0,
N#CN1C#CC1,6,0,,0,
N#CN1C2=C1C2,6,0,,0,
N#CN1C2=C=C21,6,0,,0,
N#CN1C2=CC21,6,0,,0,
N#CN1C2=NC21,6,0,,0,
N#CN1C2CC21,6,0,,0,
N#CN1C2CN21,6,0,,0,
N#CN1C2NC21,6,0,,0,
N#CN1C2NN21,6,0,,0,
N#CN1C2OC21,6,0,,0,
N#CN1C2ON21,6,0,,0,
N#CN1C=C1N,6,0,,0,
N#CN1C=C1O,6,0,,0,
N#CN1C=C=C1,6,0,,0,
N#CN1C=C=N1,6,0,,0,
N#CN1C=CC1,6,0,,0,
N#CN1C=NC1,6,0,,0,
N#CN1CC1=N,6,0,,0,
N#CN1CC1=O,6,0,,0,
N#CN1CC1N,6,0,,0,
N#CN1CC1O,6,0,,0,
N#CN1CC=N1,6,0,,0,
N#CN1CCC1,6,0,,0,
N#CN1CCN1,6,0,,0,
N#CN1CCO1,6,0,,0,
N#CN1CN1N,6,0,,0,
N#CN1CN1O,6,0,,0,
N#CN1CN=N1,6,0,,0,
N#CN1CNC1,6,0,,0,
N#CN1CNN1,6,0,,0,
N#CN1CNO1,6,0,,0,
N#CN1COC1,6,0,,0,
N#CN1CON1,6,0,,0,
N#CN1COO1,6,0,,0,
N#CN1N=C1N,6,0,,0,
N#CN1N=C1O,6,0,,0,
N#CN1N=C=N1,6,0,,0,
N#CN1NC1=N,6,0,,0,
N#CN1NC1=O,6,0,,0,
N#CN1NC1N,6,0,,0,
N#CN1NC1O,6,0,,0,
N#CN1NCN1,6,0,,0,
N#CN1NCO1,6,0,,0,
N#CN1NNN1,6,0,,0,
N#CN1NNO1,6,0,,0,
N#CN1NON1,6,0,,0,
N#CN1NOO1,6,0,,0,
N#CN1OC1=N,6,0,,0,
N#CN1OC1=O,6,0,,0,
N#CN1OC1N,6,0,,0,
N#CN1OC1O,6,0,,0,
N#CN1OCO1,6,0,,0,
N#CN1ONO1,6,0,,0,
N#CN1OOO1,6,0,,0,
N#CN=C(N)N,6,0,,0,
N#CN=C(N)O,6,0,,0,
N#CN=C(O)O,6,0,,0,
N#CN=C1CC1,6,0,,0,
N#CN=C1CN1,6,0,,0,
N#CN=C1CO1,6,0,,0,
N#CN=C1NN1,6,0,,0,
N#CN=C1NO1,6,0,,0,
N#CN=C1OO1,6,0,,0,
N#CN=C=C=N,6,0,,0,
N#CN=C=C=O,6,0,,0,
N#CN=C=CN,6,0,,0,
N#CN=C=CO,6,0,,0,
N#CN=C=NN,6,0,,0,
N#CN=C=NO,6,0,,0,
N#CN=CC=N,6,0,,0,
N#CN=CC=O,6,0,,0,
N#CN=CCN,6,0,,0,
N#CN=CCO,6,0,,0,
N#CN=CN=N,6,0,,0,
N#CN=CN=O,6,0,,0,
N#CN=CNN,6,0,,0,
N#CN=CNO,6,0,,0,
N#CN=CON,6,0,,0,
N#CN=COO,6,0,,0,
N#CN=NC#N,6,0,,0,
N#CN=NC=N,6,0,,0,
N#CN=NC=O,6,0,,0,
N#CN=NCN,6,0,,0,
N#CN=NCO,6,0,,0,
N#CN=NN=N,6,0,,0,
N#CN=NN=O,6,0,,0,
N#CN=NNN,6,0,,0,
N#CN=NNO,6,0,,0,
N#CN=NON,6,0,,0,
N#CN=NOO,6,0,,0,
N#CN=c1c#c1,6,0,,0,
N#CN=c1cc1,6,0,,0,
N#CN=c1cn1,6,0,,0,
N#CN=c1nn1,6,0,,0,
N#CNC#CN,6,0,,0,
N#CNC#CO,6,0,,0,
N#CNC(=N)N,6,0,,0,
N#CNC(=N)O,6,0,,0,
N#CNC(=O)O,6,0,,0,
N#CNC(N)=O,6,0,,0,
N#CNC(N)N,6,0,,0,
N#CNC(N)O,6,0,,0,
N#CNC(O)O,6,0,,0,
N#CNC1=C=C1,6,0,,0,
N#CNC1=C=N1,6,0,,0,
N#CNC1=CC1,6,0,,0,
N#CNC1=CN1,6,0,,0,
N#CNC1=CO1,6,0,,0,
N#CNC1=NC1,6,0,,0,
N#CNC1=NN1,6,0,,0,
N#CNC1=NO1,6,0,,0,
N#CNC1C#C1,6,0,,0,
N#CNC1C=C1,6,0,,0,
N#CNC1C=N1,6,0,,0,
N#CNC1CC1,6,0,,0,
N#CNC1CN1,6,0,,0,
N#CNC1CO1,6,0,,0,
N#CNC1N=N1,6,0,,0,
N#CNC1NN1,6,0,,0,
N#CNC1NO1,6,0,,0,
N#CNC1OO1,6,0,,0,
N#CNC=C=N,6,0,,0,
N#CNC=C=O,6,0,,0,
N#CNC=CN,6,0,,0,
N#CNC=CO,6,0,,0,
N#CNC=NN,6,0,,0,
N#CNC=NO,6,0,,0,
N#CNCC=N,6,0,,0,
N#CNCC=O,6,0,,0,
N#CNCCN,6,0,,0,
N#CNCCO,6,0,,0,
N#CNCN=N,6,0,,0,
N#CNCN=O,6,0,,0,
N#CNCNN,6,0,,0,
N#CNCNO,6,0,,0,
N#CNCON,6,0,,0,
N#CNCOO,6,0,,0,
N#CNN(N)N,6,0,,0,
N#CNN(N)O,6,0,,0,
N#CNN(O)O,6,0,,0,
N#CNN1C#C1,6,0,,0,
N#CNN1C=C1,6,0,,0,
N#CNN1C=N1,6,0,,0,
N#CNN1CC1,6,0,,0,
N#CNN1CN1,6,0,,0,
N#CNN1CO1,6,0,,0,
N#CNN1N=N1,6,0,,0,
N#CNN=C=N,6,0,,0,
N#CNN=C=O,6,0,,0,
N#CNN=CN,6,0,,0,
N#CNN=CO,6,0,,0,
N#CNN=NN,6,0,,0,
N#CNN=NO,6,0,,0,
N#CNNC#N,6,0,,0,
N#CNNC=N,6,0,,0,
N#CNNC=O,6,0,,0,
N#CNNCN,6,0,,0,
N#CNNCO,6,0,,0,
N#CNNN=N,6,0,,0,
N#CNNN=O,6,0,,0,
N#CNNNN,6,0,,0,
N#CNNNO,6,0,,0,
N#CNNON,6,0,,0,
N#CNNOO,6,0,,0,
N#CNOC#N,6,0,,0,
N#CNOC=N,6,0,,0,
N#CNOC=O,6,0,,0,
N#CNOCN,6,0,,0,
N#CNOCO,6,0,,0,
N#CNON=N,6,0,,0,
N#CNON=O,6,0,,0,
N#CNONN,6,0,,0,
N#CNONO,6,0,,0,
N#CNOON,6,0,,0,
N#CNOOO,6,0,,0,
N#CNn1[nH][nH]1,6,0,,0,
N#CNn1[nH]o1,6,0,,0,
N#CNn1oo1,6,0,,0,
N#COC#CN,6,0,,0,
N#COC#CO,6,0,,0,
N#COC(=N)N,6,0,,0,
N#COC(=N)O,6,0,,0,
N#COC(=O)O,6,0,,0,
N#COC(N)=O,6,0,,0,
N#COC(N)N,6,0,,0,
N#COC(N)O,6,0,,0,
N#COC(O)O,6,0,,0,
N#COC1=C=C1,6,0,,0,
N#COC1=C=N1,6,0,,0,
N#COC1=CC1,6,0,,0,
N#COC1=CN1,6,0,,0,
N#COC1=CO1,6,0,,0,
N#COC1=NC1,6,0,,0,
N#COC1=NN1,6,0,,0,
N#COC1=NO1,6,0,,0,
N#COC1C#C1,6,0,,0,
N#COC1C=C1,6,0,,0,
N#COC1C=N1,6,0,,0,
N#COC1CC1,6,0,,0,
N#COC1CN1,6,0,,0,
N#COC1CO1,6,0,,0,
N#COC1N=N1,6,0,,0,
N#COC1NN1,6,0,,0,
N#COC1NO1,6,0,,0,
N#COC1OO1,6,0,,0,
N#COC=C=N,6,0,,0,
N#COC=C=O,6,0,,0,
N#COC=CN,6,0,,0,
N#COC=CO,6,0,,0,
N#COC=NN,6,0,,0,
N#COC=NO,6,0,,0,
N#COCC=N,6,0,,0,
N#COCC=O,6,0,,0,
N#COCCN,6,0,,0,
N#COCCO,6,0,,0,
N#COCN=N,6,0,,0,
N#COCN=O,6,0,,0,
N#COCNN,6,0,,0,
N#COCNO,6,0,,0,
N#COCON,6,0,,0,
N#COCOO,6,0,,0,
N#CON(N)N,6,0,,0,
N#CON(N)O,6,0,,0,
N#CON(O)O,6,0,,0,
N#CON1C#C1,6,0,,0,
N#CON1C=C1,6,0,,0,
N#CON1C=N1,6,0,,0,
N#CON1CC1,6,0,,0,
N#CON1CN1,6,0,,0,
N#CON1CO1,6,0,,0,
N#CON1N=N1,6,0,,0,
N#CON=C=N,6,0,,0,
N#CON=C=O,6,0,,0,
N#CON=CN,6,0,,0,
N#CON=CO,6,0,,0,
N#CON=NN,6,0,,0,
N#CON=NO,6,0,,0,
N#CONC=N,6,0,,0,
N#CONC=O,6,0,,0,
N#CONCN,6,0,,0,
N#CONCO,6,0,,0,
N#CONN=N,6,0,,0,
N#CONN=O,6,0,,0,
N#CONNN,6,0,,0,
N#CONNO,6,0,,0,
N#CONON,6,0,,0,
N#CONOO,6,0,,0,
N#COOC#N,6,0,,0,
N#COOC=N,6,0,,0,
N#COOC=O,6,0,,0,
N#COOCN,6,0,,0,
N#COOCO,6,0,,0,
N#COON=N,6,0,,0,
N#COON=O,6,0,,0,
N#COONN,6,0,,0,
N#COONO,6,0,,0,
N#COOON,6,0,,0,
N#COOOO,6,0,,0,
N#COn1[nH][nH]1,6,0,,0,
N#COn1[nH]o1,6,0,,0,
N#COn1oo1,6,0,,0,
N#Cc1c2[nH]n1-2,6,0,,0,
N#Cc1c2on1-2,6,0,,0,
N#Cc1c[nH][nH]1,6,0,,0,
N#Cc1c[nH]o1,6,0,,0,
N#Cc1cc1=N,6,0,,0,
N#Cc1cc1=O,6,0,,0,
N#Cc1co[nH]1,6,0,,0,
N#Cc1coo1,6,0,,0,
N#Cc1n[nH][nH]1,6,0,,0,
N#Cc1n[nH]o1,6,0,,0,
N#Cc1nc1=N,6,0,,0,
N#Cc1nc1=O,6,0,,0,
N#Cc1no[nH]1,6,0,,0,
N#Cc1noo1,6,0,,0,
N#Cn1[nH]n1N,6,0,,0,
N#Cn1[nH]n1O,6,0,,0,
N#Cn1c#c[nH]1,6,0,,0,
N#Cn1c#co1,6,0,,0,
N#Cn1c2[nH]c1=2,6,0,,0,
N#Cn1c2cn1-2,6,0,,0,
N#Cn1c2nn1-2,6,0,,0,
N#Cn1c2oc1=2,6,0,,0,
N#Cn1cc[nH]1,6,0,,0,
N#Cn1cco1,6,0,,0,
N#Cn1cn[nH]1,6,0,,0,
N#Cn1cno1,6,0,,0,
N#Cn1n2[nH]n12,6,0,,0,
N#Cn1n2n1C2,6,0,,0,
N#Cn1n2on12,6,0,,0,
N#Cn1nc[nH]1,6,0,,0,
N#Cn1nco1,6,0,,0,
N#Cn1nn[nH]1,6,0,,0,
N#Cn1nno1,6,0,,0,
N#Cn1on1N,6,0,,0,
N#Cn1on1O,6,0,,0,
N12C34N5C16C23C546,6,0,,0,
N12N3C14N1N4C231,6,0,,0,
N12N3C45C16C24C365,6,0,,0,
N12N3C45N1C34N25,6,0,,0,
N12N3N4C15N2C345,6,0,,0,
N1=C(C2=NN2)N1,6,0,,0,
N1=C(C2=NO2)N1,6,0,,0,
N1=C(C2=NO2)O1,6,0,,0,
N1=C(C2NN2)N1,6,0,,0,
N1=C(C2NN2)O1,6,0,,0,
N1=C(C2NO2)N1,6,0,,0,
N1=C(C2NO2)O1,6,0,,0,
N1=C(C2OO2)N1,6,0,,0,
N1=C(C2OO2)O1,6,0,,0,
N1=C(n2[nH][nH]2)N1,6,0,,0,
N1=C(n2[nH][nH]2)O1,6,0,,0,
N1=C(n2[nH]o2)N1,6,0,,0,
N1=C(n2[nH]o2)O1,6,0,,0,
N1=C(n2oo2)N1,6,0,,0,
N1=C(n2oo2)O1,6,0,,0,
N1=C2C13C1=NC213,6,0,,0,
N1=C2C13C1NC213,6,0,,0,
N1=C2C13C1OC213,6,0,,0,
N1=C2C13N1NC213,6,0,,0,
N1=C2C13N1OC213,6,0,,0,
N1=C2C1=C1NC21,6,0,,0,
N1=C2C1=C1OC21,6,0,,0,
N1=C2C1C1=NC21,6,0,,0,
N1=C2C1C1=NN21,6,0,,0,
N1=C2C1C1NC21,6,0,,0,
N1=C2C1C1NN21,6,0,,0,
N1=C2C1C1OC21,6,0,,0,
N1=C2C1C1ON21,6,0,,0,
N1=C2C1C21NN1,6,0,,0,
N1=C2C1C21NO1,6,0,,0,
N1=C2C1C21OO1,6,0,,0,
N1=C2C1N1NC21,6,0,,0,
N1=C2C1N1OC21,6,0,,0,
N1=C2C1n1[nH]n12,6,0,,0,
N1=C2C1n1on12,6,0,,0,
N1=C2C34C5C13C254,6,0,,0,
N1=C2C34N5C13C254,6,0,,0,
N1=C2C34NC23C14,6,0,,0,
N1=C2C34NC23N14,6,0,,0,
N1=C2C34OC23C14,6,0,,0,
N1=C2C34OC23N14,6,0,,0,
N1=C2C3=C(N3)C12,6,0,,0,
N1=C2C3=C(O3)C12,6,0,,0,
N1=C2C3=C1C2N3,6,0,,0,
N1=C2C3=C1C2O3,6,0,,0,
N1=C2C3=C1NC23,6,0,,0,
N1=C2C3=C1OC23,6,0,,0,
N1=C2C3=C2C1N3,6,0,,0,
N1=C2C3=C2C1O3,6,0,,0,
N1=C2C3=C2C3N1,6,0,,0,
N1=C2C3=C2C3O1,6,0,,0,
N1=C2C3=C4C1C234,6,0,,0,
N1=C2C3=C4C2C134,6,0,,0,
N1=C2C3=C4C3C124,6,0,,0,
N1=C2C3=C4N1C234,6,0,,0,
N1=C2C3=C4N2C134,6,0,,0,
N1=C2C3=C4N3C124,6,0,,0,
N1=C2C3=NC1C23,6,0,,0,
N1=C2C3=NC1N23,6,0,,0,
N1=C2C3=NC23N1,6,0,,0,
N1=C2C3=NC23O1,6,0,,0,
N1=C2C3=NC2C13,6,0,,0,
N1=C2C3=NC2N13,6,0,,0,
N1=C2C3=NC3C12,6,0,,0,
N1=C2C3=NN1C23,6,0,,0,
N1=C2C3=NN3C12,6,0,,0,
N1=C2C3C(=N1)C23,6,0,,0,
N1=C2C3C(N1)C23,6,0,,0,
N1=C2C3C(N1)N23,6,0,,0,
N1=C2C3C(O1)C23,6,0,,0,
N1=C2C3C(O1)N23,6,0,,0,
N1=C2C3C14NC234,6,0,,0,
N1=C2C3C14OC234,6,0,,0,
N1=C2C3C1NN23,6,0,,0,
N1=C2C3C1ON23,6,0,,0,
N1=C2C3C2N3N1,6,0,,0,
N1=C2C3C2N3O1,6,0,,0,
N1=C2C3C4=C1C243,6,0,,0,
N1=C2C3C4=C3C124,6,0,,0,
N1=C2C3C4C1C234,6,0,,0,
N1=C2C3C4C2C134,6,0,,0,
N1=C2C3C4C3C124,6,0,,0,
N1=C2C3C4N1C234,6,0,,0,
N1=C2C3C4N2C134,6,0,,0,
N1=C2C3C4N3C124,6,0,,0,
N1=C2C3N(N1)N23,6,0,,0,
N1=C2C3N(O1)N23,6,0,,0,
N1=C2C3N1NN23,6,0,,0,
N1=C2C3N1ON23,6,0,,0,
N1=C2C3N4C1C234,6,0,,0,
N1=C2C3N4C2C134,6,0,,0,
N1=C2C3N4N1C234,6,0,,0,
N1=C2C3N4N2C134,6,0,,0,
N1=C2C3N4N3C124,6,0,,0,
N1=C2C3NC12N3,6,0,,0,
N1=C2C3NC12O3,6,0,,0,
N1=C2C3NC1C23,6,0,,0,
N1=C2C3NC1N23,6,0,,0,
N1=C2C3NC23N1,6,0,,0,
N1=C2C3NC23O1,6,0,,0,
N1=C2C3NC2C13,6,0,,0,
N1=C2C3NC2N13,6,0,,0,
N1=C2C3NC3N12,6,0,,0,
N1=C2C3NN1C23,6,0,,0,
N1=C2C3NN2C13,6,0,,0,
N1=C2C3NN3N12,6,0,,0,
N1=C2C3NNC123,6,0,,0,
N1=C2C3NOC123,6,0,,0,
N1=C2C3OC12O3,6,0,,0,
N1=C2C3OC1C23,6,0,,0,
N1=C2C3OC1N23,6,0,,0,
N1=C2C3OC23N1,6,0,,0,
N1=C2C3OC23O1,6,0,,0,
N1=C2C3OC2C13,6,0,,0,
N1=C2C3OC2N13,6,0,,0,
N1=C2C3OC3N12,6,0,,0,
N1=C2C3ON1C23,6,0,,0,
N1=C2C3ON2C13,6,0,,0,
N1=C2C3ON3N12,6,0,,0,
N1=C2C3ONC123,6,0,,0,
N1=C2C3OOC123,6,0,,0,
N1=C2N1C1NN21,6,0,,0,
N1=C2N1C1ON21,6,0,,0,
N1=C2N1C21NN1,6,0,,0,
N1=C2N1C21NO1,6,0,,0,
N1=C2N1C21OO1,6,0,,0,
N1=C2N3C(N1)N23,6,0,,0,
N1=C2N3C(O1)N23,6,0,,0,
N1=C2N3C14NC234,6,0,,0,
N1=C2N3C14OC234,6,0,,0,
N1=C2N3C4=C1C243,6,0,,0,
N1=C2N3C4=C3C124,6,0,,0,
N1=C2N3C4C1C243,6,0,,0,
N1=C2N3C4C3C124,6,0,,0,
N1=C2N3C4N1C243,6,0,,0,
N1=C2N3C4N2C143,6,0,,0,
N1=C2N3C4N3C124,6,0,,0,
N1=C2N3N4C1C234,6,0,,0,
N1=C2N3N4N1C234,6,0,,0,
N1=C2N3N4N2C134,6,0,,0,
N1=C2N3NC12N3,6,0,,0,
N1=C2N3NC12O3,6,0,,0,
N1=C2N3NC1N23,6,0,,0,
N1=C2N3NC23N1,6,0,,0,
N1=C2N3NC23O1,6,0,,0,
N1=C2N3NN2C13,6,0,,0,
N1=C2N3NNC123,6,0,,0,
N1=C2N3NOC123,6,0,,0,
N1=C2N3OC12O3,6,0,,0,
N1=C2N3OC1N23,6,0,,0,
N1=C2N3OC23N1,6,0,,0,
N1=C2N3OC23O1,6,0,,0,
N1=C2N3ON2C13,6,0,,0,
N1=C2N3ONC123,6,0,,0,
N1=C2N3OOC123,6,0,,0,
N1=C2N=C1NN2,6,0,,0,
N1=C2N=C1ON2,6,0,,0,
N1=C2N=C1OO2,6,0,,0,
N1=C2N=C2NN1,6,0,,0,
N1=C2N=C2NO1,6,0,,0,
N1=C2N=C2ON1,6,0,,0,
N1=C2N=C2OO1,6,0,,0,
N1=C2N=C3C1C23,6,0,,0,
N1=C2N=C3C1N23,6,0,,0,
N1=C2N=C3C2N13,6,0,,0,
N1=C2N=C3NC123,6,0,,0,
N1=C2N=C3OC123,6,0,,0,
N1=C2NC(N1)N2,6,0,,0,
N1=C2NC(N1)O2,6,0,,0,
N1=C2NC(N2)O1,6,0,,0,
N1=C2NC(O1)O2,6,0,,0,
N1=C2NC13N=C23,6,0,,0,
N1=C2NC13NC23,6,0,,0,
N1=C2NC13NN23,6,0,,0,
N1=C2NC13OC23,6,0,,0,
N1=C2NC13ON23,6,0,,0,
N1=C2NC1NO2,6,0,,0,
N1=C2NC1OO2,6,0,,0,
N1=C2NC23NC13,6,0,,0,
N1=C2NC23NN13,6,0,,0,
N1=C2NC23OC13,6,0,,0,
N1=C2NC23ON13,6,0,,0,
N1=C2NC2NN1,6,0,,0,
N1=C2NC2NO1,6,0,,0,
N1=C2NC2ON1,6,0,,0,
N1=C2NC2OO1,6,0,,0,
N1=C2NC3=C1C23,6,0,,0,
N1=C2NC3=C2C13,6,0,,0,
N1=C2NC3=NC123,6,0,,0,
N1=C2NC3C1=C23,6,0,,0,
N1=C2NC3C1C23,6,0,,0,
N1=C2NC3C1N23,6,0,,0,
N1=C2NC3C2N13,6,0,,0,
N1=C2NC3NC123,6,0,,0,
N1=C2NC3OC123,6,0,,0,
N1=C2NN(N1)N2,6,0,,0,
N1=C2NN(N1)O2,6,0,,0,
N1=C2NN(N2)O1,6,0,,0,
N1=C2NN(O1)O2,6,0,,0,
N1=C2NN3C1C23,6,0,,0,
N1=C2NN3C1N23,6,0,,0,
N1=C2NN3C2N13,6,0,,0,
N1=C2NN3NC123,6,0,,0,
N1=C2NN3OC123,6,0,,0,
N1=C2NN=C2N1,6,0,,0,
N1=C2NN=C2O1,6,0,,0,
N1=C2NNC1N2,6,0,,0,
N1=C2NNC1O2,6,0,,0,
N1=C2NNC2N1,6,0,,0,
N1=C2NNC2O1,6,0,,0,
N1=C2NNNC12,6,0,,0,
N1=C2NNOC12,6,0,,0,
N1=C2NOC1N2,6,0,,0,
N1=C2NOC1O2,6,0,,0,
N1=C2NOC2N1,6,0,,0,
N1=C2NOC2O1,6,0,,0,
N1=C2NONC12,6,0,,0,
N1=C2NOOC12,6,0,,0,
N1=C2OC(N1)O2,6,0,,0,
N1=C2OC(O1)O2,6,0,,0,
N1=C2OC13N=C23,6,0,,0,
N1=C2OC13NC23,6,0,,0,
N1=C2OC13NN23,6,0,,0,
N1=C2OC13OC23,6,0,,0,
N1=C2OC13ON23,6,0,,0,
N1=C2OC23NC13,6,0,,0,
N1=C2OC23NN13,6,0,,0,
N1=C2OC23OC13,6,0,,0,
N1=C2OC23ON13,6,0,,0,
N1=C2OC2NN1,6,0,,0,
N1=C2OC2NO1,6,0,,0,
N1=C2OC2ON1,6,0,,0,
N1=C2OC2OO1,6,0,,0,
N1=C2OC3=C1C23,6,0,,0,
N1=C2OC3=C2C13,6,0,,0,
N1=C2OC3=NC123,6,0,,0,
N1=C2OC3C1=C23,6,0,,0,
N1=C2OC3C1C23,6,0,,0,
N1=C2OC3C1N23,6,0,,0,
N1=C2OC3C2N13,6,0,,0,
N1=C2OC3NC123,6,0,,0,
N1=C2OC3OC123,6,0,,0,
N1=C2ON(N1)O2,6,0,,0,
N1=C2ON(O1)O2,6,0,,0,
N1=C2ON3C1C23,6,0,,0,
N1=C2ON3C1N23,6,0,,0,
N1=C2ON3C2N13,6,0,,0,
N1=C2ON3NC123,6,0,,0,
N1=C2ON3OC123,6,0,,0,
N1=C2ON=C2O1,6,0,,0,
N1=C2ONC1O2,6,0,,0,
N1=C2ONC2N1,6,0,,0,
N1=C2ONC2O1,6,0,,0,
N1=C2ONNC12,6,0,,0,
N1=C2ONOC12,6,0,,0,
N1=C2OOC1O2,6,0,,0,
N1=C2OOC2N1,6,0,,0,
N1=C2OOC2O1,6,0,,0,
N1=C2OONC12,6,0,,0,
N1=C2OOOC12,6,0,,0,
N1=C2n3n4n3C124,6,0,,0,
N1=NC12C1=C2N1,6,0,,0,
N1=NC12C1=C2O1,6,0,,0,
N1=NC12C1=NC12,6,0,,0,
N1=NC12C1=NN12,6,0,,0,
N1=NC12C1NC12,6,0,,0,
N1=NC12C1NN12,6,0,,0,
N1=NC12C1OC12,6,0,,0,
N1=NC12C1ON12,6,0,,0,
N1=NC12NNN2,6,0,,0,
N1=NC12NNO2,6,0,,0,
N1=NC12NON2,6,0,,0,
N1=NC12NOO2,6,0,,0,
N1=NC12ONO2,6,0,,0,
N1=NC12OOO2,6,0,,0,
N1=NC12n1[nH]n12,6,0,,0,
N1=NC12n1on12,6,0,,0,
N1=NC1=C1N=N1,6,0,,0,
N1=NC1=C1NN1,6,0,,0,
N1=NC1=C1NO1,6,0,,0,
N1=NC1=C1OO1,6,0,,0,
N1=NC1C1=NN1,6,0,,0,
N1=NC1C1=NO1,6,0,,0,
N1=NC1C1N=N1,6,0,,0,
N1=NC1C1NN1,6,0,,0,
N1=NC1C1NO1,6,0,,0,
N1=NC1C1OO1,6,0,,0,
N1=NC1N1N=N1,6,0,,0,
N1=NC1n1[nH][nH]1,6,0,,0,
N1=NC1n1[nH]o1,6,0,,0,
N1=NC1n1oo1,6,0,,0,
N1=NC2(N1)NN2,6,0,,0,
N1=NC2(N1)NO2,6,0,,0,
N1=NC2(N1)OO2,6,0,,0,
N1=NC2(N=N2)N1,6,0,,0,
N1=NC2(N=N2)O1,6,0,,0,
N1=NC2(NN2)O1,6,0,,0,
N1=NC2(NO2)O1,6,0,,0,
N1=NC2(O1)OO2,6,0,,0,
N1=NC23C4=C2C143,6,0,,0,
N1=NC23C4C2C143,6,0,,0,
N1=NC23C4N2C143,6,0,,0,
N1=NC23N4N2C143,6,0,,0,
N1=NC23N=C2C13,6,0,,0,
N1=NC23N=C2N13,6,0,,0,
N1=NC23NC12N3,6,0,,0,
N1=NC23NC12O3,6,0,,0,
N1=NC23NC2=C13,6,0,,0,
N1=NC23NC2C13,6,0,,0,
N1=NC23NC2N13,6,0,,0,
N1=NC23NN2C13,6,0,,0,
N1=NC23NN2N13,6,0,,0,
N1=NC23OC12O3,6,0,,0,
N1=NC23OC2=C13,6,0,,0,
N1=NC23OC2C13,6,0,,0,
N1=NC23OC2N13,6,0,,0,
N1=NC23ON2C13,6,0,,0,
N1=NC23ON2N13,6,0,,0,
N1=NC2=NC1=N2,6,0,,0,
N1=NC2=NC2N1,6,0,,0,
N1=NC2=NC2O1,6,0,,0,
N1=NC2=NN2N1,6,0,,0,
N1=NC2=NN2O1,6,0,,0,
N1=NC2C3=C1C32,6,0,,0,
N1=NC2C3=C1N32,6,0,,0,
N1=NC2C3=C2C13,6,0,,0,
N1=NC2C3C1C23,6,0,,0,
N1=NC2C3C1N23,6,0,,0,
N1=NC2N3C1N23,6,0,,0,
N1=NC2N=C1N2,6,0,,0,
N1=NC2N=C1O2,6,0,,0,
N1=NC2N=C2N1,6,0,,0,
N1=NC2N=C2O1,6,0,,0,
N1=NC2N=NC12,6,0,,0,
N1=NC2NC1N2,6,0,,0,
N1=NC2NC1O2,6,0,,0,
N1=NC2NC2=N1,6,0,,0,
N1=NC2NC2N1,6,0,,0,
N1=NC2NC2O1,6,0,,0,
N1=NC2NN2N1,6,0,,0,
N1=NC2NN2O1,6,0,,0,
N1=NC2NN=C12,6,0,,0,
N1=NC2NNC12,6,0,,0,
N1=NC2OC1O2,6,0,,0,
N1=NC2OC2=N1,6,0,,0,
N1=NC2OC2N1,6,0,,0,
N1=NC2OC2O1,6,0,,0,
N1=NC2ON2N1,6,0,,0,
N1=NC2ON2O1,6,0,,0,
N1=NC2ON=C12,6,0,,0,
N1=NC2ONC12,6,0,,0,
N1=NC2OOC12,6,0,,0,
N1=NN1C1=NN1,6,0,,0,
N1=NN1C1=NO1,6,0,,0,
N1=NN1C1NN1,6,0,,0,
N1=NN1C1NO1,6,0,,0,
N1=NN1C1OO1,6,0,,0,
N1=NN1N1N=N1,6,0,,0,
N1=NN1n1[nH][nH]1,6,0,,0,
N1=NN1n1[nH]o1,6,0,,0,
N1=NN1n1oo1,6,0,,0,
N1=NN2C3=C2C13,6,0,,0,
N1=NN2C3C1C32,6,0,,0,
N1=NN2C3C1N32,6,0,,0,
N1=NN2C3C2N13,6,0,,0,
N1=NN2C3N1N32,6,0,,0,
N1=NN2N=C2N1,6,0,,0,
N1=NN2N=C2O1,6,0,,0,
N1=NN2N=NC12,6,0,,0,
N1=NN2NC1N2,6,0,,0,
N1=NN2NC1O2,6,0,,0,
N1=NN2NC2N1,6,0,,0,
N1=NN2NC2O1,6,0,,0,
N1=NN2NN1N2,6,0,,0,
N1=NN2NN1O2,6,0,,0,
N1=NN2NNC12,6,0,,0,
N1=NN2NOC12,6,0,,0,
N1=NN2OC1O2,6,0,,0,
N1=NN2OC2N1,6,0,,0,
N1=NN2OC2O1,6,0,,0,
N1=NN2ON1O2,6,0,,0,
N1=NN2ONC12,6,0,,0,
N1=NN2OOC12,6,0,,0,
N1=NNN=NN1,6,0,,0,
N1=NNNN=N1,6,0,,0,
N1=NNON=N1,6,0,,0,
N1=NON=NN1,6,0,,0,
N1=NON=NO1,6,0,,0,
N1=NOON=N1,6,0,,0,
N1=Nc2[nH][nH]c21,6,0,,0,
N1=Nc2o[nH]c21,6,0,,0,
N1=Nc2ooc21,6,0,,0,
N1=Nn2[nH]nc21,6,0,,0,
N1=Nn2c3c2n31,6,0,,0,
N1=Nn2n3n2C13,6,0,,0,
N1=Nn2onc21,6,0,,0,
N1=c2[nH][nH]c2=N1,6,0,,0,
N1=c2[nH]oc2=N1,6,0,,0,
N1=c2c3c2N3N1,6,0,,0,
N1=c2c3c2N3O1,6,0,,0,
N1=c2c3n(n21)N=3,6,0,,0,
N1=c2n1c1n2N=1,6,0,,0,
N1=c2ooc2=N1,6,0,,0,
N1C23C14C21NC341,6,0,,0,
N1C23C14C21OC341,6,0,,0,
N1C23C45C16C24C365,6,0,,0,
N1C23C4=C5C12C453,6,0,,0,
N1C23C4C15C2C435,6,0,,0,
N1C23C4C15N2C435,6,0,,0,
N1C23C4C5C12C453,6,0,,0,
N1C23C4N5C12C453,6,0,,0,
N1C23C4OC2C143,6,0,,0,
N1C23C4ON2C143,6,0,,0,
N1C23N4C15N2C435,6,0,,0,
N1C23N4N5C12C453,6,0,,0,
N1C23N4ON2C143,6,0,,0,
N1C23NC1(N2)N3,6,0,,0,
N1C23NC1(N2)O3,6,0,,0,
N1C23NC1(O2)O3,6,0,,0,
N1C23NC12OO3,6,0,,0,
N1C23NC14C2=C34,6,0,,0,
N1C23NC14C2C34,6,0,,0,
N1C23NC14C2N34,6,0,,0,
N1C23NC14N2N34,6,0,,0,
N1C23NC24NC134,6,0,,0,
N1C23NC24OC134,6,0,,0,
N1C23OC1(O2)O3,6,0,,0,
N1C23OC14C2=C34,6,0,,0,
N1C23OC14C2C34,6,0,,0,
N1C23OC14C2N34,6,0,,0,
N1C23OC14N2N34,6,0,,0,
N1C23OC24OC134,6,0,,0,
N1C23OC4=C2C143,6,0,,0,
N1C23OC4C2C143,6,0,,0,
N1C23OC4N2C143,6,0,,0,
N1C23ON4C2C143,6,0,,0,
N1C23ON4N2C143,6,0,,0,
N1C23OOC12O3,6,0,,0,
N1C2=C1C1NC21,6,0,,0,
N1C2=C1C1OC21,6,0,,0,
N1C2=C1C21NN1,6,0,,0,
N1C2=C1C21NO1,6,0,,0,
N1C2=C1C21OO1,6,0,,0,
N1C2=C1N1NC21,6,0,,0,
N1C2=C1N1OC21,6,0,,0,
N1C2=C3C14NC234,6,0,,0,
N1C2=C3C14OC234,6,0,,0,
N1C2=C3C1C3N2,6,0,,0,
N1C2=C3C1C3O2,6,0,,0,
N1C2=C3C1NC23,6,0,,0,
N1C2=C3C1NN23,6,0,,0,
N1C2=C3C1OC23,6,0,,0,
N1C2=C3C1ON23,6,0,,0,
N1C2=C3C4=C1C234,6,0,,0,
N1C2=C3C4=C2C134,6,0,,0,
N1C2=C3C4=C3C124,6,0,,0,
N1C2=C3C4C1C234,6,0,,0,
N1C2=C3C4C2C134,6,0,,0,
N1C2=C3C4C3C124,6,0,,0,
N1C2=C3C4N1C234,6,0,,0,
N1C2=C3C4N2C134,6,0,,0,
N1C2=C3C4N3C124,6,0,,0,
N1C2=C3N4C1C234,6,0,,0,
N1C2=C3N4C2C134,6,0,,0,
N1C2=C3N4N1C234,6,0,,0,
N1C2=C3N4N3C124,6,0,,0,
N1C2=C3NC13N2,6,0,,0,
N1C2=C3NC13O2,6,0,,0,
N1C2=C3NC1C23,6,0,,0,
N1C2=C3NC1N23,6,0,,0,
N1C2=C3NC2=C13,6,0,,0,
N1C2=C3NC2C13,6,0,,0,
N1C2=C3NC3C12,6,0,,0,
N1C2=C3NN1C23,6,0,,0,
N1C2=C3NN3C12,6,0,,0,
N1C2=C3OC12O3,6,0,,0,
N1C2=C3OC13N2,6,0,,0,
N1C2=C3OC13O2,6,0,,0,
N1C2=C3OC1C23,6,0,,0,
N1C2=C3OC1N23,6,0,,0,
N1C2=C3OC2=C13,6,0,,0,
N1C2=C3OC2C13,6,0,,0,
N1C2=C3OC3C12,6,0,,0,
N1C2=C3OC3N12,6,0,,0,
N1C2=C3ON1C23,6,0,,0,
N1C2=C3ON3C12,6,0,,0,
N1C2=C3OOC123,6,0,,0,
N1C2C13C1NC213,6,0,,0,
N1C2C13C1OC213,6,0,,0,
N1C2C13N1NC213,6,0,,0,
N1C2C13N1OC213,6,0,,0,
N1C2C1C1NC21,6,0,,0,
N1C2C1C1OC21,6,0,,0,
N1C2C1C21NN1,6,0,,0,
N1C2C1C21NO1,6,0,,0,
N1C2C1C21OO1,6,0,,0,
N1C2C1N1NC21,6,0,,0,
N1C2C1N1OC21,6,0,,0,
N1C2C1n1[nH]n12,6,0,,0,
N1C2C1n1on12,6,0,,0,
N1C2C34C5C13C254,6,0,,0,
N1C2C34N5C13C254,6,0,,0,
N1C2C34NC23C14,6,0,,0,
N1C2C34NC23N14,6,0,,0,
N1C2C34OC23C14,6,0,,0,
N1C2C34OC23N14,6,0,,0,
N1C2C3=C(O3)C12,6,0,,0,
N1C2C3=C(O3)N12,6,0,,0,
N1C2C3=C4C1C342,6,0,,0,
N1C2C3=C4C2C134,6,0,,0,
N1C2C3=C4C3C142,6,0,,0,
N1C2C3=C4N1C342,6,0,,0,
N1C2C3=C4N2C134,6,0,,0,
N1C2C3=C4N3C142,6,0,,0,
N1C2C3C14NC234,6,0,,0,
N1C2C3C14OC234,6,0,,0,
N1C2C3C4=C3C142,6,0,,0,
N1C2C3C4C1C234,6,0,,0,
N1C2C3C4C2C134,6,0,,0,
N1C2C3C4C3C124,6,0,,0,
N1C2C3C4N1C234,6,0,,0,
N1C2C3C4N2C134,6,0,,0,
N1C2C3C4N3C124,6,0,,0,
N1C2C3N1NN23,6,0,,0,
N1C2C3N1ON23,6,0,,0,
N1C2C3N4C1C234,6,0,,0,
N1C2C3N4C2C134,6,0,,0,
N1C2C3N4N1C234,6,0,,0,
N1C2C3N4N2C134,6,0,,0,
N1C2C3N4N3C124,6,0,,0,
N1C2C3NC2C13,6,0,,0,
N1C2C3NN1C23,6,0,,0,
N1C2C3NN1N23,6,0,,0,
N1C2C3NN2C13,6,0,,0,
N1C2C3NN2N13,6,0,,0,
N1C2C3NN3N12,6,0,,0,
N1C2C3OC12O3,6,0,,0,
N1C2C3OC2C13,6,0,,0,
N1C2C3OC2N13,6,0,,0,
N1C2C3OC3N12,6,0,,0,
N1C2C3ON1C23,6,0,,0,
N1C2C3ON1N23,6,0,,0,
N1C2C3ON2C13,6,0,,0,
N1C2C3ON2N13,6,0,,0,
N1C2C3ON3N12,6,0,,0,
N1C2C3OOC123,6,0,,0,
N1C2N1C1NN21,6,0,,0,
N1C2N1C1ON21,6,0,,0,
N1C2N1C21NN1,6,0,,0,
N1C2N1C21NO1,6,0,,0,
N1C2N1C21OO1,6,0,,0,
N1C2N1n1[nH]n12,6,0,,0,
N1C2N1n1on12,6,0,,0,
N1C2N3C14NC234,6,0,,0,
N1C2N3C14OC234,6,0,,0,
N1C2N3C4=C3C142,6,0,,0,
N1C2N3C4C3C124,6,0,,0,
N1C2N3C4N1C243,6,0,,0,
N1C2N3C4N2C143,6,0,,0,
N1C2N3C4N3C124,6,0,,0,
N1C2N3N4C1C234,6,0,,0,
N1C2N3N4N1C234,6,0,,0,
N1C2N3N4N2C134,6,0,,0,
N1C2N3NC12N3,6,0,,0,
N1C2N3NC12O3,6,0,,0,
N1C2N3NN1N23,6,0,,0,
N1C2N3NN2C13,6,0,,0,
N1C2N3OC12O3,6,0,,0,
N1C2N3ON1N23,6,0,,0,
N1C2N3ON2C13,6,0,,0,
N1C2N3ON2N13,6,0,,0,
N1C2N3OOC123,6,0,,0,
N1C2NC13NC23,6,0,,0,
N1C2NC13NN23,6,0,,0,
N1C2NC13OC23,6,0,,0,
N1C2NC13ON23,6,0,,0,
N1C2NC1OO2,6,0,,0,
N1C2NC23NC13,6,0,,0,
N1C2NC23NN13,6,0,,0,
N1C2NC23OC13,6,0,,0,
N1C2NC23ON13,6,0,,0,
N1C2NC3C1C23,6,0,,0,
N1C2NC3C1N23,6,0,,0,
N1C2NN1OO2,6,0,,0,
N1C2NN3C1C23,6,0,,0,
N1C2NN3C1N23,6,0,,0,
N1C2NN3C2N13,6,0,,0,
N1C2Nn3n1n32,6,0,,0,
N1C2OC13NC23,6,0,,0,
N1C2OC13NN23,6,0,,0,
N1C2OC13OC23,6,0,,0,
N1C2OC13ON23,6,0,,0,
N1C2OC23NN13,6,0,,0,
N1C2OC23OC13,6,0,,0,
N1C2OC23ON13,6,0,,0,
N1C2OC3=C2C13,6,0,,0,
N1C2OC3=C2N13,6,0,,0,
N1C2OC3C1C23,6,0,,0,
N1C2OC3C1N23,6,0,,0,
N1C2OC3C2N13,6,0,,0,
N1C2OC3N1N23,6,0,,0,
N1C2OC3NC123,6,0,,0,
N1C2OC3OC123,6,0,,0,
N1C2ON3C1C23,6,0,,0,
N1C2ON3C1N23,6,0,,0,
N1C2ON3C2N13,6,0,,0,
N1C2ON3NC123,6,0,,0,
N1C2ON3OC123,6,0,,0,
N1C2OOC1O2,6,0,,0,
N1C2OON1O2,6,0,,0,
N1C2OOOC12,6,0,,0,
N1C2OOON12,6,0,,0,
N1C2On3n1n32,6,0,,0,
N1C2c3[nH]n1c32,6,0,,0,
N1C2c3on1c32,6,0,,0,
N1C2n3n4n3C124,6,0,,0,
N1N2C13C1OC123,6,0,,0,
N1N2C13N1NC213,6,0,,0,
N1N2C13N1OC213,6,0,,0,
N1N2C34C5C13C524,6,0,,0,
N1N2C34N5C13C254,6,0,,0,
N1N2C34NC23N14,6,0,,0,
N1N2C34OC23N14,6,0,,0,
N1N2C3=C4C2C143,6,0,,0,
N1N2C3=C4C3C142,6,0,,0,
N1N2C3=C4N1C342,6,0,,0,
N1N2C3=C4N3C142,6,0,,0,
N1N2C3C14NC324,6,0,,0,
N1N2C3C14OC324,6,0,,0,
N1N2C3C4=C3C142,6,0,,0,
N1N2C3C4C2C143,6,0,,0,
N1N2C3C4C3C142,6,0,,0,
N1N2C3C4N1C342,6,0,,0,
N1N2C3C4N2C134,6,0,,0,
N1N2C3C4N3C142,6,0,,0,
N1N2C3N4C2C134,6,0,,0,
N1N2C3N4N1C324,6,0,,0,
N1N2C3N4N2C134,6,0,,0,
N1N2C3N4N3C124,6,0,,0,
N1N2C3NN2N13,6,0,,0,
N1N2C3OC12O3,6,0,,0,
N1N2C3OC2N13,6,0,,0,
N1N2C3ON2N13,6,0,,0,
N1N2C3OOC132,6,0,,0,
N1N2N3C14NC234,6,0,,0,
N1N2N3C14OC234,6,0,,0,
N1N2N3C4=C3C142,6,0,,0,
N1N2N3C4C3C142,6,0,,0,
N1N2N3C4N2C143,6,0,,0,
N1N2N3C4N3C142,6,0,,0,
N1N2N3N4N1C234,6,0,,0,
N1N2N3N4N2C134,6,0,,0,
N1N2N3OC12O3,6,0,,0,
N1N2N3OOC123,6,0,,0,
N1N2NC13NN23,6,0,,0,
N1N2NC13OC23,6,0,,0,
N1N2NC13ON23,6,0,,0,
N1N2NC23NN13,6,0,,0,
N1N2NC23ON13,6,0,,0,
N1N2NN3C2N13,6,0,,0,
N1N2OC13NN23,6,0,,0,
N1N2OC13OC23,6,0,,0,
N1N2OC13ON23,6,0,,0,
N1N2OC23ON13,6,0,,0,
N1N2OC3C2N13,6,0,,0,
N1N2OC3N1N32,6,0,,0,
N1N2OC3OC132,6,0,,0,
N1N2ON3C2N13,6,0,,0,
N1N2ON3NC123,6,0,,0,
N1N2ON3OC123,6,0,,0,
N1N2n3n4n3C124,6,0,,0,
N1NC12C1=C2O1,6,0,,0,
N1NC12C1OC12,6,0,,0,
N1NC12C1ON12,6,0,,0,
N1NC12NON2,6,0,,0,
N1NC12NOO2,6,0,,0,
N1NC12OOO2,6,0,,0,
N1NC12n1[nH]n12,6,0,,0,
N1NC12n1on12,6,0,,0,
N1NC1=C1NN1,6,0,,0,
N1NC1=C1NO1,6,0,,0,
N1NC1=C1OO1,6,0,,0,
N1NC1C1NN1,6,0,,0,
N1NC1C1NO1,6,0,,0,
N1NC1C1OO1,6,0,,0,
N1NC1n1[nH][nH]1,6,0,,0,
N1NC1n1[nH]o1,6,0,,0,
N1NC1n1oo1,6,0,,0,
N1NC2(N1)NN2,6,0,,0,
N1NC2(N1)NO2,6,0,,0,
N1NC2(N1)OO2,6,0,,0,
N1NC2(NN2)O1,6,0,,0,
N1NC2(NO2)O1,6,0,,0,
N1NC2(O1)OO2,6,0,,0,
N1NC23C4=C2C143,6,0,,0,
N1NC23C4C2C143,6,0,,0,
N1NC23C4N2C143,6,0,,0,
N1NC23N4N2C143,6,0,,0,
N1NC23NC12N3,6,0,,0,
N1NC23NC12O3,6,0,,0,
N1NC23NC2=C13,6,0,,0,
N1NC23NC2C13,6,0,,0,
N1NC23NC2N13,6,0,,0,
N1NC23NN2C13,6,0,,0,
N1NC23NN2N13,6,0,,0,
N1NC23OC12O3,6,0,,0,
N1NC23OC2=C13,6,0,,0,
N1NC23OC2C13,6,0,,0,
N1NC23OC2N13,6,0,,0,
N1NC23ON2C13,6,0,,0,
N1NC23ON2N13,6,0,,0,
N1NC2=C3C1=C23,6,0,,0,
N1NC2C3=C1C32,6,0,,0,
N1NC2C3=C1N32,6,0,,0,
N1NC2C3=C2C13,6,0,,0,
N1NC2C3C1C23,6,0,,0,
N1NC2C3C1N23,6,0,,0,
N1NC2N3C1N23,6,0,,0,
N1NC2NC1N2,6,0,,0,
N1NC2NC1O2,6,0,,0,
N1NC2NC2N1,6,0,,0,
N1NC2NC2O1,6,0,,0,
N1NC2NN2N1,6,0,,0,
N1NC2NN2O1,6,0,,0,
N1NC2NNC12,6,0,,0,
N1NC2OC1O2,6,0,,0,
N1NC2OC2N1,6,0,,0,
N1NC2OC2O1,6,0,,0,
N1NC2ON2N1,6,0,,0,
N1NC2ON2O1,6,0,,0,
N1NC2ONC12,6,0,,0,
N1NC2OOC12,6,0,,0,
N1NN2C3=C1C32,6,0,,0,
N1NN2C3=C2C13,6,0,,0,
N1NN2C3C1C32,6,0,,0,
N1NN2C3C1N32,6,0,,0,
N1NN2C3C2N13,6,0,,0,
N1NN2NC1N2,6,0,,0,
N1NN2NC1O2,6,0,,0,
N1NN2NC2O1,6,0,,0,
N1NN2NNC12,6,0,,0,
N1NN2NNN12,6,0,,0,
N1NN2NOC12,6,0,,0,
N1NN2OC1O2,6,0,,0,
N1NN2OC2O1,6,0,,0,
N1NN2ONC12,6,0,,0,
N1NN2ONN12,6,0,,0,
N1NN2OOC12,6,0,,0,
N1NN2OON12,6,0,,0,
N1NNNNN1,6,0,,0,
N1NNONN1,6,0,,0,
N1NNOON1,6,0,,0,
N1NONNO1,6,0,,0,
N1NONON1,6,0,,0,
N1NOONO1,6,0,,0,
N1NOOON1,6,0,,0,
N1NOOOO1,6,0,,0,
N1Nn2n3n2C13,6,0,,0,
N1OC12C1=C2O1,6,0,,0,
N1OC12C1OC12,6,0,,0,
N1OC12C1ON12,6,0,,0,
N1OC12OOO2,6,0,,0,
N1OC12n1[nH]n12,6,0,,0,
N1OC12n1on12,6,0,,0,
N1OC1=C1NO1,6,0,,0,
N1OC1=C1OO1,6,0,,0,
N1OC1C1NO1,6,0,,0,
N1OC1C1OO1,6,0,,0,
N1OC1n1[nH][nH]1,6,0,,0,
N1OC1n1[nH]o1,6,0,,0,
N1OC1n1oo1,6,0,,0,
N1OC2(NN2)O1,6,0,,0,
N1OC2(NO2)O1,6,0,,0,
N1OC2(O1)OO2,6,0,,0,
N1OC23C4=C2C143,6,0,,0,
N1OC23C4C2C143,6,0,,0,
N1OC23C4N2C143,6,0,,0,
N1OC23N4N2C143,6,0,,0,
N1OC23NC12N3,6,0,,0,
N1OC23NC12O3,6,0,,0,
N1OC23NC2=C13,6,0,,0,
N1OC23NC2C13,6,0,,0,
N1OC23NC2N13,6,0,,0,
N1OC23NN2C13,6,0,,0,
N1OC23NN2N13,6,0,,0,
N1OC23OC12O3,6,0,,0,
N1OC23OC2=C13,6,0,,0,
N1OC23OC2C13,6,0,,0,
N1OC23OC2N13,6,0,,0,
N1OC23ON2C13,6,0,,0,
N1OC23ON2N13,6,0,,0,
N1OC2=C3C1=C23,6,0,,0,
N1OC2=C3C1C23,6,0,,0,
N1OC2=C3C1N23,6,0,,0,
N1OC2=C3C2N13,6,0,,0,
N1OC2=C3NC132,6,0,,0,
N1OC2=C3OC123,6,0,,0,
N1OC2C3=C1C32,6,0,,0,
N1OC2C3=C1N32,6,0,,0,
N1OC2C3=C2C13,6,0,,0,
N1OC2C3=C2N13,6,0,,0,
N1OC2C3C1C23,6,0,,0,
N1OC2C3C1N23,6,0,,0,
N1OC2C3C2N13,6,0,,0,
N1OC2C3N1N23,6,0,,0,
N1OC2C3NC132,6,0,,0,
N1OC2C3OC123,6,0,,0,
N1OC2N3C1N23,6,0,,0,
N1OC2N3NC123,6,0,,0,
N1OC2N3OC123,6,0,,0,
N1OC2NC1N2,6,0,,0,
N1OC2NC1O2,6,0,,0,
N1OC2NC2O1,6,0,,0,
N1OC2NN1N2,6,0,,0,
N1OC2NN1O2,6,0,,0,
N1OC2NN2O1,6,0,,0,
N1OC2NOC12,6,0,,0,
N1OC2OC1O2,6,0,,0,
N1OC2OC2O1,6,0,,0,
N1OC2ON1O2,6,0,,0,
N1OC2ON2O1,6,0,,0,
N1OC2ONC12,6,0,,0,
N1OC2ONN12,6,0,,0,
N1OC2OOC12,6,0,,0,
N1OC2OON12,6,0,,0,
N1OC2n3n1n32,6,0,,0,
N1ON2C3=C1C32,6,0,,0,
N1ON2C3=C2C13,6,0,,0,
N1ON2C3C1C32,6,0,,0,
N1ON2C3C1N32,6,0,,0,
N1ON2C3C2N13,6,0,,0,
N1ON2C3NC132,6,0,,0,
N1ON2C3OC132,6,0,,0,
N1ON2N3NC132,6,0,,0,
N1ON2N3OC123,6,0,,0,
N1ON2NC1N2,6,0,,0,
N1ON2NC1O2,6,0,,0,
N1ON2NOC12,6,0,,0,
N1ON2NON12,6,0,,0,
N1ON2OC1O2,6,0,,0,
N1ON2ONC12,6,0,,0,
N1ON2ONN12,6,0,,0,
N1ON2OOC12,6,0,,0,
N1ON2OON12,6,0,,0,
N1ONC12NO2,6,0,,0,
N1ONC12OO2,6,0,,0,
N1ONC2NC12,6,0,,0,
N1ONC2OC12,6,0,,0,
N1ONN2NC12,6,0,,0,
N1ONN2OC12,6,0,,0,
N1ONONO1,6,0,,0,
N1ONOOO1,6,0,,0,
N1OOC12NO2,6,0,,0,
N1OOC12OO2,6,0,,0,
N1OOC2NC12,6,0,,0,
N1OOC2NN12,6,0,,0,
N1OOC2OC12,6,0,,0,
N1OOC2ON12,6,0,,0,
N1OON2NC12,6,0,,0,
N1OON2OC12,6,0,,0,
N1OONOO1,6,0,,0,
N1OOOOO1,6,0,,0,
N1On2n3n2C13,6,0,,0,
N1c2[nH]n3c2C13,6,0,,0,
N1c2c3[nH]n2C13,6,0,,0,
N1c2c3n4n2C134,6,0,,0,
N1c2c3on2C13,6,0,,0,
N1c2on3c2C13,6,0,,0,
N1n2c3c4n2C134,6,0,,0,
N=C(C=O)C=O,6,0,,0,
N=C(C=O)CN,6,0,,0,
N=C(C=O)CO,6,0,,0,
N=C(C=O)N=O,6,0,,0,
N=C(C=O)NN,6,0,,0,
N=C(C=O)NO,6,0,,0,
N=C(C=O)ON,6,0,,0,
N=C(C=O)OO,6,0,,0,
N=C(CN)CN,6,0,,0,
N=C(CN)CO,6,0,,0,
N=C(CN)N=O,6,0,,0,
N=C(CN)NN,6,0,,0,
N=C(CN)NO,6,0,,0,
N=C(CN)ON,6,0,,0,
N=C(CN)OO,6,0,,0,
N=C(CO)CO,6,0,,0,
N=C(CO)N=O,6,0,,0,
N=C(CO)NN,6,0,,0,
N=C(CO)NO,6,0,,0,
N=C(CO)ON,6,0,,0,
N=C(CO)OO,6,0,,0,
N=C(N)C#CN,6,0,,0,
N=C(N)C#CO,6,0,,0,
N=C(N)C(=N)N,6,0,,0,
N=C(N)C(=N)O,6,0,,0,
N=C(N)C(=O)O,6,0,,0,
N=C(N)C(N)=O,6,0,,0,
N=C(N)C(N)N,6,0,,0,
N=C(N)C(N)O,6,0,,0,
N=C(N)C(O)O,6,0,,0,
N=C(N)C1=C=C1,6,0,,0,
N=C(N)C1=C=N1,6,0,,0,
N=C(N)C1=CC1,6,0,,0,
N=C(N)C1=CN1,6,0,,0,
N=C(N)C1=CO1,6,0,,0,
N=C(N)C1=NC1,6,0,,0,
N=C(N)C1=NN1,6,0,,0,
N=C(N)C1=NO1,6,0,,0,
N=C(N)C1C#C1,6,0,,0,
N=C(N)C1C=C1,6,0,,0,
N=C(N)C1C=N1,6,0,,0,
N=C(N)C1CC1,6,0,,0,
N=C(N)C1CN1,6,0,,0,
N=C(N)C1CO1,6,0,,0,
N=C(N)C1N=N1,6,0,,0,
N=C(N)C1NN1,6,0,,0,
N=C(N)C1NO1,6,0,,0,
N=C(N)C1OO1,6,0,,0,
N=C(N)C=C=O,6,0,,0,
N=C(N)C=CN,6,0,,0,
N=C(N)C=CO,6,0,,0,
N=C(N)C=NN,6,0,,0,
N=C(N)C=NO,6,0,,0,
N=C(N)CC=O,6,0,,0,
N=C(N)CCN,6,0,,0,
N=C(N)CCO,6,0,,0,
N=C(N)CN=O,6,0,,0,
N=C(N)CNN,6,0,,0,
N=C(N)CNO,6,0,,0,
N=C(N)CON,6,0,,0,
N=C(N)COO,6,0,,0,
N=C(N)N(N)N,6,0,,0,
N=C(N)N(N)O,6,0,,0,
N=C(N)N(O)O,6,0,,0,
N=C(N)N1C#C1,6,0,,0,
N=C(N)N1C=C1,6,0,,0,
N=C(N)N1C=N1,6,0,,0,
N=C(N)N1CC1,6,0,,0,
N=C(N)N1CN1,6,0,,0,
N=C(N)N1CO1,6,0,,0,
N=C(N)N1N=N1,6,0,,0,
N=C(N)N=C=O,6,0,,0,
N=C(N)N=CN,6,0,,0,
N=C(N)N=CO,6,0,,0,
N=C(N)N=NN,6,0,,0,
N=C(N)N=NO,6,0,,0,
N=C(N)NC=O,6,0,,0,
N=C(N)NCN,6,0,,0,
N=C(N)NCO,6,0,,0,
N=C(N)NN=O,6,0,,0,
N=C(N)NNN,6,0,,0,
N=C(N)NNO,6,0,,0,
N=C(N)NON,6,0,,0,
N=C(N)NOO,6,0,,0,
N=C(N)OC=O,6,0,,0,
N=C(N)OCN,6,0,,0,
N=C(N)OCO,6,0,,0,
N=C(N)ON=O,6,0,,0,
N=C(N)ONN,6,0,,0,
N=C(N)ONO,6,0,,0,
N=C(N)OON,6,0,,0,
N=C(N)OOO,6,0,,0,
N=C(N)n1[nH][nH]1,6,0,,0,
N=C(N)n1[nH]o1,6,0,,0,
N=C(N)n1oo1,6,0,,0,
N=C(N=O)N=O,6,0,,0,
N=C(N=O)NN,6,0,,0,
N=C(N=O)NO,6,0,,0,
N=C(N=O)ON,6,0,,0,
N=C(N=O)OO,6,0,,0,
N=C(NN)NN,6,0,,0,
N=C(NN)NO,6,0,,0,
N=C(NN)ON,6,0,,0,
N=C(NN)OO,6,0,,0,
N=C(NO)NO,6,0,,0,
N=C(NO)ON,6,0,,0,
N=C(NO)OO,6,0,,0,
N=C(O)C#CN,6,0,,0,
N=C(O)C#CO,6,0,,0,
N=C(O)C(=N)O,6,0,,0,
N=C(O)C(=O)O,6,0,,0,
N=C(O)C(N)=O,6,0,,0,
N=C(O)C(N)N,6,0,,0,
N=C(O)C(N)O,6,0,,0,
N=C(O)C(O)O,6,0,,0,
N=C(O)C1=C=C1,6,0,,0,
N=C(O)C1=C=N1,6,0,,0,
N=C(O)C1=CC1,6,0,,0,
N=C(O)C1=CN1,6,0,,0,
N=C(O)C1=CO1,6,0,,0,
N=C(O)C1=NC1,6,0,,0,
N=C(O)C1=NN1,6,0,,0,
N=C(O)C1=NO1,6,0,,0,
N=C(O)C1C#C1,6,0,,0,
N=C(O)C1C=C1,6,0,,0,
N=C(O)C1C=N1,6,0,,0,
N=C(O)C1CC1,6,0,,0,
N=C(O)C1CN1,6,0,,0,
N=C(O)C1CO1,6,0,,0,
N=C(O)C1N=N1,6,0,,0,
N=C(O)C1NN1,6,0,,0,
N=C(O)C1NO1,6,0,,0,
N=C(O)C1OO1,6,0,,0,
N=C(O)C=C=O,6,0,,0,
N=C(O)C=CN,6,0,,0,
N=C(O)C=CO,6,0,,0,
N=C(O)C=NN,6,0,,0,
N=C(O)C=NO,6,0,,0,
N=C(O)CC=O,6,0,,0,
N=C(O)CCN,6,0,,0,
N=C(O)CCO,6,0,,0,
N=C(O)CN=O,6,0,,0,
N=C(O)CNN,6,0,,0,
N=C(O)CNO,6,0,,0,
N=C(O)CON,6,0,,0,
N=C(O)COO,6,0,,0,
N=C(O)N(N)N,6,0,,0,
N=C(O)N(N)O,6,0,,0,
N=C(O)N(O)O,6,0,,0,
N=C(O)N1C#C1,6,0,,0,
N=C(O)N1C=C1,6,0,,0,
N=C(O)N1C=N1,6,0,,0,
N=C(O)N1CC1,6,0,,0,
N=C(O)N1CN1,6,0,,0,
N=C(O)N1CO1,6,0,,0,
N=C(O)N1N=N1,6,0,,0,
N=C(O)N=C=O,6,0,,0,
N=C(O)N=CN,6,0,,0,
N=C(O)N=CO,6,0,,0,
N=C(O)N=NN,6,0,,0,
N=C(O)N=NO,6,0,,0,
N=C(O)NC=O,6,0,,0,
N=C(O)NCN,6,0,,0,
N=C(O)NCO,6,0,,0,
N=C(O)NN=O,6,0,,0,
N=C(O)NNN,6,0,,0,
N=C(O)NNO,6,0,,0,
N=C(O)NON,6,0,,0,
N=C(O)NOO,6,0,,0,
N=C(O)OC=O,6,0,,0,
N=C(O)OCN,6,0,,0,
N=C(O)OCO,6,0,,0,
N=C(O)ON=O,6,0,,0,
N=C(O)ONN,6,0,,0,
N=C(O)ONO,6,0,,0,
N=C(O)OON,6,0,,0,
N=C(O)OOO,6,0,,0,
N=C(O)n1[nH][nH]1,6,0,,0,
N=C(O)n1[nH]o1,6,0,,0,
N=C(O)n1oo1,6,0,,0,
N=C(ON)ON,6,0,,0,
N=C(ON)OO,6,0,,0,
N=C(OO)OO,6,0,,0,
N=C1C#CC#C1,6,0,,0,
N=C1C#CC1N,6,0,,0,
N=C1C#CC1O,6,0,,0,
N=C1C#CC=C1,6,0,,0,
N=C1C#CC=N1,6,0,,0,
N=C1C#CCC1,6,0,,0,
N=C1C#CCN1,6,0,,0,
N=C1C#CCO1,6,0,,0,
N=C1C#CN1N,6,0,,0,
N=C1C#CN1O,6,0,,0,
N=C1C#CN=C1,6,0,,0,
N=C1C#CN=N1,6,0,,0,
N=C1C#CNC1,6,0,,0,
N=C1C#COC1,6,0,,0,
N=C1C(=N)C1=N,6,0,,0,
N=C1C(=N)C1=O,6,0,,0,
N=C1C(=N)C1N,6,0,,0,
N=C1C(=N)C1O,6,0,,0,
N=C1C(=O)C1=O,6,0,,0,
N=C1C(=O)C1N,6,0,,0,
N=C1C(=O)C1O,6,0,,0,
N=C1C(N)C1N,6,0,,0,
N=C1C(N)C1O,6,0,,0,
N=C1C(N)N1N,6,0,,0,
N=C1C(N)N1O,6,0,,0,
N=C1C(O)C1O,6,0,,0,
N=C1C(O)N1N,6,0,,0,
N=C1C(O)N1O,6,0,,0,
N=C1C23C4=C2C143,6,0,,0,
N=C1C23C4C2C143,6,0,,0,
N=C1C23C4N2C143,6,0,,0,
N=C1C23CC12C3,6,0,,0,
N=C1C23CC12N3,6,0,,0,
N=C1C23CC12O3,6,0,,0,
N=C1C23N4N2C143,6,0,,0,
N=C1C23NC12N3,6,0,,0,
N=C1C23NC12O3,6,0,,0,
N=C1C23OC12O3,6,0,,0,
N=C1C2=C(N)C12,6,0,,0,
N=C1C2=C(N)N12,6,0,,0,
N=C1C2=C(O)C12,6,0,,0,
N=C1C2=C(O)N12,6,0,,0,
N=C1C2=C3C1=C23,6,0,,0,
N=C1C2=C3C1C23,6,0,,0,
N=C1C2=C3C1N23,6,0,,0,
N=C1C2=C3C2N13,6,0,,0,
N=C1C2=C3CC132,6,0,,0,
N=C1C2=C3NC132,6,0,,0,
N=C1C2=C3OC132,6,0,,0,
N=C1C2=C=C1C2,6,0,,0,
N=C1C2=C=C1N2,6,0,,0,
N=C1C2=C=C1O2,6,0,,0,
N=C1C2=C=CC12,6,0,,0,
N=C1C2=C=CN12,6,0,,0,
N=C1C2=C=NC12,6,0,,0,
N=C1C2=C=NN12,6,0,,0,
N=C1C2=CC12N,6,0,,0,
N=C1C2=CC12O,6,0,,0,
N=C1C2=CC1=C2,6,0,,0,
N=C1C2=CC1=N2,6,0,,0,
N=C1C2=CC1C2,6,0,,0,
N=C1C2=CC1N2,6,0,,0,
N=C1C2=CC1O2,6,0,,0,
N=C1C2=CCC12,6,0,,0,
N=C1C2=CCN12,6,0,,0,
N=C1C2=CN1C2,6,0,,0,
N=C1C2=CNC12,6,0,,0,
N=C1C2=COC12,6,0,,0,
N=C1C2=NC12N,6,0,,0,
N=C1C2=NC12O,6,0,,0,
N=C1C2=NC1=N2,6,0,,0,
N=C1C2=NC1C2,6,0,,0,
N=C1C2=NC1N2,6,0,,0,
N=C1C2=NC1O2,6,0,,0,
N=C1C2=NCC12,6,0,,0,
N=C1C2=NCN12,6,0,,0,
N=C1C2=NN1C2,6,0,,0,
N=C1C2=NNC12,6,0,,0,
N=C1C2=NOC12,6,0,,0,
N=C1C2C#CC12,6,0,,0,
N=C1C2C#CN12,6,0,,0,
N=C1C2C(=N)C12,6,0,,0,
N=C1C2C(=N)N12,6,0,,0,
N=C1C2C(=O)C12,6,0,,0,
N=C1C2C(=O)N12,6,0,,0,
N=C1C2C(N)C12,6,0,,0,
N=C1C2C(N)N12,6,0,,0,
N=C1C2C(O)C12,6,0,,0,
N=C1C2C(O)N12,6,0,,0,
N=C1C2C1N2N,6,0,,0,
N=C1C2C1N2O,6,0,,0,
N=C1C2C3=C2C13,6,0,,0,
N=C1C2C3=C2N13,6,0,,0,
N=C1C2C3=CC132,6,0,,0,
N=C1C2C3=NC132,6,0,,0,
N=C1C2C3C1C23,6,0,,0,
N=C1C2C3C1N23,6,0,,0,
N=C1C2C3C2N13,6,0,,0,
N=C1C2C3CC132,6,0,,0,
N=C1C2C3N1N23,6,0,,0,
N=C1C2C3NC132,6,0,,0,
N=C1C2C3OC132,6,0,,0,
N=C1C2C=CC12,6,0,,0,
N=C1C2C=CN12,6,0,,0,
N=C1C2C=NC12,6,0,,0,
N=C1C2C=NN12,6,0,,0,
N=C1C2CC12N,6,0,,0,
N=C1C2CC12O,6,0,,0,
N=C1C2CC1C2,6,0,,0,
N=C1C2CC1N2,6,0,,0,
N=C1C2CC1O2,6,0,,0,
N=C1C2CCC12,6,0,,0,
N=C1C2CCN12,6,0,,0,
N=C1C2CN1C2,6,0,,0,
N=C1C2CN1N2,6,0,,0,
N=C1C2CN1O2,6,0,,0,
N=C1C2CNC12,6,0,,0,
N=C1C2CNN12,6,0,,0,
N=C1C2COC12,6,0,,0,
N=C1C2CON12,6,0,,0,
N=C1C2N(N)N12,6,0,,0,
N=C1C2N(O)N12,6,0,,0,
N=C1C2N3C1N23,6,0,,0,
N=C1C2N3CC123,6,0,,0,
N=C1C2N3NC123,6,0,,0,
N=C1C2N3OC123,6,0,,0,
N=C1C2N=CN12,6,0,,0,
N=C1C2N=NC12,6,0,,0,
N=C1C2N=NN12,6,0,,0,
N=C1C2NC12N,6,0,,0,
N=C1C2NC12O,6,0,,0,
N=C1C2NC1N2,6,0,,0,
N=C1C2NC1O2,6,0,,0,
N=C1C2NCN12,6,0,,0,
N=C1C2NN1N2,6,0,,0,
N=C1C2NN1O2,6,0,,0,
N=C1C2NNC12,6,0,,0,
N=C1C2NNN12,6,0,,0,
N=C1C2NOC12,6,0,,0,
N=C1C2NON12,6,0,,0,
N=C1C2OC12N,6,0,,0,
N=C1C2OC12O,6,0,,0,
N=C1C2OC1O2,6,0,,0,
N=C1C2OCN12,6,0,,0,
N=C1C2ON1O2,6,0,,0,
N=C1C2ONN12,6,0,,0,
N=C1C2OOC12,6,0,,0,
N=C1C2OON12,6,0,,0,
N=C1C2n3n1n32,6,0,,0,
N=C1C=C(N)C1,6,0,,0,
N=C1C=C(N)N1,6,0,,0,
N=C1C=C(N)O1,6,0,,0,
N=C1C=C(O)C1,6,0,,0,
N=C1C=C(O)N1,6,0,,0,
N=C1C=C(O)O1,6,0,,0,
N=C1C=C2C=C12,6,0,,0,
N=C1C=C2CC12,6,0,,0,
N=C1C=C2CN12,6,0,,0,
N=C1C=C2N=C12,6,0,,0,
N=C1C=C2NC12,6,0,,0,
N=C1C=C2OC12,6,0,,0,
N=C1C=C=C1N,6,0,,0,
N=C1C=C=C1O,6,0,,0,
N=C1C=C=C=C1,6,0,,0,
N=C1C=C=C=N1,6,0,,0,
N=C1C=C=CC1,6,0,,0,
N=C1C=C=CN1,6,0,,0,
N=C1C=C=CO1,6,0,,0,
N=C1C=C=NC1,6,0,,0,
N=C1C=C=NN1,6,0,,0,
N=C1C=C=NO1,6,0,,0,
N=C1C=CC1N,6,0,,0,
N=C1C=CC1O,6,0,,0,
N=C1C=CC=C1,6,0,,0,
N=C1C=CC=N1,6,0,,0,
N=C1C=CCC1,6,0,,0,
N=C1C=CCN1,6,0,,0,
N=C1C=CCO1,6,0,,0,
N=C1C=CN1N,6,0,,0,
N=C1C=CN1O,6,0,,0,
N=C1C=CN=C1,6,0,,0,
N=C1C=CN=N1,6,0,,0,
N=C1C=CNC1,6,0,,0,
N=C1C=COC1,6,0,,0,
N=C1C=NC1N,6,0,,0,
N=C1C=NC1O,6,0,,0,
N=C1C=NC=N1,6,0,,0,
N=C1C=NCC1,6,0,,0,
N=C1C=NCN1,6,0,,0,
N=C1C=NCO1,6,0,,0,
N=C1C=NN1N,6,0,,0,
N=C1C=NN1O,6,0,,0,
N=C1C=NN=C1,6,0,,0,
N=C1C=NN=N1,6,0,,0,
N=C1C=NNC1,6,0,,0,
N=C1C=NOC1,6,0,,0,
N=C1CC#CC1,6,0,,0,
N=C1CC#CN1,6,0,,0,
N=C1CC#CO1,6,0,,0,
N=C1CC(=N)C1,6,0,,0,
N=C1CC(=N)N1,6,0,,0,
N=C1CC(=N)O1,6,0,,0,
N=C1CC(=O)C1,6,0,,0,
N=C1CC(=O)N1,6,0,,0,
N=C1CC(=O)O1,6,0,,0,
N=C1CC(N)=N1,6,0,,0,
N=C1CC(N)C1,6,0,,0,
N=C1CC(N)N1,6,0,,0,
N=C1CC(N)O1,6,0,,0,
N=C1CC(O)=N1,6,0,,0,
N=C1CC(O)C1,6,0,,0,
N=C1CC(O)N1,6,0,,0,
N=C1CC(O)O1,6,0,,0,
N=C1CC1(N)N,6,0,,0,
N=C1CC1(N)O,6,0,,0,
N=C1CC1(O)O,6,0,,0,
N=C1CC12C#C2,6,0,,0,
N=C1CC12C=C2,6,0,,0,
N=C1CC12C=N2,6,0,,0,
N=C1CC12CC2,6,0,,0,
N=C1CC12CN2,6,0,,0,
N=C1CC12CO2,6,0,,0,
N=C1CC12N=N2,6,0,,0,
N=C1CC12NN2,6,0,,0,
N=C1CC12NO2,6,0,,0,
N=C1CC12OO2,6,0,,0,
N=C1CC1=C=O,6,0,,0,
N=C1CC1=CN,6,0,,0,
N=C1CC1=CO,6,0,,0,
N=C1CC1=NN,6,0,,0,
N=C1CC1=NO,6,0,,0,
N=C1CC1C=O,6,0,,0,
N=C1CC1CN,6,0,,0,
N=C1CC1CO,6,0,,0,
N=C1CC1N=O,6,0,,0,
N=C1CC1NN,6,0,,0,
N=C1CC1NO,6,0,,0,
N=C1CC1ON,6,0,,0,
N=C1CC1OO,6,0,,0,
N=C1CC2=C1C2,6,0,,0,
N=C1CC2=C1N2,6,0,,0,
N=C1CC2=C1O2,6,0,,0,
N=C1CC2=C=C12,6,0,,0,
N=C1CC2=CC12,6,0,,0,
N=C1CC2=CN12,6,0,,0,
N=C1CC2=NC12,6,0,,0,
N=C1CC2=NN12,6,0,,0,
N=C1CC2C=C12,6,0,,0,
N=C1CC2CC12,6,0,,0,
N=C1CC2CN12,6,0,,0,
N=C1CC2N=C12,6,0,,0,
N=C1CC2NC12,6,0,,0,
N=C1CC2NN12,6,0,,0,
N=C1CC2OC12,6,0,,0,
N=C1CC2ON12,6,0,,0,
N=C1CC=C1N,6,0,,0,
N=C1CC=C1O,6,0,,0,
N=C1CC=C=N1,6,0,,0,
N=C1CC=CC1,6,0,,0,
N=C1CC=CN1,6,0,,0,
N=C1CC=CO1,6,0,,0,
N=C1CC=NC1,6,0,,0,
N=C1CC=NN1,6,0,,0,
N=C1CC=NO1,6,0,,0,
N=C1CCC1=N,6,0,,0,
N=C1CCC1=O,6,0,,0,
N=C1CCC1N,6,0,,0,
N=C1CCC1O,6,0,,0,
N=C1CCC=N1,6,0,,0,
N=C1CCCC1,6,0,,0,
N=C1CCCN1,6,0,,0,
N=C1CCCO1,6,0,,0,
N=C1CCN1N,6,0,,0,
N=C1CCN1O,6,0,,0,
N=C1CCN=N1,6,0,,0,
N=C1CCNC1,6,0,,0,
N=C1CCNN1,6,0,,0,
N=C1CCNO1,6,0,,0,
N=C1CCOC1,6,0,,0,
N=C1CCON1,6,0,,0,
N=C1CCOO1,6,0,,0,
N=C1CN(N)C1,6,0,,0,
N=C1CN(N)N1,6,0,,0,
N=C1CN(N)O1,6,0,,0,
N=C1CN(O)C1,6,0,,0,
N=C1CN(O)N1,6,0,,0,
N=C1CN(O)O1,6,0,,0,
N=C1CN1C=O,6,0,,0,
N=C1CN1CN,6,0,,0,
N=C1CN1CO,6,0,,0,
N=C1CN1N=O,6,0,,0,
N=C1CN1NN,6,0,,0,
N=C1CN1NO,6,0,,0,
N=C1CN1ON,6,0,,0,
N=C1CN1OO,6,0,,0,
N=C1CN2C=C12,6,0,,0,
N=C1CN2CC12,6,0,,0,
N=C1CN2CN12,6,0,,0,
N=C1CN2N=C12,6,0,,0,
N=C1CN2NC12,6,0,,0,
N=C1CN2OC12,6,0,,0,
N=C1CN=C1N,6,0,,0,
N=C1CN=C1O,6,0,,0,
N=C1CN=C=N1,6,0,,0,
N=C1CN=CN1,6,0,,0,
N=C1CN=CO1,6,0,,0,
N=C1CN=NC1,6,0,,0,
N=C1CN=NN1,6,0,,0,
N=C1CN=NO1,6,0,,0,
N=C1CNC1=N,6,0,,0,
N=C1CNC1=O,6,0,,0,
N=C1CNC1N,6,0,,0,
N=C1CNC1O,6,0,,0,
N=C1CNC=N1,6,0,,0,
N=C1CNCN1,6,0,,0,
N=C1CNCO1,6,0,,0,
N=C1CNN1N,6,0,,0,
N=C1CNN1O,6,0,,0,
N=C1CNN=N1,6,0,,0,
N=C1CNNC1,6,0,,0,
N=C1CNNN1,6,0,,0,
N=C1CNNO1,6,0,,0,
N=C1CNOC1,6,0,,0,
N=C1CNON1,6,0,,0,
N=C1CNOO1,6,0,,0,
N=C1COC1=N,6,0,,0,
N=C1COC1=O,6,0,,0,
N=C1COC1N,6,0,,0,
N=C1COC1O,6,0,,0,
N=C1COC=N1,6,0,,0,
N=C1COCN1,6,0,,0,
N=C1COCO1,6,0,,0,
N=C1CON1N,6,0,,0,
N=C1CON1O,6,0,,0,
N=C1CON=N1,6,0,,0,
N=C1CONN1,6,0,,0,
N=C1CONO1,6,0,,0,
N=C1COOC1,6,0,,0,
N=C1COON1,6,0,,0,
N=C1COOO1,6,0,,0,
N=C1Cn2[nH]n21,6,0,,0,
N=C1Cn2on21,6,0,,0,
N=C1N(N)N1N,6,0,,0,
N=C1N(N)N1O,6,0,,0,
N=C1N(O)N1O,6,0,,0,
N=C1N2C(=N)N12,6,0,,0,
N=C1N2C(=O)N12,6,0,,0,
N=C1N2C(N)N12,6,0,,0,
N=C1N2C(O)N12,6,0,,0,
N=C1N2C3=CC132,6,0,,0,
N=C1N2C3=NC132,6,0,,0,
N=C1N2C3C2N13,6,0,,0,
N=C1N2C3CC132,6,0,,0,
N=C1N2C3NC132,6,0,,0,
N=C1N2C3OC132,6,0,,0,
N=C1N2CC12N,6,0,,0,
N=C1N2CC12O,6,0,,0,
N=C1N2CCN12,6,0,,0,
N=C1N2CN1C2,6,0,,0,
N=C1N2CNN12,6,0,,0,
N=C1N2CON12,6,0,,0,
N=C1N2N3CC132,6,0,,0,
N=C1N2N3NC132,6,0,,0,
N=C1N2N3OC132,6,0,,0,
N=C1N2NC12N,6,0,,0,
N=C1N2NC12O,6,0,,0,
N=C1N2NNN12,6,0,,0,
N=C1N2NON12,6,0,,0,
N=C1N2OC12N,6,0,,0,
N=C1N2OC12O,6,0,,0,
N=C1N2OON12,6,0,,0,
N=C1N=C(N)N1,6,0,,0,
N=C1N=C(N)O1,6,0,,0,
N=C1N=C(O)N1,6,0,,0,
N=C1N=C(O)O1,6,0,,0,
N=C1N=C2C=C12,6,0,,0,
N=C1N=C2CC12,6,0,,0,
N=C1N=C2CN12,6,0,,0,
N=C1N=C2N=C12,6,0,,0,
N=C1N=C2NC12,6,0,,0,
N=C1N=C2OC12,6,0,,0,
N=C1N=C=C1N,6,0,,0,
N=C1N=C=C1O,6,0,,0,
N=C1N=C=C=N1,6,0,,0,
N=C1N=C=CN1,6,0,,0,
N=C1N=C=CO1,6,0,,0,
N=C1N=C=NN1,6,0,,0,
N=C1N=C=NO1,6,0,,0,
N=C1N=CC1N,6,0,,0,
N=C1N=CC1O,6,0,,0,
N=C1N=CC=N1,6,0,,0,
N=C1N=CCN1,6,0,,0,
N=C1N=CCO1,6,0,,0,
N=C1N=CN1N,6,0,,0,
N=C1N=CN1O,6,0,,0,
N=C1N=CN=N1,6,0,,0,
N=C1N=NC1N,6,0,,0,
N=C1N=NC1O,6,0,,0,
N=C1N=NCN1,6,0,,0,
N=C1N=NCO1,6,0,,0,
N=C1N=NN1N,6,0,,0,
N=C1N=NN1O,6,0,,0,
N=C1N=NN=N1,6,0,,0,
N=C1NC(=N)N1,6,0,,0,
N=C1NC(=N)O1,6,0,,0,
N=C1NC(=O)N1,6,0,,0,
N=C1NC(=O)O1,6,0,,0,
N=C1NC(N)N1,6,0,,0,
N=C1NC(N)O1,6,0,,0,
N=C1NC(O)N1,6,0,,0,
N=C1NC(O)O1,6,0,,0,
N=C1NC1(N)N,6,0,,0,
N=C1NC1(N)O,6,0,,0,
N=C1NC1(O)O,6,0,,0,
N=C1NC12C#C2,6,0,,0,
N=C1NC12C=C2,6,0,,0,
N=C1NC12C=N2,6,0,,0,
N=C1NC12CC2,6,0,,0,
N=C1NC12CN2,6,0,,0,
N=C1NC12CO2,6,0,,0,
N=C1NC12N=N2,6,0,,0,
N=C1NC12NN2,6,0,,0,
N=C1NC12NO2,6,0,,0,
N=C1NC12OO2,6,0,,0,
N=C1NC1=C=O,6,0,,0,
N=C1NC1=CN,6,0,,0,
N=C1NC1=CO,6,0,,0,
N=C1NC1C=O,6,0,,0,
N=C1NC1CN,6,0,,0,
N=C1NC1CO,6,0,,0,
N=C1NC1N=O,6,0,,0,
N=C1NC1NN,6,0,,0,
N=C1NC1NO,6,0,,0,
N=C1NC1ON,6,0,,0,
N=C1NC1OO,6,0,,0,
N=C1NC2=C1C2,6,0,,0,
N=C1NC2=C=C12,6,0,,0,
N=C1NC2=CC12,6,0,,0,
N=C1NC2=NC12,6,0,,0,
N=C1NC2C=C12,6,0,,0,
N=C1NC2CC12,6,0,,0,
N=C1NC2CN12,6,0,,0,
N=C1NC2N=C12,6,0,,0,
N=C1NC2NC12,6,0,,0,
N=C1NC2NN12,6,0,,0,
N=C1NC2OC12,6,0,,0,
N=C1NC2ON12,6,0,,0,
N=C1NC=C1N,6,0,,0,
N=C1NC=C1O,6,0,,0,
N=C1NCC1=O,6,0,,0,
N=C1NCC1N,6,0,,0,
N=C1NCC1O,6,0,,0,
N=C1NCCN1,6,0,,0,
N=C1NCCO1,6,0,,0,
N=C1NCN1N,6,0,,0,
N=C1NCN1O,6,0,,0,
N=C1NCNN1,6,0,,0,
N=C1NCNO1,6,0,,0,
N=C1NCON1,6,0,,0,
N=C1NCOO1,6,0,,0,
N=C1NN1C=O,6,0,,0,
N=C1NN1CN,6,0,,0,
N=C1NN1CO,6,0,,0,
N=C1NN1N=O,6,0,,0,
N=C1NN1NN,6,0,,0,
N=C1NN1NO,6,0,,0,
N=C1NN1ON,6,0,,0,
N=C1NN1OO,6,0,,0,
N=C1NN2CC12,6,0,,0,
N=C1NN2NC12,6,0,,0,
N=C1NN2OC12,6,0,,0,
N=C1NN=C1N,6,0,,0,
N=C1NN=C1O,6,0,,0,
N=C1NNC1=N,6,0,,0,
N=C1NNC1=O,6,0,,0,
N=C1NNC1N,6,0,,0,
N=C1NNC1O,6,0,,0,
N=C1NNCO1,6,0,,0,
N=C1NNNN1,6,0,,0,
N=C1NNNO1,6,0,,0,
N=C1NNON1,6,0,,0,
N=C1NNOO1,6,0,,0,
N=C1NOC1=N,6,0,,0,
N=C1NOC1=O,6,0,,0,
N=C1NOC1N,6,0,,0,
N=C1NOC1O,6,0,,0,
N=C1NOCO1,6,0,,0,
N=C1NONO1,6,0,,0,
N=C1NOON1,6,0,,0,
N=C1NOOO1,6,0,,0,
N=C1OC(=N)O1,6,0,,0,
N=C1OC(=O)O1,6,0,,0,
N=C1OC(N)O1,6,0,,0,
N=C1OC(O)O1,6,0,,0,
N=C1OC1(N)N,6,0,,0,
N=C1OC1(N)O,6,0,,0,
N=C1OC1(O)O,6,0,,0,
N=C1OC12C#C2,6,0,,0,
N=C1OC12C=C2,6,0,,0,
N=C1OC12C=N2,6,0,,0,
N=C1OC12CC2,6,0,,0,
N=C1OC12CN2,6,0,,0,
N=C1OC12CO2,6,0,,0,
N=C1OC12N=N2,6,0,,0,
N=C1OC12NN2,6,0,,0,
N=C1OC12NO2,6,0,,0,
N=C1OC12OO2,6,0,,0,
N=C1OC1=C=O,6,0,,0,
N=C1OC1=CN,6,0,,0,
N=C1OC1=CO,6,0,,0,
N=C1OC1C=O,6,0,,0,
N=C1OC1CN,6,0,,0,
N=C1OC1CO,6,0,,0,
N=C1OC1N=O,6,0,,0,
N=C1OC1NN,6,0,,0,
N=C1OC1NO,6,0,,0,
N=C1OC1ON,6,0,,0,
N=C1OC1OO,6,0,,0,
N=C1OC2=C1C2,6,0,,0,
N=C1OC2=C=C12,6,0,,0,
N=C1OC2=CC12,6,0,,0,
N=C1OC2=NC12,6,0,,0,
N=C1OC2C=C12,6,0,,0,
N=C1OC2CC12,6,0,,0,
N=C1OC2CN12,6,0,,0,
N=C1OC2N=C12,6,0,,0,
N=C1OC2NC12,6,0,,0,
N=C1OC2NN12,6,0,,0,
N=C1OC2OC12,6,0,,0,
N=C1OC2ON12,6,0,,0,
N=C1OC=C1N,6,0,,0,
N=C1OC=C1O,6,0,,0,
N=C1OCC1=O,6,0,,0,
N=C1OCC1N,6,0,,0,
N=C1OCC1O,6,0,,0,
N=C1OCCO1,6,0,,0,
N=C1OCN1N,6,0,,0,
N=C1OCN1O,6,0,,0,
N=C1OCNO1,6,0,,0,
N=C1OCOO1,6,0,,0,
N=C1ON1C=O,6,0,,0,
N=C1ON1CN,6,0,,0,
N=C1ON1CO,6,0,,0,
N=C1ON1N=O,6,0,,0,
N=C1ON1NN,6,0,,0,
N=C1ON1NO,6,0,,0,
N=C1ON1ON,6,0,,0,
N=C1ON1OO,6,0,,0,
N=C1ON2CC12,6,0,,0,
N=C1ON2NC12,6,0,,0,
N=C1ON2OC12,6,0,,0,
N=C1ON=C1N,6,0,,0,
N=C1ON=C1O,6,0,,0,
N=C1ONC1=O,6,0,,0,
N=C1ONC1N,6,0,,0,
N=C1ONC1O,6,0,,0,
N=C1ONNO1,6,0,,0,
N=C1ONOO1,6,0,,0,
N=C1OOC1=N,6,0,,0,
N=C1OOC1=O,6,0,,0,
N=C1OOC1N,6,0,,0,
N=C1OOC1O,6,0,,0,
N=C1OOOO1,6,0,,0,
N=C1c2cn1[nH]2,6,0,,0,
N=C1c2cn1o2,6,0,,0,
N=C1c2nn1[nH]2,6,0,,0,
N=C1c2nn1o2,6,0,,0,
N=C=C(N)C=N,6,0,,0,
N=C=C(N)C=O,6,0,,0,
N=C=C(N)CN,6,0,,0,
N=C=C(N)CO,6,0,,0,
N=C=C(N)N=N,6,0,,0,
N=C=C(N)N=O,6,0,,0,
N=C=C(N)NN,6,0,,0,
N=C=C(N)NO,6,0,,0,
N=C=C(N)ON,6,0,,0,
N=C=C(N)OO,6,0,,0,
N=C=C(O)C=N,6,0,,0,
N=C=C(O)C=O,6,0,,0,
N=C=C(O)CN,6,0,,0,
N=C=C(O)CO,6,0,,0,
N=C=C(O)N=N,6,0,,0,
N=C=C(O)N=O,6,0,,0,
N=C=C(O)NN,6,0,,0,
N=C=C(O)NO,6,0,,0,
N=C=C(O)ON,6,0,,0,
N=C=C(O)OO,6,0,,0,
N=C=C1C#CC1,6,0,,0,
N=C=C1C#CN1,6,0,,0,
N=C=C1C#CO1,6,0,,0,
N=C=C1C2=C1C2,6,0,,0,
N=C=C1C2=C1N2,6,0,,0,
N=C=C1C2=C1O2,6,0,,0,
N=C=C1C2=C=C12,6,0,,0,
N=C=C1C2=CC12,6,0,,0,
N=C=C1C2=CN12,6,0,,0,
N=C=C1C2=NC12,6,0,,0,
N=C=C1C2=NN12,6,0,,0,
N=C=C1C2CC12,6,0,,0,
N=C=C1C2CN12,6,0,,0,
N=C=C1C2NC12,6,0,,0,
N=C=C1C2NN12,6,0,,0,
N=C=C1C2OC12,6,0,,0,
N=C=C1C2ON12,6,0,,0,
N=C=C1C=C1N,6,0,,0,
N=C=C1C=C1O,6,0,,0,
N=C=C1C=C=C1,6,0,,0,
N=C=C1C=C=N1,6,0,,0,
N=C=C1C=CC1,6,0,,0,
N=C=C1C=CN1,6,0,,0,
N=C=C1C=CO1,6,0,,0,
N=C=C1C=NC1,6,0,,0,
N=C=C1C=NN1,6,0,,0,
N=C=C1C=NO1,6,0,,0,
N=C=C1CC1=N,6,0,,0,
N=C=C1CC1=O,6,0,,0,
N=C=C1CC1N,6,0,,0,
N=C=C1CC1O,6,0,,0,
N=C=C1CC=N1,6,0,,0,
N=C=C1CCC1,6,0,,0,
N=C=C1CCN1,6,0,,0,
N=C=C1CCO1,6,0,,0,
N=C=C1CN1N,6,0,,0,
N=C=C1CN1O,6,0,,0,
N=C=C1CN=N1,6,0,,0,
N=C=C1CNC1,6,0,,0,
N=C=C1CNN1,6,0,,0,
N=C=C1CNO1,6,0,,0,
N=C=C1COC1,6,0,,0,
N=C=C1CON1,6,0,,0,
N=C=C1COO1,6,0,,0,
N=C=C1N2CN12,6,0,,0,
N=C=C1N=C1N,6,0,,0,
N=C=C1N=C1O,6,0,,0,
N=C=C1N=C=N1,6,0,,0,
N=C=C1N=CN1,6,0,,0,
N=C=C1N=CO1,6,0,,0,
N=C=C1N=NN1,6,0,,0,
N=C=C1N=NO1,6,0,,0,
N=C=C1NC1=N,6,0,,0,
N=C=C1NC1=O,6,0,,0,
N=C=C1NC1N,6,0,,0,
N=C=C1NC1O,6,0,,0,
N=C=C1NCN1,6,0,,0,
N=C=C1NCO1,6,0,,0,
N=C=C1NN1N,6,0,,0,
N=C=C1NN1O,6,0,,0,
N=C=C1NNN1,6,0,,0,
N=C=C1NNO1,6,0,,0,
N=C=C1NON1,6,0,,0,
N=C=C1NOO1,6,0,,0,
N=C=C1OC1=N,6,0,,0,
N=C=C1OC1=O,6,0,,0,
N=C=C1OC1N,6,0,,0,
N=C=C1OC1O,6,0,,0,
N=C=C1OCO1,6,0,,0,
N=C=C1ON1N,6,0,,0,
N=C=C1ON1O,6,0,,0,
N=C=C1ONO1,6,0,,0,
N=C=C1OOO1,6,0,,0,
N=C=C1n2[nH]n21,6,0,,0,
N=C=C1n2on21,6,0,,0,
N=C=C=C(N)N,6,0,,0,
N=C=C=C(N)O,6,0,,0,
N=C=C=C(O)O,6,0,,0,
N=C=C=C1C#C1,6,0,,0,
N=C=C=C1C=C1,6,0,,0,
N=C=C=C1C=N1,6,0,,0,
N=C=C=C1CC1,6,0,,0,
N=C=C=C1CN1,6,0,,0,
N=C=C=C1CO1,6,0,,0,
N=C=C=C1N=N1,6,0,,0,
N=C=C=C1NN1,6,0,,0,
N=C=C=C1NO1,6,0,,0,
N=C=C=C1OO1,6,0,,0,
N=C=C=C=C=N,6,0,,0,
N=C=C=C=C=O,6,0,,0,
N=C=C=C=CN,6,0,,0,
N=C=C=C=CO,6,0,,0,
N=C=C=C=NN,6,0,,0,
N=C=C=C=NO,6,0,,0,
N=C=C=CC=N,6,0,,0,
N=C=C=CC=O,6,0,,0,
N=C=C=CCN,6,0,,0,
N=C=C=CCO,6,0,,0,
N=C=C=CN=N,6,0,,0,
N=C=C=CN=O,6,0,,0,
N=C=C=CNN,6,0,,0,
N=C=C=CNO,6,0,,0,
N=C=C=CON,6,0,,0,
N=C=C=COO,6,0,,0,
N=C=C=NC=N,6,0,,0,
N=C=C=NC=O,6,0,,0,
N=C=C=NCN,6,0,,0,
N=C=C=NCO,6,0,,0,
N=C=C=NN=N,6,0,,0,
N=C=C=NN=O,6,0,,0,
N=C=C=NNN,6,0,,0,
N=C=C=NNO,6,0,,0,
N=C=C=NON,6,0,,0,
N=C=C=NOO,6,0,,0,
N=C=CC#CN,6,0,,0,
N=C=CC#CO,6,0,,0,
N=C=CC(=N)N,6,0,,0,
N=C=CC(=N)O,6,0,,0,
N=C=CC(=O)O,6,0,,0,
N=C=CC(N)=O,6,0,,0,
N=C=CC(N)N,6,0,,0,
N=C=CC(N)O,6,0,,0,
N=C=CC(O)O,6,0,,0,
N=C=CC1=C=C1,6,0,,0,
N=C=CC1=C=N1,6,0,,0,
N=C=CC1=CC1,6,0,,0,
N=C=CC1=CN1,6,0,,0,
N=C=CC1=CO1,6,0,,0,
N=C=CC1=NC1,6,0,,0,
N=C=CC1=NN1,6,0,,0,
N=C=CC1=NO1,6,0,,0,
N=C=CC1C#C1,6,0,,0,
N=C=CC1C=C1,6,0,,0,
N=C=CC1C=N1,6,0,,0,
N=C=CC1CC1,6,0,,0,
N=C=CC1CN1,6,0,,0,
N=C=CC1CO1,6,0,,0,
N=C=CC1N=N1,6,0,,0,
N=C=CC1NN1,6,0,,0,
N=C=CC1NO1,6,0,,0,
N=C=CC1OO1,6,0,,0,
N=C=CC=C=N,6,0,,0,
N=C=CC=C=O,6,0,,0,
N=C=CC=CN,6,0,,0,
N=C=CC=CO,6,0,,0,
N=C=CC=NN,6,0,,0,
N=C=CC=NO,6,0,,0,
N=C=CCC=N,6,0,,0,
N=C=CCC=O,6,0,,0,
N=C=CCCN,6,0,,0,
N=C=CCCO,6,0,,0,
N=C=CCN=N,6,0,,0,
N=C=CCN=O,6,0,,0,
N=C=CCNN,6,0,,0,
N=C=CCNO,6,0,,0,
N=C=CCON,6,0,,0,
N=C=CCOO,6,0,,0,
N=C=CN(N)N,6,0,,0,
N=C=CN(N)O,6,0,,0,
N=C=CN(O)O,6,0,,0,
N=C=CN1C#C1,6,0,,0,
N=C=CN1C=C1,6,0,,0,
N=C=CN1C=N1,6,0,,0,
N=C=CN1CC1,6,0,,0,
N=C=CN1CN1,6,0,,0,
N=C=CN1CO1,6,0,,0,
N=C=CN1N=N1,6,0,,0,
N=C=CN=C=N,6,0,,0,
N=C=CN=C=O,6,0,,0,
N=C=CN=CN,6,0,,0,
N=C=CN=CO,6,0,,0,
N=C=CN=NN,6,0,,0,
N=C=CN=NO,6,0,,0,
N=C=CNC=N,6,0,,0,
N=C=CNC=O,6,0,,0,
N=C=CNCN,6,0,,0,
N=C=CNCO,6,0,,0,
N=C=CNN=N,6,0,,0,
N=C=CNN=O,6,0,,0,
N=C=CNNN,6,0,,0,
N=C=CNNO,6,0,,0,
N=C=CNON,6,0,,0,
N=C=CNOO,6,0,,0,
N=C=COC=N,6,0,,0,
N=C=COC=O,6,0,,0,
N=C=COCN,6,0,,0,
N=C=COCO,6,0,,0,
N=C=CON=N,6,0,,0,
N=C=CON=O,6,0,,0,
N=C=CONN,6,0,,0,
N=C=CONO,6,0,,0,
N=C=COON,6,0,,0,
N=C=COOO,6,0,,0,
N=C=Cn1[nH][nH]1,6,0,,0,
N=C=Cn1[nH]o1,6,0,,0,
N=C=Cn1oo1,6,0,,0,
N=C=NC#CN,6,0,,0,
N=C=NC#CO,6,0,,0,
N=C=NC(=N)N,6,0,,0,
N=C=NC(=N)O,6,0,,0,
N=C=NC(=O)O,6,0,,0,
N=C=NC(N)=O,6,0,,0,
N=C=NC(N)N,6,0,,0,
N=C=NC(N)O,6,0,,0,
N=C=NC(O)O,6,0,,0,
N=C=NC1=C=C1,6,0,,0,
N=C=NC1=C=N1,6,0,,0,
N=C=NC1=CC1,6,0,,0,
N=C=NC1=CN1,6,0,,0,
N=C=NC1=CO1,6,0,,0,
N=C=NC1=NC1,6,0,,0,
N=C=NC1=NN1,6,0,,0,
N=C=NC1=NO1,6,0,,0,
N=C=NC1C#C1,6,0,,0,
N=C=NC1C=C1,6,0,,0,
N=C=NC1C=N1,6,0,,0,
N=C=NC1CC1,6,0,,0,
N=C=NC1CN1,6,0,,0,
N=C=NC1CO1,6,0,,0,
N=C=NC1N=N1,6,0,,0,
N=C=NC1NN1,6,0,,0,
N=C=NC1NO1,6,0,,0,
N=C=NC1OO1,6,0,,0,
N=C=NC=C=O,6,0,,0,
N=C=NC=CN,6,0,,0,
N=C=NC=CO,6,0,,0,
N=C=NC=NN,6,0,,0,
N=C=NC=NO,6,0,,0,
N=C=NCC=N,6,0,,0,
N=C=NCC=O,6,0,,0,
N=C=NCCN,6,0,,0,
N=C=NCCO,6,0,,0,
N=C=NCN=N,6,0,,0,
N=C=NCN=O,6,0,,0,
N=C=NCNN,6,0,,0,
N=C=NCNO,6,0,,0,
N=C=NCON,6,0,,0,
N=C=NCOO,6,0,,0,
N=C=NN(N)N,6,0,,0,
N=C=NN(N)O,6,0,,0,
N=C=NN(O)O,6,0,,0,
N=C=NN1C#C1,6,0,,0,
N=C=NN1C=C1,6,0,,0,
N=C=NN1C=N1,6,0,,0,
N=C=NN1CC1,6,0,,0,
N=C=NN1CN1,6,0,,0,
N=C=NN1CO1,6,0,,0,
N=C=NN1N=N1,6,0,,0,
N=C=NN=C=N,6,0,,0,
N=C=NN=C=O,6,0,,0,
N=C=NN=CN,6,0,,0,
N=C=NN=CO,6,0,,0,
N=C=NN=NN,6,0,,0,
N=C=NN=NO,6,0,,0,
N=C=NNC=N,6,0,,0,
N=C=NNC=O,6,0,,0,
N=C=NNCN,6,0,,0,
N=C=NNCO,6,0,,0,
N=C=NNN=N,6,0,,0,
N=C=NNN=O,6,0,,0,
N=C=NNNN,6,0,,0,
N=C=NNNO,6,0,,0,
N=C=NNON,6,0,,0,
N=C=NNOO,6,0,,0,
N=C=NOC=N,6,0,,0,
N=C=NOC=O,6,0,,0,
N=C=NOCN,6,0,,0,
N=C=NOCO,6,0,,0,
N=C=NON=N,6,0,,0,
N=C=NON=O,6,0,,0,
N=C=NONN,6,0,,0,
N=C=NONO,6,0,,0,
N=C=NOON,6,0,,0,
N=C=NOOO,6,0,,0,
N=C=Nn1[nH][nH]1,6,0,,0,
N=C=Nn1[nH]o1,6,0,,0,
N=C=Nn1oo1,6,0,,0,
N=CC#CC=N,6,0,,0,
N=CC#CC=O,6,0,,0,
N=CC#CCN,6,0,,0,
N=CC#CCO,6,0,,0,
N=CC#CN=N,6,0,,0,
N=CC#CN=O,6,0,,0,
N=CC#CNN,6,0,,0,
N=CC#CNO,6,0,,0,
N=CC#CON,6,0,,0,
N=CC#COO,6,0,,0,
N=CC(=N)C=N,6,0,,0,
N=CC(=N)C=O,6,0,,0,
N=CC(=N)CN,6,0,,0,
N=CC(=N)CO,6,0,,0,
N=CC(=N)N=N,6,0,,0,
N=CC(=N)N=O,6,0,,0,
N=CC(=N)NN,6,0,,0,
N=CC(=N)NO,6,0,,0,
N=CC(=N)ON,6,0,,0,
N=CC(=N)OO,6,0,,0,
N=CC(=O)C=N,6,0,,0,
N=CC(=O)C=O,6,0,,0,
N=CC(=O)CN,6,0,,0,
N=CC(=O)CO,6,0,,0,
N=CC(=O)N=N,6,0,,0,
N=CC(=O)N=O,6,0,,0,
N=CC(=O)NN,6,0,,0,
N=CC(=O)NO,6,0,,0,
N=CC(=O)ON,6,0,,0,
N=CC(=O)OO,6,0,,0,
N=CC(N)(N)N,6,0,,0,
N=CC(N)(N)O,6,0,,0,
N=CC(N)(O)O,6,0,,0,
N=CC(N)=C=O,6,0,,0,
N=CC(N)=CN,6,0,,0,
N=CC(N)=CO,6,0,,0,
N=CC(N)=NN,6,0,,0,
N=CC(N)=NO,6,0,,0,
N=CC(N)C=N,6,0,,0,
N=CC(N)C=O,6,0,,0,
N=CC(N)CN,6,0,,0,
N=CC(N)CO,6,0,,0,
N=CC(N)N=N,6,0,,0,
N=CC(N)N=O,6,0,,0,
N=CC(N)NN,6,0,,0,
N=CC(N)NO,6,0,,0,
N=CC(N)ON,6,0,,0,
N=CC(N)OO,6,0,,0,
N=CC(O)(O)O,6,0,,0,
N=CC(O)=C=O,6,0,,0,
N=CC(O)=CN,6,0,,0,
N=CC(O)=CO,6,0,,0,
N=CC(O)=NN,6,0,,0,
N=CC(O)=NO,6,0,,0,
N=CC(O)C=N,6,0,,0,
N=CC(O)C=O,6,0,,0,
N=CC(O)CN,6,0,,0,
N=CC(O)CO,6,0,,0,
N=CC(O)N=N,6,0,,0,
N=CC(O)N=O,6,0,,0,
N=CC(O)NN,6,0,,0,
N=CC(O)NO,6,0,,0,
N=CC(O)ON,6,0,,0,
N=CC(O)OO,6,0,,0,
N=CC1(N)C#C1,6,0,,0,
N=CC1(N)C=C1,6,0,,0,
N=CC1(N)C=N1,6,0,,0,
N=CC1(N)CC1,6,0,,0,
N=CC1(N)CN1,6,0,,0,
N=CC1(N)CO1,6,0,,0,
N=CC1(N)N=N1,6,0,,0,
N=CC1(N)NN1,6,0,,0,
N=CC1(N)NO1,6,0,,0,
N=CC1(N)OO1,6,0,,0,
N=CC1(O)C#C1,6,0,,0,
N=CC1(O)C=C1,6,0,,0,
N=CC1(O)C=N1,6,0,,0,
N=CC1(O)CC1,6,0,,0,
N=CC1(O)CN1,6,0,,0,
N=CC1(O)CO1,6,0,,0,
N=CC1(O)N=N1,6,0,,0,
N=CC1(O)NN1,6,0,,0,
N=CC1(O)NO1,6,0,,0,
N=CC1(O)OO1,6,0,,0,
N=CC12C3=C1C32,6,0,,0,
N=CC12C3=C1N32,6,0,,0,
N=CC12C3C1C32,6,0,,0,
N=CC12C3C1N32,6,0,,0,
N=CC12C3N1N32,6,0,,0,
N=CC12C=C1C2,6,0,,0,
N=CC12C=C1N2,6,0,,0,
N=CC12C=C1O2,6,0,,0,
N=CC12CC1=N2,6,0,,0,
N=CC12CC1C2,6,0,,0,
N=CC12CC1N2,6,0,,0,
N=CC12CC1O2,6,0,,0,
N=CC12CN1C2,6,0,,0,
N=CC12CN1N2,6,0,,0,
N=CC12CN1O2,6,0,,0,
N=CC12N=C1N2,6,0,,0,
N=CC12N=C1O2,6,0,,0,
N=CC12NC1N2,6,0,,0,
N=CC12NC1O2,6,0,,0,
N=CC12NN1N2,6,0,,0,
N=CC12NN1O2,6,0,,0,
N=CC12OC1O2,6,0,,0,
N=CC12ON1O2,6,0,,0,
N=CC12n3n1n32,6,0,,0,
N=CC1=C(N)C1,6,0,,0,
N=CC1=C(N)N1,6,0,,0,
N=CC1=C(N)O1,6,0,,0,
N=CC1=C(O)C1,6,0,,0,
N=CC1=C(O)N1,6,0,,0,
N=CC1=C(O)O1,6,0,,0,
N=CC1=C2C=C12,6,0,,0,
N=CC1=C2CC12,6,0,,0,
N=CC1=C2CN12,6,0,,0,
N=CC1=C2N=C12,6,0,,0,
N=CC1=C2NC12,6,0,,0,
N=CC1=C2OC12,6,0,,0,
N=CC1=C=C1N,6,0,,0,
N=CC1=C=C1O,6,0,,0,
N=CC1=C=C=C1,6,0,,0,
N=CC1=C=C=N1,6,0,,0,
N=CC1=C=CC1,6,0,,0,
N=CC1=C=CN1,6,0,,0,
N=CC1=C=CO1,6,0,,0,
N=CC1=C=NC1,6,0,,0,
N=CC1=C=NN1,6,0,,0,
N=CC1=C=NO1,6,0,,0,
N=CC1=CC#C1,6,0,,0,
N=CC1=CC1N,6,0,,0,
N=CC1=CC1O,6,0,,0,
N=CC1=CC=C1,6,0,,0,
N=CC1=CC=N1,6,0,,0,
N=CC1=CCC1,6,0,,0,
N=CC1=CCN1,6,0,,0,
N=CC1=CCO1,6,0,,0,
N=CC1=CN1N,6,0,,0,
N=CC1=CN1O,6,0,,0,
N=CC1=CN=C1,6,0,,0,
N=CC1=CN=N1,6,0,,0,
N=CC1=CNC1,6,0,,0,
N=CC1=COC1,6,0,,0,
N=CC1=NC#C1,6,0,,0,
N=CC1=NC1N,6,0,,0,
N=CC1=NC1O,6,0,,0,
N=CC1=NC=C1,6,0,,0,
N=CC1=NC=N1,6,0,,0,
N=CC1=NCC1,6,0,,0,
N=CC1=NCN1,6,0,,0,
N=CC1=NCO1,6,0,,0,
N=CC1=NN1N,6,0,,0,
N=CC1=NN1O,6,0,,0,
N=CC1=NN=C1,6,0,,0,
N=CC1=NN=N1,6,0,,0,
N=CC1=NNC1,6,0,,0,
N=CC1=NOC1,6,0,,0,
N=CC1C#CC1,6,0,,0,
N=CC1C#CN1,6,0,,0,
N=CC1C#CO1,6,0,,0,
N=CC1C2=C1C2,6,0,,0,
N=CC1C2=C1N2,6,0,,0,
N=CC1C2=C1O2,6,0,,0,
N=CC1C2=C=C21,6,0,,0,
N=CC1C2=CC21,6,0,,0,
N=CC1C2=CN21,6,0,,0,
N=CC1C2=NC21,6,0,,0,
N=CC1C2=NN21,6,0,,0,
N=CC1C2CC12,6,0,,0,
N=CC1C2CN12,6,0,,0,
N=CC1C2NC12,6,0,,0,
N=CC1C2NN12,6,0,,0,
N=CC1C2OC12,6,0,,0,
N=CC1C2ON12,6,0,,0,
N=CC1C=C1N,6,0,,0,
N=CC1C=C1O,6,0,,0,
N=CC1C=C=C1,6,0,,0,
N=CC1C=C=N1,6,0,,0,
N=CC1C=CC1,6,0,,0,
N=CC1C=CN1,6,0,,0,
N=CC1C=CO1,6,0,,0,
N=CC1C=NC1,6,0,,0,
N=CC1C=NN1,6,0,,0,
N=CC1C=NO1,6,0,,0,
N=CC1CC1=N,6,0,,0,
N=CC1CC1=O,6,0,,0,
N=CC1CC1N,6,0,,0,
N=CC1CC1O,6,0,,0,
N=CC1CC=N1,6,0,,0,
N=CC1CCC1,6,0,,0,
N=CC1CCN1,6,0,,0,
N=CC1CCO1,6,0,,0,
N=CC1CN1N,6,0,,0,
N=CC1CN1O,6,0,,0,
N=CC1CN=N1,6,0,,0,
N=CC1CNC1,6,0,,0,
N=CC1CNN1,6,0,,0,
N=CC1CNO1,6,0,,0,
N=CC1COC1,6,0,,0,
N=CC1CON1,6,0,,0,
N=CC1COO1,6,0,,0,
N=CC1N2CN12,6,0,,0,
N=CC1N=C1N,6,0,,0,
N=CC1N=C1O,6,0,,0,
N=CC1N=C=N1,6,0,,0,
N=CC1N=CN1,6,0,,0,
N=CC1N=CO1,6,0,,0,
N=CC1N=NN1,6,0,,0,
N=CC1N=NO1,6,0,,0,
N=CC1NC1=N,6,0,,0,
N=CC1NC1=O,6,0,,0,
N=CC1NC1N,6,0,,0,
N=CC1NC1O,6,0,,0,
N=CC1NCN1,6,0,,0,
N=CC1NCO1,6,0,,0,
N=CC1NN1N,6,0,,0,
N=CC1NN1O,6,0,,0,
N=CC1NNN1,6,0,,0,
N=CC1NNO1,6,0,,0,
N=CC1NON1,6,0,,0,
N=CC1NOO1,6,0,,0,
N=CC1OC1=N,6,0,,0,
N=CC1OC1=O,6,0,,0,
N=CC1OC1N,6,0,,0,
N=CC1OC1O,6,0,,0,
N=CC1OCO1,6,0,,0,
N=CC1ON1N,6,0,,0,
N=CC1ON1O,6,0,,0,
N=CC1ONO1,6,0,,0,
N=CC1OOO1,6,0,,0,
N=CC1n2[nH]n21,6,0,,0,
N=CC1n2on21,6,0,,0,
N=CC=C(N)N,6,0,,0,
N=CC=C(N)O,6,0,,0,
N=CC=C(O)O,6,0,,0,
N=CC=C1C#C1,6,0,,0,
N=CC=C1C=C1,6,0,,0,
N=CC=C1C=N1,6,0,,0,
N=CC=C1CC1,6,0,,0,
N=CC=C1CN1,6,0,,0,
N=CC=C1CO1,6,0,,0,
N=CC=C1N=N1,6,0,,0,
N=CC=C1NN1,6,0,,0,
N=CC=C1NO1,6,0,,0,
N=CC=C1OO1,6,0,,0,
N=CC=C=C=O,6,0,,0,
N=CC=C=CN,6,0,,0,
N=CC=C=CO,6,0,,0,
N=CC=C=NN,6,0,,0,
N=CC=C=NO,6,0,,0,
N=CC=CC=N,6,0,,0,
N=CC=CC=O,6,0,,0,
N=CC=CCN,6,0,,0,
N=CC=CCO,6,0,,0,
N=CC=CN=N,6,0,,0,
N=CC=CN=O,6,0,,0,
N=CC=CNN,6,0,,0,
N=CC=CNO,6,0,,0,
N=CC=CON,6,0,,0,
N=CC=COO,6,0,,0,
N=CC=NC=N,6,0,,0,
N=CC=NC=O,6,0,,0,
N=CC=NCN,6,0,,0,
N=CC=NCO,6,0,,0,
N=CC=NN=N,6,0,,0,
N=CC=NN=O,6,0,,0,
N=CC=NNN,6,0,,0,
N=CC=NNO,6,0,,0,
N=CC=NON,6,0,,0,
N=CC=NOO,6,0,,0,
N=CCC#CN,6,0,,0,
N=CCC#CO,6,0,,0,
N=CCC(=N)N,6,0,,0,
N=CCC(=N)O,6,0,,0,
N=CCC(=O)O,6,0,,0,
N=CCC(N)=O,6,0,,0,
N=CCC(N)N,6,0,,0,
N=CCC(N)O,6,0,,0,
N=CCC(O)O,6,0,,0,
N=CCC1=C=C1,6,0,,0,
N=CCC1=C=N1,6,0,,0,
N=CCC1=CC1,6,0,,0,
N=CCC1=CN1,6,0,,0,
N=CCC1=CO1,6,0,,0,
N=CCC1=NC1,6,0,,0,
N=CCC1=NN1,6,0,,0,
N=CCC1=NO1,6,0,,0,
N=CCC1C#C1,6,0,,0,
N=CCC1C=C1,6,0,,0,
N=CCC1C=N1,6,0,,0,
N=CCC1CC1,6,0,,0,
N=CCC1CN1,6,0,,0,
N=CCC1CO1,6,0,,0,
N=CCC1N=N1,6,0,,0,
N=CCC1NN1,6,0,,0,
N=CCC1NO1,6,0,,0,
N=CCC1OO1,6,0,,0,
N=CCC=C=O,6,0,,0,
N=CCC=CN,6,0,,0,
N=CCC=CO,6,0,,0,
N=CCC=NN,6,0,,0,
N=CCC=NO,6,0,,0,
N=CCCC=N,6,0,,0,
N=CCCC=O,6,0,,0,
N=CCCCN,6,0,,0,
N=CCCCO,6,0,,0,
N=CCCN=N,6,0,,0,
N=CCCN=O,6,0,,0,
N=CCCNN,6,0,,0,
N=CCCNO,6,0,,0,
N=CCCON,6,0,,0,
N=CCCOO,6,0,,0,
N=CCN(N)N,6,0,,0,
N=CCN(N)O,6,0,,0,
N=CCN(O)O,6,0,,0,
N=CCN1C#C1,6,0,,0,
N=CCN1C=C1,6,0,,0,
N=CCN1C=N1,6,0,,0,
N=CCN1CC1,6,0,,0,
N=CCN1CN1,6,0,,0,
N=CCN1CO1,6,0,,0,
N=CCN1N=N1,6,0,,0,
N=CCN=C=O,6,0,,0,
N=CCN=CN,6,0,,0,
N=CCN=CO,6,0,,0,
N=CCN=NN,6,0,,0,
N=CCN=NO,6,0,,0,
N=CCNC=N,6,0,,0,
N=CCNC=O,6,0,,0,
N=CCNCN,6,0,,0,
N=CCNCO,6,0,,0,
N=CCNN=N,6,0,,0,
N=CCNN=O,6,0,,0,
N=CCNNN,6,0,,0,
N=CCNNO,6,0,,0,
N=CCNON,6,0,,0,
N=CCNOO,6,0,,0,
N=CCOC=N,6,0,,0,
N=CCOC=O,6,0,,0,
N=CCOCN,6,0,,0,
N=CCOCO,6,0,,0,
N=CCON=N,6,0,,0,
N=CCON=O,6,0,,0,
N=CCONN,6,0,,0,
N=CCONO,6,0,,0,
N=CCOON,6,0,,0,
N=CCOOO,6,0,,0,
N=CCn1[nH][nH]1,6,0,,0,
N=CCn1[nH]o1,6,0,,0,
N=CCn1oo1,6,0,,0,
N=CN(N)C=N,6,0,,0,
N=CN(N)C=O,6,0,,0,
N=CN(N)CN,6,0,,0,
N=CN(N)CO,6,0,,0,
N=CN(N)N=N,6,0,,0,
N=CN(N)N=O,6,0,,0,
N=CN(N)NN,6,0,,0,
N=CN(N)NO,6,0,,0,
N=CN(N)ON,6,0,,0,
N=CN(N)OO,6,0,,0,
N=CN(O)C=N,6,0,,0,
N=CN(O)C=O,6,0,,0,
N=CN(O)CN,6,0,,0,
N=CN(O)CO,6,0,,0,
N=CN(O)N=N,6,0,,0,
N=CN(O)N=O,6,0,,0,
N=CN(O)NN,6,0,,0,
N=CN(O)NO,6,0,,0,
N=CN(O)ON,6,0,,0,
N=CN(O)OO,6,0,,0,
N=CN1C#CC1,6,0,,0,
N=CN1C2=C1C2,6,0,,0,
N=CN1C2=C=C21,6,0,,0,
N=CN1C2=CC21,6,0,,0,
N=CN1C2=NC21,6,0,,0,
N=CN1C2CC21,6,0,,0,
N=CN1C2CN21,6,0,,0,
N=CN1C2NC21,6,0,,0,
N=CN1C2NN21,6,0,,0,
N=CN1C2OC21,6,0,,0,
N=CN1C2ON21,6,0,,0,
N=CN1C=C1N,6,0,,0,
N=CN1C=C1O,6,0,,0,
N=CN1C=C=C1,6,0,,0,
N=CN1C=C=N1,6,0,,0,
N=CN1C=CC1,6,0,,0,
N=CN1C=NC1,6,0,,0,
N=CN1CC1=N,6,0,,0,
N=CN1CC1=O,6,0,,0,
N=CN1CC1N,6,0,,0,
N=CN1CC1O,6,0,,0,
N=CN1CC=N1,6,0,,0,
N=CN1CCC1,6,0,,0,
N=CN1CCN1,6,0,,0,
N=CN1CCO1,6,0,,0,
N=CN1CN1N,6,0,,0,
N=CN1CN1O,6,0,,0,
N=CN1CN=N1,6,0,,0,
N=CN1CNC1,6,0,,0,
N=CN1CNN1,6,0,,0,
N=CN1CNO1,6,0,,0,
N=CN1COC1,6,0,,0,
N=CN1CON1,6,0,,0,
N=CN1COO1,6,0,,0,
N=CN1N=C1N,6,0,,0,
N=CN1N=C1O,6,0,,0,
N=CN1N=C=N1,6,0,,0,
N=CN1NC1=N,6,0,,0,
N=CN1NC1=O,6,0,,0,
N=CN1NC1N,6,0,,0,
N=CN1NC1O,6,0,,0,
N=CN1NCN1,6,0,,0,
N=CN1NCO1,6,0,,0,
N=CN1NNN1,6,0,,0,
N=CN1NNO1,6,0,,0,
N=CN1NON1,6,0,,0,
N=CN1NOO1,6,0,,0,
N=CN1OC1=N,6,0,,0,
N=CN1OC1=O,6,0,,0,
N=CN1OC1N,6,0,,0,
N=CN1OC1O,6,0,,0,
N=CN1OCO1,6,0,,0,
N=CN1ONO1,6,0,,0,
N=CN1OOO1,6,0,,0,
N=CN=C(N)N,6,0,,0,
N=CN=C(N)O,6,0,,0,
N=CN=C(O)O,6,0,,0,
N=CN=C1CC1,6,0,,0,
N=CN=C1CN1,6,0,,0,
N=CN=C1CO1,6,0,,0,
N=CN=C1NN1,6,0,,0,
N=CN=C1NO1,6,0,,0,
N=CN=C1OO1,6,0,,0,
N=CN=C=C=O,6,0,,0,
N=CN=C=CN,6,0,,0,
N=CN=C=CO,6,0,,0,
N=CN=C=NN,6,0,,0,
N=CN=C=NO,6,0,,0,
N=CN=CC=O,6,0,,0,
N=CN=CCN,6,0,,0,
N=CN=CCO,6,0,,0,
N=CN=CN=N,6,0,,0,
N=CN=CN=O,6,0,,0,
N=CN=CNN,6,0,,0,
N=CN=CNO,6,0,,0,
N=CN=CON,6,0,,0,
N=CN=COO,6,0,,0,
N=CN=NC=N,6,0,,0,
N=CN=NC=O,6,0,,0,
N=CN=NCN,6,0,,0,
N=CN=NCO,6,0,,0,
N=CN=NN=N,6,0,,0,
N=CN=NN=O,6,0,,0,
N=CN=NNN,6,0,,0,
N=CN=NNO,6,0,,0,
N=CN=NON,6,0,,0,
N=CN=NOO,6,0,,0,
N=CN=c1c#c1,6,0,,0,
N=CN=c1cc1,6,0,,0,
N=CN=c1cn1,6,0,,0,
N=CN=c1nn1,6,0,,0,
N=CNC#CN,6,0,,0,
N=CNC#CO,6,0,,0,
N=CNC(=N)N,6,0,,0,
N=CNC(=N)O,6,0,,0,
N=CNC(=O)O,6,0,,0,
N=CNC(N)=O,6,0,,0,
N=CNC(N)N,6,0,,0,
N=CNC(N)O,6,0,,0,
N=CNC(O)O,6,0,,0,
N=CNC1=C=C1,6,0,,0,
N=CNC1=C=N1,6,0,,0,
N=CNC1=CC1,6,0,,0,
N=CNC1=CN1,6,0,,0,
N=CNC1=CO1,6,0,,0,
N=CNC1=NC1,6,0,,0,
N=CNC1=NN1,6,0,,0,
N=CNC1=NO1,6,0,,0,
N=CNC1C#C1,6,0,,0,
N=CNC1C=C1,6,0,,0,
N=CNC1C=N1,6,0,,0,
N=CNC1CC1,6,0,,0,
N=CNC1CN1,6,0,,0,
N=CNC1CO1,6,0,,0,
N=CNC1N=N1,6,0,,0,
N=CNC1NN1,6,0,,0,
N=CNC1NO1,6,0,,0,
N=CNC1OO1,6,0,,0,
N=CNC=C=O,6,0,,0,
N=CNC=CN,6,0,,0,
N=CNC=CO,6,0,,0,
N=CNC=NN,6,0,,0,
N=CNC=NO,6,0,,0,
N=CNCC=O,6,0,,0,
N=CNCCN,6,0,,0,
N=CNCCO,6,0,,0,
N=CNCN=N,6,0,,0,
N=CNCN=O,6,0,,0,
N=CNCNN,6,0,,0,
N=CNCNO,6,0,,0,
N=CNCON,6,0,,0,
N=CNCOO,6,0,,0,
N=CNN(N)N,6,0,,0,
N=CNN(N)O,6,0,,0,
N=CNN(O)O,6,0,,0,
N=CNN1C#C1,6,0,,0,
N=CNN1C=C1,6,0,,0,
N=CNN1C=N1,6,0,,0,
N=CNN1CC1,6,0,,0,
N=CNN1CN1,6,0,,0,
N=CNN1CO1,6,0,,0,
N=CNN1N=N1,6,0,,0,
N=CNN=C=O,6,0,,0,
N=CNN=CN,6,0,,0,
N=CNN=CO,6,0,,0,
N=CNN=NN,6,0,,0,
N=CNN=NO,6,0,,0,
N=CNNC=N,6,0,,0,
N=CNNC=O,6,0,,0,
N=CNNCN,6,0,,0,
N=CNNCO,6,0,,0,
N=CNNN=N,6,0,,0,
N=CNNN=O,6,0,,0,
N=CNNNN,6,0,,0,
N=CNNNO,6,0,,0,
N=CNNON,6,0,,0,
N=CNNOO,6,0,,0,
N=CNOC=N,6,0,,0,
N=CNOC=O,6,0,,0,
N=CNOCN,6,0,,0,
N=CNOCO,6,0,,0,
N=CNON=N,6,0,,0,
N=CNON=O,6,0,,0,
N=CNONN,6,0,,0,
N=CNONO,6,0,,0,
N=CNOON,6,0,,0,
N=CNOOO,6,0,,0,
N=CNn1[nH][nH]1,6,0,,0,
N=CNn1[nH]o1,6,0,,0,
N=CNn1oo1,6,0,,0,
N=COC#CN,6,0,,0,
N=COC#CO,6,0,,0,
N=COC(=N)N,6,0,,0,
N=COC(=N)O,6,0,,0,
N=COC(=O)O,6,0,,0,
N=COC(N)=O,6,0,,0,
N=COC(N)N,6,0,,0,
N=COC(N)O,6,0,,0,
N=COC(O)O,6,0,,0,
N=COC1=C=C1,6,0,,0,
N=COC1=C=N1,6,0,,0,
N=COC1=CC1,6,0,,0,
N=COC1=CN1,6,0,,0,
N=COC1=CO1,6,0,,0,
N=COC1=NC1,6,0,,0,
N=COC1=NN1,6,0,,0,
N=COC1=NO1,6,0,,0,
N=COC1C#C1,6,0,,0,
N=COC1C=C1,6,0,,0,
N=COC1C=N1,6,0,,0,
N=COC1CC1,6,0,,0,
N=COC1CN1,6,0,,0,
N=COC1CO1,6,0,,0,
N=COC1N=N1,6,0,,0,
N=COC1NN1,6,0,,0,
N=COC1NO1,6,0,,0,
N=COC1OO1,6,0,,0,
N=COC=C=O,6,0,,0,
N=COC=CN,6,0,,0,
N=COC=CO,6,0,,0,
N=COC=NN,6,0,,0,
N=COC=NO,6,0,,0,
N=COCC=O,6,0,,0,
N=COCCN,6,0,,0,
N=COCCO,6,0,,0,
N=COCN=N,6,0,,0,
N=COCN=O,6,0,,0,
N=COCNN,6,0,,0,
N=COCNO,6,0,,0,
N=COCON,6,0,,0,
N=COCOO,6,0,,0,
N=CON(N)N,6,0,,0,
N=CON(N)O,6,0,,0,
N=CON(O)O,6,0,,0,
N=CON1C#C1,6,0,,0,
N=CON1C=C1,6,0,,0,
N=CON1C=N1,6,0,,0,
N=CON1CC1,6,0,,0,
N=CON1CN1,6,0,,0,
N=CON1CO1,6,0,,0,
N=CON1N=N1,6,0,,0,
N=CON=C=O,6,0,,0,
N=CON=CN,6,0,,0,
N=CON=CO,6,0,,0,
N=CON=NN,6,0,,0,
N=CON=NO,6,0,,0,
N=CONC=O,6,0,,0,
N=CONCN,6,0,,0,
N=CONCO,6,0,,0,
N=CONN=N,6,0,,0,
N=CONN=O,6,0,,0,
N=CONNN,6,0,,0,
N=CONNO,6,0,,0,
N=CONON,6,0,,0,
N=CONOO,6,0,,0,
N=COOC=N,6,0,,0,
N=COOC=O,6,0,,0,
N=COOCN,6,0,,0,
N=COOCO,6,0,,0,
N=COON=N,6,0,,0,
N=COON=O,6,0,,0,
N=COONN,6,0,,0,
N=COONO,6,0,,0,
N=COOON,6,0,,0,
N=COOOO,6,0,,0,
N=COn1[nH][nH]1,6,0,,0,
N=COn1[nH]o1,6,0,,0,
N=COn1oo1,6,0,,0,
N=Cc1c2[nH]n1-2,6,0,,0,
N=Cc1c2on1-2,6,0,,0,
N=Cc1c[nH][nH]1,6,0,,0,
N=Cc1c[nH]o1,6,0,,0,
N=Cc1cc1=N,6,0,,0,
N=Cc1cc1=O,6,0,,0,
N=Cc1co[nH]1,6,0,,0,
N=Cc1coo1,6,0,,0,
N=Cc1n[nH][nH]1,6,0,,0,
N=Cc1n[nH]o1,6,0,,0,
N=Cc1nc1=N,6,0,,0,
N=Cc1nc1=O,6,0,,0,
N=Cc1no[nH]1,6,0,,0,
N=Cc1noo1,6,0,,0,
N=Cn1[nH]n1N,6,0,,0,
N=Cn1[nH]n1O,6,0,,0,
N=Cn1c#c[nH]1,6,0,,0,
N=Cn1c#co1,6,0,,0,
N=Cn1c2[nH]c1=2,6,0,,0,
N=Cn1c2cn1-2,6,0,,0,
N=Cn1c2nn1-2,6,0,,0,
N=Cn1c2oc1=2,6,0,,0,
N=Cn1cc[nH]1,6,0,,0,
N=Cn1cco1,6,0,,0,
N=Cn1cn[nH]1,6,0,,0,
N=Cn1cno1,6,0,,0,
N=Cn1n2[nH]n12,6,0,,0,
N=Cn1n2n1C2,6,0,,0,
N=Cn1n2on12,6,0,,0,
N=Cn1nc[nH]1,6,0,,0,
N=Cn1nco1,6,0,,0,
N=Cn1nn[nH]1,6,0,,0,
N=Cn1nno1,6,0,,0,
N=Cn1on1N,6,0,,0,
N=Cn1on1O,6,0,,0,
N=NC#CC=O,6,0,,0,
N=NC#CCN,6,0,,0,
N=NC#CCO,6,0,,0,
N=NC#CN=N,6,0,,0,
N=NC#CN=O,6,0,,0,
N=NC#CNN,6,0,,0,
N=NC#CNO,6,0,,0,
N=NC#CON,6,0,,0,
N=NC#COO,6,0,,0,
N=NC(=N)C=O,6,0,,0,
N=NC(=N)CN,6,0,,0,
N=NC(=N)CO,6,0,,0,
N=NC(=N)N=N,6,0,,0,
N=NC(=N)N=O,6,0,,0,
N=NC(=N)NN,6,0,,0,
N=NC(=N)NO,6,0,,0,
N=NC(=N)ON,6,0,,0,
N=NC(=N)OO,6,0,,0,
N=NC(=O)C=O,6,0,,0,
N=NC(=O)CN,6,0,,0,
N=NC(=O)CO,6,0,,0,
N=NC(=O)N=N,6,0,,0,
N=NC(=O)N=O,6,0,,0,
N=NC(=O)NN,6,0,,0,
N=NC(=O)NO,6,0,,0,
N=NC(=O)ON,6,0,,0,
N=NC(=O)OO,6,0,,0,
N=NC(N)(N)N,6,0,,0,
N=NC(N)(N)O,6,0,,0,
N=NC(N)(O)O,6,0,,0,
N=NC(N)=C=O,6,0,,0,
N=NC(N)=CN,6,0,,0,
N=NC(N)=CO,6,0,,0,
N=NC(N)=NN,6,0,,0,
N=NC(N)=NO,6,0,,0,
N=NC(N)C=O,6,0,,0,
N=NC(N)CN,6,0,,0,
N=NC(N)CO,6,0,,0,
N=NC(N)N=N,6,0,,0,
N=NC(N)N=O,6,0,,0,
N=NC(N)NN,6,0,,0,
N=NC(N)NO,6,0,,0,
N=NC(N)ON,6,0,,0,
N=NC(N)OO,6,0,,0,
N=NC(O)(O)O,6,0,,0,
N=NC(O)=C=O,6,0,,0,
N=NC(O)=CN,6,0,,0,
N=NC(O)=CO,6,0,,0,
N=NC(O)=NN,6,0,,0,
N=NC(O)=NO,6,0,,0,
N=NC(O)C=O,6,0,,0,
N=NC(O)CN,6,0,,0,
N=NC(O)CO,6,0,,0,
N=NC(O)N=N,6,0,,0,
N=NC(O)N=O,6,0,,0,
N=NC(O)NN,6,0,,0,
N=NC(O)NO,6,0,,0,
N=NC(O)ON,6,0,,0,
N=NC(O)OO,6,0,,0,
N=NC1(N)C#C1,6,0,,0,
N=NC1(N)C=C1,6,0,,0,
N=NC1(N)C=N1,6,0,,0,
N=NC1(N)CC1,6,0,,0,
N=NC1(N)CN1,6,0,,0,
N=NC1(N)CO1,6,0,,0,
N=NC1(N)N=N1,6,0,,0,
N=NC1(N)NN1,6,0,,0,
N=NC1(N)NO1,6,0,,0,
N=NC1(N)OO1,6,0,,0,
N=NC1(O)C#C1,6,0,,0,
N=NC1(O)C=C1,6,0,,0,
N=NC1(O)C=N1,6,0,,0,
N=NC1(O)CC1,6,0,,0,
N=NC1(O)CN1,6,0,,0,
N=NC1(O)CO1,6,0,,0,
N=NC1(O)N=N1,6,0,,0,
N=NC1(O)NN1,6,0,,0,
N=NC1(O)NO1,6,0,,0,
N=NC1(O)OO1,6,0,,0,
N=NC12C3=C1C32,6,0,,0,
N=NC12C3=C1N32,6,0,,0,
N=NC12C3C1C32,6,0,,0,
N=NC12C3C1N32,6,0,,0,
N=NC12C3N1N32,6,0,,0,
N=NC12C=C1C2,6,0,,0,
N=NC12C=C1N2,6,0,,0,
N=NC12C=C1O2,6,0,,0,
N=NC12CC1=N2,6,0,,0,
N=NC12CC1C2,6,0,,0,
N=NC12CC1N2,6,0,,0,
N=NC12CC1O2,6,0,,0,
N=NC12CN1C2,6,0,,0,
N=NC12CN1N2,6,0,,0,
N=NC12CN1O2,6,0,,0,
N=NC12N=C1N2,6,0,,0,
N=NC12N=C1O2,6,0,,0,
N=NC12NC1N2,6,0,,0,
N=NC12NC1O2,6,0,,0,
N=NC12NN1N2,6,0,,0,
N=NC12NN1O2,6,0,,0,
N=NC12OC1O2,6,0,,0,
N=NC12ON1O2,6,0,,0,
N=NC12n3n1n32,6,0,,0,
N=NC1=C(N)C1,6,0,,0,
N=NC1=C(N)N1,6,0,,0,
N=NC1=C(N)O1,6,0,,0,
N=NC1=C(O)C1,6,0,,0,
N=NC1=C(O)N1,6,0,,0,
N=NC1=C(O)O1,6,0,,0,
N=NC1=C2C=C21,6,0,,0,
N=NC1=C2CC21,6,0,,0,
N=NC1=C2CN21,6,0,,0,
N=NC1=C2N=C12,6,0,,0,
N=NC1=C2NC12,6,0,,0,
N=NC1=C2OC12,6,0,,0,
N=NC1=C=C1N,6,0,,0,
N=NC1=C=C1O,6,0,,0,
N=NC1=C=C=C1,6,0,,0,
N=NC1=C=C=N1,6,0,,0,
N=NC1=C=CC1,6,0,,0,
N=NC1=C=CN1,6,0,,0,
N=NC1=C=CO1,6,0,,0,
N=NC1=C=NC1,6,0,,0,
N=NC1=C=NN1,6,0,,0,
N=NC1=C=NO1,6,0,,0,
N=NC1=CC#C1,6,0,,0,
N=NC1=CC1N,6,0,,0,
N=NC1=CC1O,6,0,,0,
N=NC1=CC=C1,6,0,,0,
N=NC1=CC=N1,6,0,,0,
N=NC1=CCC1,6,0,,0,
N=NC1=CCN1,6,0,,0,
N=NC1=CCO1,6,0,,0,
N=NC1=CN1N,6,0,,0,
N=NC1=CN1O,6,0,,0,
N=NC1=CN=C1,6,0,,0,
N=NC1=CN=N1,6,0,,0,
N=NC1=CNC1,6,0,,0,
N=NC1=COC1,6,0,,0,
N=NC1=NC#C1,6,0,,0,
N=NC1=NC1N,6,0,,0,
N=NC1=NC1O,6,0,,0,
N=NC1=NC=C1,6,0,,0,
N=NC1=NC=N1,6,0,,0,
N=NC1=NCC1,6,0,,0,
N=NC1=NCN1,6,0,,0,
N=NC1=NCO1,6,0,,0,
N=NC1=NN1N,6,0,,0,
N=NC1=NN1O,6,0,,0,
N=NC1=NN=C1,6,0,,0,
N=NC1=NN=N1,6,0,,0,
N=NC1=NNC1,6,0,,0,
N=NC1=NOC1,6,0,,0,
N=NC1C#CC1,6,0,,0,
N=NC1C#CN1,6,0,,0,
N=NC1C#CO1,6,0,,0,
N=NC1C2=C1C2,6,0,,0,
N=NC1C2=C1N2,6,0,,0,
N=NC1C2=C1O2,6,0,,0,
N=NC1C2=C=C21,6,0,,0,
N=NC1C2=CC21,6,0,,0,
N=NC1C2=CN21,6,0,,0,
N=NC1C2=NC21,6,0,,0,
N=NC1C2=NN21,6,0,,0,
N=NC1C2CC21,6,0,,0,
N=NC1C2CN21,6,0,,0,
N=NC1C2NC12,6,0,,0,
N=NC1C2NN12,6,0,,0,
N=NC1C2OC12,6,0,,0,
N=NC1C2ON12,6,0,,0,
N=NC1C=C1N,6,0,,0,
N=NC1C=C1O,6,0,,0,
N=NC1C=C=C1,6,0,,0,
N=NC1C=C=N1,6,0,,0,
N=NC1C=CC1,6,0,,0,
N=NC1C=CN1,6,0,,0,
N=NC1C=CO1,6,0,,0,
N=NC1C=NC1,6,0,,0,
N=NC1C=NN1,6,0,,0,
N=NC1C=NO1,6,0,,0,
N=NC1CC1=N,6,0,,0,
N=NC1CC1=O,6,0,,0,
N=NC1CC1N,6,0,,0,
N=NC1CC1O,6,0,,0,
N=NC1CC=N1,6,0,,0,
N=NC1CCC1,6,0,,0,
N=NC1CCN1,6,0,,0,
N=NC1CCO1,6,0,,0,
N=NC1CN1N,6,0,,0,
N=NC1CN1O,6,0,,0,
N=NC1CN=N1,6,0,,0,
N=NC1CNC1,6,0,,0,
N=NC1CNN1,6,0,,0,
N=NC1CNO1,6,0,,0,
N=NC1COC1,6,0,,0,
N=NC1CON1,6,0,,0,
N=NC1COO1,6,0,,0,
N=NC1N2CN12,6,0,,0,
N=NC1N=C1N,6,0,,0,
N=NC1N=C1O,6,0,,0,
N=NC1N=C=N1,6,0,,0,
N=NC1N=CN1,6,0,,0,
N=NC1N=CO1,6,0,,0,
N=NC1N=NN1,6,0,,0,
N=NC1N=NO1,6,0,,0,
N=NC1NC1=N,6,0,,0,
N=NC1NC1=O,6,0,,0,
N=NC1NC1N,6,0,,0,
N=NC1NC1O,6,0,,0,
N=NC1NCN1,6,0,,0,
N=NC1NCO1,6,0,,0,
N=NC1NN1N,6,0,,0,
N=NC1NN1O,6,0,,0,
N=NC1NNN1,6,0,,0,
N=NC1NNO1,6,0,,0,
N=NC1NON1,6,0,,0,
N=NC1NOO1,6,0,,0,
N=NC1OC1=N,6,0,,0,
N=NC1OC1=O,6,0,,0,
N=NC1OC1N,6,0,,0,
N=NC1OC1O,6,0,,0,
N=NC1OCO1,6,0,,0,
N=NC1ON1N,6,0,,0,
N=NC1ON1O,6,0,,0,
N=NC1ONO1,6,0,,0,
N=NC1OOO1,6,0,,0,
N=NC1n2[nH]n21,6,0,,0,
N=NC1n2on21,6,0,,0,
N=NC=C(N)N,6,0,,0,
N=NC=C(N)O,6,0,,0,
N=NC=C(O)O,6,0,,0,
N=NC=C1C#C1,6,0,,0,
N=NC=C1C=C1,6,0,,0,
N=NC=C1C=N1,6,0,,0,
N=NC=C1CC1,6,0,,0,
N=NC=C1CN1,6,0,,0,
N=NC=C1CO1,6,0,,0,
N=NC=C1N=N1,6,0,,0,
N=NC=C1NN1,6,0,,0,
N=NC=C1NO1,6,0,,0,
N=NC=C1OO1,6,0,,0,
N=NC=C=C=O,6,0,,0,
N=NC=C=CN,6,0,,0,
N=NC=C=CO,6,0,,0,
N=NC=C=NN,6,0,,0,
N=NC=C=NO,6,0,,0,
N=NC=CC=O,6,0,,0,
N=NC=CCN,6,0,,0,
N=NC=CCO,6,0,,0,
N=NC=CN=N,6,0,,0,
N=NC=CN=O,6,0,,0,
N=NC=CNN,6,0,,0,
N=NC=CNO,6,0,,0,
N=NC=CON,6,0,,0,
N=NC=COO,6,0,,0,
N=NC=NC=O,6,0,,0,
N=NC=NCN,6,0,,0,
N=NC=NCO,6,0,,0,
N=NC=NN=N,6,0,,0,
N=NC=NN=O,6,0,,0,
N=NC=NNN,6,0,,0,
N=NC=NNO,6,0,,0,
N=NC=NON,6,0,,0,
N=NC=NOO,6,0,,0,
N=NCC#CN,6,0,,0,
N=NCC#CO,6,0,,0,
N=NCC(=N)N,6,0,,0,
N=NCC(=N)O,6,0,,0,
N=NCC(=O)O,6,0,,0,
N=NCC(N)=O,6,0,,0,
N=NCC(N)N,6,0,,0,
N=NCC(N)O,6,0,,0,
N=NCC(O)O,6,0,,0,
N=NCC1=C=C1,6,0,,0,
N=NCC1=C=N1,6,0,,0,
N=NCC1=CC1,6,0,,0,
N=NCC1=CN1,6,0,,0,
N=NCC1=CO1,6,0,,0,
N=NCC1=NC1,6,0,,0,
N=NCC1=NN1,6,0,,0,
N=NCC1=NO1,6,0,,0,
N=NCC1C#C1,6,0,,0,
N=NCC1C=C1,6,0,,0,
N=NCC1C=N1,6,0,,0,
N=NCC1CC1,6,0,,0,
N=NCC1CN1,6,0,,0,
N=NCC1CO1,6,0,,0,
N=NCC1N=N1,6,0,,0,
N=NCC1NN1,6,0,,0,
N=NCC1NO1,6,0,,0,
N=NCC1OO1,6,0,,0,
N=NCC=C=O,6,0,,0,
N=NCC=CN,6,0,,0,
N=NCC=CO,6,0,,0,
N=NCC=NN,6,0,,0,
N=NCC=NO,6,0,,0,
N=NCCC=O,6,0,,0,
N=NCCCN,6,0,,0,
N=NCCCO,6,0,,0,
N=NCCN=N,6,0,,0,
N=NCCN=O,6,0,,0,
N=NCCNN,6,0,,0,
N=NCCNO,6,0,,0,
N=NCCON,6,0,,0,
N=NCCOO,6,0,,0,
N=NCN(N)N,6,0,,0,
N=NCN(N)O,6,0,,0,
N=NCN(O)O,6,0,,0,
N=NCN1C#C1,6,0,,0,
N=NCN1C=C1,6,0,,0,
N=NCN1C=N1,6,0,,0,
N=NCN1CC1,6,0,,0,
N=NCN1CN1,6,0,,0,
N=NCN1CO1,6,0,,0,
N=NCN1N=N1,6,0,,0,
N=NCN=C=O,6,0,,0,
N=NCN=CN,6,0,,0,
N=NCN=CO,6,0,,0,
N=NCN=NN,6,0,,0,
N=NCN=NO,6,0,,0,
N=NCNC=O,6,0,,0,
N=NCNCN,6,0,,0,
N=NCNCO,6,0,,0,
N=NCNN=N,6,0,,0,
N=NCNN=O,6,0,,0,
N=NCNNN,6,0,,0,
N=NCNNO,6,0,,0,
N=NCNON,6,0,,0,
N=NCNOO,6,0,,0,
N=NCOC=O,6,0,,0,
N=NCOCN,6,0,,0,
N=NCOCO,6,0,,0,
N=NCON=N,6,0,,0,
N=NCON=O,6,0,,0,
N=NCONN,6,0,,0,
N=NCONO,6,0,,0,
N=NCOON,6,0,,0,
N=NCOOO,6,0,,0,
N=NCn1[nH][nH]1,6,0,,0,
N=NCn1[nH]o1,6,0,,0,
N=NCn1oo1,6,0,,0,
N=NN(N)C=O,6,0,,0,
N=NN(N)CN,6,0,,0,
N=NN(N)CO,6,0,,0,
N=NN(N)N=N,6,0,,0,
N=NN(N)N=O,6,0,,0,
N=NN(N)NN,6,0,,0,
N=NN(N)NO,6,0,,0,
N=NN(N)ON,6,0,,0,
N=NN(N)OO,6,0,,0,
N=NN(O)C=O,6,0,,0,
N=NN(O)CN,6,0,,0,
N=NN(O)CO,6,0,,0,
N=NN(O)N=N,6,0,,0,
N=NN(O)N=O,6,0,,0,
N=NN(O)NN,6,0,,0,
N=NN(O)NO,6,0,,0,
N=NN(O)ON,6,0,,0,
N=NN(O)OO,6,0,,0,
N=NN1C#CC1,6,0,,0,
N=NN1C2=C1C2,6,0,,0,
N=NN1C2=C=C21,6,0,,0,
N=NN1C2=CC21,6,0,,0,
N=NN1C2=NC21,6,0,,0,
N=NN1C2CC21,6,0,,0,
N=NN1C2CN21,6,0,,0,
N=NN1C2NC21,6,0,,0,
N=NN1C2NN21,6,0,,0,
N=NN1C2OC21,6,0,,0,
N=NN1C2ON21,6,0,,0,
N=NN1C=C1N,6,0,,0,
N=NN1C=C1O,6,0,,0,
N=NN1C=C=C1,6,0,,0,
N=NN1C=C=N1,6,0,,0,
N=NN1C=CC1,6,0,,0,
N=NN1C=NC1,6,0,,0,
N=NN1CC1=N,6,0,,0,
N=NN1CC1=O,6,0,,0,
N=NN1CC1N,6,0,,0,
N=NN1CC1O,6,0,,0,
N=NN1CC=N1,6,0,,0,
N=NN1CCC1,6,0,,0,
N=NN1CCN1,6,0,,0,
N=NN1CCO1,6,0,,0,
N=NN1CN1N,6,0,,0,
N=NN1CN1O,6,0,,0,
N=NN1CN=N1,6,0,,0,
N=NN1CNC1,6,0,,0,
N=NN1CNN1,6,0,,0,
N=NN1CNO1,6,0,,0,
N=NN1COC1,6,0,,0,
N=NN1CON1,6,0,,0,
N=NN1COO1,6,0,,0,
N=NN1N=C1N,6,0,,0,
N=NN1N=C1O,6,0,,0,
N=NN1N=C=N1,6,0,,0,
N=NN1NC1=N,6,0,,0,
N=NN1NC1=O,6,0,,0,
N=NN1NC1N,6,0,,0,
N=NN1NC1O,6,0,,0,
N=NN1NCN1,6,0,,0,
N=NN1NCO1,6,0,,0,
N=NN1NNN1,6,0,,0,
N=NN1NNO1,6,0,,0,
N=NN1NON1,6,0,,0,
N=NN1NOO1,6,0,,0,
N=NN1OC1=N,6,0,,0,
N=NN1OC1=O,6,0,,0,
N=NN1OC1N,6,0,,0,
N=NN1OC1O,6,0,,0,
N=NN1OCO1,6,0,,0,
N=NN1ONO1,6,0,,0,
N=NN1OOO1,6,0,,0,
N=NN=C(N)N,6,0,,0,
N=NN=C(N)O,6,0,,0,
N=NN=C(O)O,6,0,,0,
N=NN=C1CC1,6,0,,0,
N=NN=C1CN1,6,0,,0,
N=NN=C1CO1,6,0,,0,
N=NN=C1NN1,6,0,,0,
N=NN=C1NO1,6,0,,0,
N=NN=C1OO1,6,0,,0,
N=NN=C=C=O,6,0,,0,
N=NN=C=CN,6,0,,0,
N=NN=C=CO,6,0,,0,
N=NN=C=NN,6,0,,0,
N=NN=C=NO,6,0,,0,
N=NN=CC=O,6,0,,0,
N=NN=CCN,6,0,,0,
N=NN=CCO,6,0,,0,
N=NN=CN=O,6,0,,0,
N=NN=CNN,6,0,,0,
N=NN=CNO,6,0,,0,
N=NN=CON,6,0,,0,
N=NN=COO,6,0,,0,
N=NN=NC=O,6,0,,0,
N=NN=NCN,6,0,,0,
N=NN=NCO,6,0,,0,
N=NN=NN=N,6,0,,0,
N=NN=NN=O,6,0,,0,
N=NN=NNN,6,0,,0,
N=NN=NNO,6,0,,0,
N=NN=NON,6,0,,0,
N=NN=NOO,6,0,,0,
N=NN=c1c#c1,6,0,,0,
N=NN=c1cc1,6,0,,0,
N=NN=c1cn1,6,0,,0,
N=NN=c1nn1,6,0,,0,
N=NNC#CN,6,0,,0,
N=NNC#CO,6,0,,0,
N=NNC(=N)N,6,0,,0,
N=NNC(=N)O,6,0,,0,
N=NNC(=O)O,6,0,,0,
N=NNC(N)=O,6,0,,0,
N=NNC(N)N,6,0,,0,
N=NNC(N)O,6,0,,0,
N=NNC(O)O,6,0,,0,
N=NNC1=C=C1,6,0,,0,
N=NNC1=C=N1,6,0,,0,
N=NNC1=CC1,6,0,,0,
N=NNC1=CN1,6,0,,0,
N=NNC1=CO1,6,0,,0,
N=NNC1=NC1,6,0,,0,
N=NNC1=NN1,6,0,,0,
N=NNC1=NO1,6,0,,0,
N=NNC1C#C1,6,0,,0,
N=NNC1C=C1,6,0,,0,
N=NNC1C=N1,6,0,,0,
N=NNC1CC1,6,0,,0,
N=NNC1CN1,6,0,,0,
N=NNC1CO1,6,0,,0,
N=NNC1N=N1,6,0,,0,
N=NNC1NN1,6,0,,0,
N=NNC1NO1,6,0,,0,
N=NNC1OO1,6,0,,0,
N=NNC=C=O,6,0,,0,
N=NNC=CN,6,0,,0,
N=NNC=CO,6,0,,0,
N=NNC=NN,6,0,,0,
N=NNC=NO,6,0,,0,
N=NNCC=O,6,0,,0,
N=NNCCN,6,0,,0,
N=NNCCO,6,0,,0,
N=NNCN=O,6,0,,0,
N=NNCNN,6,0,,0,
N=NNCNO,6,0,,0,
N=NNCON,6,0,,0,
N=NNCOO,6,0,,0,
N=NNN(N)N,6,0,,0,
N=NNN(N)O,6,0,,0,
N=NNN(O)O,6,0,,0,
N=NNN1C#C1,6,0,,0,
N=NNN1C=C1,6,0,,0,
N=NNN1C=N1,6,0,,0,
N=NNN1CC1,6,0,,0,
N=NNN1CN1,6,0,,0,
N=NNN1CO1,6,0,,0,
N=NNN1N=N1,6,0,,0,
N=NNN=C=O,6,0,,0,
N=NNN=CN,6,0,,0,
N=NNN=CO,6,0,,0,
N=NNN=NN,6,0,,0,
N=NNN=NO,6,0,,0,
N=NNNC=O,6,0,,0,
N=NNNCN,6,0,,0,
N=NNNCO,6,0,,0,
N=NNNN=N,6,0,,0,
N=NNNN=O,6,0,,0,
N=NNNNN,6,0,,0,
N=NNNNO,6,0,,0,
N=NNNON,6,0,,0,
N=NNNOO,6,0,,0,
N=NNOC=O,6,0,,0,
N=NNOCN,6,0,,0,
N=NNOCO,6,0,,0,
N=NNON=N,6,0,,0,
N=NNON=O,6,0,,0,
N=NNONN,6,0,,0,
N=NNONO,6,0,,0,
N=NNOON,6,0,,0,
N=NNOOO,6,0,,0,
N=NNn1[nH][nH]1,6,0,,0,
N=NNn1[nH]o1,6,0,,0,
N=NNn1oo1,6,0,,0,
N=NOC#CN,6,0,,0,
N=NOC#CO,6,0,,0,
N=NOC(=N)N,6,0,,0,
N=NOC(=N)O,6,0,,0,
N=NOC(=O)O,6,0,,0,
N=NOC(N)=O,6,0,,0,
N=NOC(N)N,6,0,,0,
N=NOC(N)O,6,0,,0,
N=NOC(O)O,6,0,,0,
N=NOC1=C=C1,6,0,,0,
N=NOC1=C=N1,6,0,,0,
N=NOC1=CC1,6,0,,0,
N=NOC1=CN1,6,0,,0,
N=NOC1=CO1,6,0,,0,
N=NOC1=NC1,6,0,,0,
N=NOC1=NN1,6,0,,0,
N=NOC1=NO1,6,0,,0,
N=NOC1C#C1,6,0,,0,
N=NOC1C=C1,6,0,,0,
N=NOC1C=N1,6,0,,0,
N=NOC1CC1,6,0,,0,
N=NOC1CN1,6,0,,0,
N=NOC1CO1,6,0,,0,
N=NOC1N=N1,6,0,,0,
N=NOC1NN1,6,0,,0,
N=NOC1NO1,6,0,,0,
N=NOC1OO1,6,0,,0,
N=NOC=C=O,6,0,,0,
N=NOC=CN,6,0,,0,
N=NOC=CO,6,0,,0,
N=NOC=NN,6,0,,0,
N=NOC=NO,6,0,,0,
N=NOCC=O,6,0,,0,
N=NOCCN,6,0,,0,
N=NOCCO,6,0,,0,
N=NOCN=O,6,0,,0,
N=NOCNN,6,0,,0,
N=NOCNO,6,0,,0,
N=NOCON,6,0,,0,
N=NOCOO,6,0,,0,
N=NON(N)N,6,0,,0,
N=NON(N)O,6,0,,0,
N=NON(O)O,6,0,,0,
N=NON1C#C1,6,0,,0,
N=NON1C=C1,6,0,,0,
N=NON1C=N1,6,0,,0,
N=NON1CC1,6,0,,0,
N=NON1CN1,6,0,,0,
N=NON1CO1,6,0,,0,
N=NON1N=N1,6,0,,0,
N=NON=C=O,6,0,,0,
N=NON=CN,6,0,,0,
N=NON=CO,6,0,,0,
N=NON=NN,6,0,,0,
N=NON=NO,6,0,,0,
N=NONC=O,6,0,,0,
N=NONCN,6,0,,0,
N=NONCO,6,0,,0,
N=NONN=O,6,0,,0,
N=NONNN,6,0,,0,
N=NONNO,6,0,,0,
N=NONON,6,0,,0,
N=NONOO,6,0,,0,
N=NOOC=O,6,0,,0,
N=NOOCN,6,0,,0,
N=NOOCO,6,0,,0,
N=NOON=N,6,0,,0,
N=NOON=O,6,0,,0,
N=NOONN,6,0,,0,
N=NOONO,6,0,,0,
N=NOOON,6,0,,0,
N=NOOOO,6,0,,0,
N=NOn1[nH][nH]1,6,0,,0,
N=NOn1[nH]o1,6,0,,0,
N=NOn1oo1,6,0,,0,
N=Nc1c2[nH]n1-2,6,0,,0,
N=Nc1c2on1-2,6,0,,0,
N=Nc1c[nH][nH]1,6,0,,0,
N=Nc1c[nH]o1,6,0,,0,
N=Nc1cc1=N,6,0,,0,
N=Nc1cc1=O,6,0,,0,
N=Nc1co[nH]1,6,0,,0,
N=Nc1coo1,6,0,,0,
N=Nc1n[nH][nH]1,6,0,,0,
N=Nc1n[nH]o1,6,0,,0,
N=Nc1nc1=N,6,0,,0,
N=Nc1nc1=O,6,0,,0,
N=Nc1no[nH]1,6,0,,0,
N=Nc1noo1,6,0,,0,
N=Nn1[nH]n1N,6,0,,0,
N=Nn1[nH]n1O,6,0,,0,
N=Nn1c#c[nH]1,6,0,,0,
N=Nn1c#co1,6,0,,0,
N=Nn1c2[nH]c1=2,6,0,,0,
N=Nn1c2cn1-2,6,0,,0,
N=Nn1c2nn1-2,6,0,,0,
N=Nn1c2oc1=2,6,0,,0,
N=Nn1cc[nH]1,6,0,,0,
N=Nn1cco1,6,0,,0,
N=Nn1cn[nH]1,6,0,,0,
N=Nn1cno1,6,0,,0,
N=Nn1n2[nH]n12,6,0,,0,
N=Nn1n2n1C2,6,0,,0,
N=Nn1n2on12,6,0,,0,
N=Nn1nc[nH]1,6,0,,0,
N=Nn1nco1,6,0,,0,
N=Nn1nn[nH]1,6,0,,0,
N=Nn1nno1,6,0,,0,
N=Nn1on1N,6,0,,0,
N=Nn1on1O,6,0,,0,
N=c1[nH][nH]n1N,6,0,,0,
N=c1[nH][nH]n1O,6,0,,0,
N=c1[nH]c#c[nH]1,6,0,,0,
N=c1[nH]c#co1,6,0,,0,
N=c1[nH]c1=NN,6,0,,0,
N=c1[nH]c1=NO,6,0,,0,
N=c1[nH]c2[nH]c1=2,6,0,,0,
N=c1[nH]c2cn1-2,6,0,,0,
N=c1[nH]c2nn1-2,6,0,,0,
N=c1[nH]c2oc1=2,6,0,,0,
N=c1[nH]cc[nH]1,6,0,,0,
N=c1[nH]cco1,6,0,,0,
N=c1[nH]cn[nH]1,6,0,,0,
N=c1[nH]cno1,6,0,,0,
N=c1[nH]n(N)[nH]1,6,0,,0,
N=c1[nH]n(N)o1,6,0,,0,
N=c1[nH]n(O)[nH]1,6,0,,0,
N=c1[nH]n(O)o1,6,0,,0,
N=c1[nH]n2[nH]n12,6,0,,0,
N=c1[nH]n2cc1-2,6,0,,0,
N=c1[nH]n2n1C2,6,0,,0,
N=c1[nH]n2nc1-2,6,0,,0,
N=c1[nH]n2on12,6,0,,0,
N=c1[nH]nco1,6,0,,0,
N=c1[nH]nn[nH]1,6,0,,0,
N=c1[nH]nno1,6,0,,0,
N=c1[nH]on1N,6,0,,0,
N=c1[nH]on1O,6,0,,0,
N=c1c#c[nH][nH]1,6,0,,0,
N=c1c#c[nH]o1,6,0,,0,
N=c1c#cc1=N,6,0,,0,
N=c1c#cc1=O,6,0,,0,
N=c1c#co[nH]1,6,0,,0,
N=c1c#coo1,6,0,,0,
N=c1c(=N)n1N,6,0,,0,
N=c1c(=N)n1O,6,0,,0,
N=c1c(=O)n1N,6,0,,0,
N=c1c(=O)n1O,6,0,,0,
N=c1c(N)c1N,6,0,,0,
N=c1c(N)c1O,6,0,,0,
N=c1c(O)c1O,6,0,,0,
N=c1c2[nH][nH]c12,6,0,,0,
N=c1c2[nH]oc12,6,0,,0,
N=c1c2c(=N)c12,6,0,,0,
N=c1c2c(=O)c12,6,0,,0,
N=c1c2c1=C=C=2,6,0,,0,
N=c1c2c1=CC=2,6,0,,0,
N=c1c2c1=NC=2,6,0,,0,
N=c1c2c1=NN=2,6,0,,0,
N=c1c2c1C#C2,6,0,,0,
N=c1c2c1C2N,6,0,,0,
N=c1c2c1C2O,6,0,,0,
N=c1c2c1C=C2,6,0,,0,
N=c1c2c1CC2,6,0,,0,
N=c1c2c1N2N,6,0,,0,
N=c1c2c1N2O,6,0,,0,
N=c1c2c1N=C2,6,0,,0,
N=c1c2c1N=N2,6,0,,0,
N=c1c2c1NC2,6,0,,0,
N=c1c2c1OC2,6,0,,0,
N=c1c2c3n1n23,6,0,,0,
N=c1c2c[nH]n12,6,0,,0,
N=c1c2con12,6,0,,0,
N=c1c2n[nH]n12,6,0,,0,
N=c1c2non12,6,0,,0,
N=c1c2ooc12,6,0,,0,
N=c1cc1C=O,6,0,,0,
N=c1cc1CN,6,0,,0,
N=c1cc1CO,6,0,,0,
N=c1cc1N=O,6,0,,0,
N=c1cc1NN,6,0,,0,
N=c1cc1NO,6,0,,0,
N=c1cc1ON,6,0,,0,
N=c1cc1OO,6,0,,0,
N=c1cc2[nH]n1-2,6,0,,0,
N=c1cc2on1-2,6,0,,0,
N=c1cc[nH][nH]1,6,0,,0,
N=c1cc[nH]o1,6,0,,0,
N=c1ccc1=N,6,0,,0,
N=c1ccc1=O,6,0,,0,
N=c1cco[nH]1,6,0,,0,
N=c1ccoo1,6,0,,0,
N=c1cn[nH][nH]1,6,0,,0,
N=c1cn[nH]o1,6,0,,0,
N=c1cnc1=N,6,0,,0,
N=c1cnc1=O,6,0,,0,
N=c1cno[nH]1,6,0,,0,
N=c1cnoo1,6,0,,0,
N=c1n2[nH]n1C2,6,0,,0,
N=c1n2[nH]n1[nH]2,6,0,,0,
N=c1n2[nH]n1o2,6,0,,0,
N=c1n2c#cn12,6,0,,0,
N=c1n2c3c2n13,6,0,,0,
N=c1n2ccn12,6,0,,0,
N=c1n2cnn12,6,0,,0,
N=c1n2n(N)n12,6,0,,0,
N=c1n2n(O)n12,6,0,,0,
N=c1n2n3n1C23,6,0,,0,
N=c1n2n3n1n23,6,0,,0,
N=c1n2nnn12,6,0,,0,
N=c1n2on1C2,6,0,,0,
N=c1n2on1o2,6,0,,0,
N=c1nc1C=O,6,0,,0,
N=c1nc1CN,6,0,,0,
N=c1nc1CO,6,0,,0,
N=c1nc1N=O,6,0,,0,
N=c1nc1NN,6,0,,0,
N=c1nc1NO,6,0,,0,
N=c1nc1ON,6,0,,0,
N=c1nc1OO,6,0,,0,
N=c1nc2[nH]n1-2,6,0,,0,
N=c1nc2on1-2,6,0,,0,
N=c1nc[nH][nH]1,6,0,,0,
N=c1nc[nH]o1,6,0,,0,
N=c1ncc1=O,6,0,,0,
N=c1nco[nH]1,6,0,,0,
N=c1ncoo1,6,0,,0,
N=c1nn[nH][nH]1,6,0,,0,
N=c1nn[nH]o1,6,0,,0,
N=c1nnc1=N,6,0,,0,
N=c1nnc1=O,6,0,,0,
N=c1nno[nH]1,6,0,,0,
N=c1nnoo1,6,0,,0,
N=c1o[nH]n1N,6,0,,0,
N=c1o[nH]n1O,6,0,,0,
N=c1oc#co1,6,0,,0,
N=c1oc1=NN,6,0,,0,
N=c1oc1=NO,6,0,,0,
N=c1oc2[nH]c1=2,6,0,,0,
N=c1oc2cn1-2,6,0,,0,
N=c1oc2nn1-2,6,0,,0,
N=c1oc2oc1=2,6,0,,0,
N=c1occo1,6,0,,0,
N=c1ocno1,6,0,,0,
N=c1on(N)o1,6,0,,0,
N=c1on(O)o1,6,0,,0,
N=c1on2[nH]n12,6,0,,0,
N=c1on2cc1-2,6,0,,0,
N=c1on2n1C2,6,0,,0,
N=c1on2nc1-2,6,0,,0,
N=c1on2on12,6,0,,0,
N=c1onno1,6,0,,0,
N=c1oon1N,6,0,,0,
N=c1oon1O,6,0,,0,
NC#CC#CN,6,0,,0,
NC#CC#CO,6,0,,0,
NC#CC(=O)O,6,0,,0,
NC#CC(N)=O,6,0,,0,
NC#CC(N)N,6,0,,0,
NC#CC(N)O,6,0,,0,
NC#CC(O)O,6,0,,0,
NC#CC1=C=C1,6,0,,0,
NC#CC1=C=N1,6,0,,0,
NC#CC1=CC1,6,0,,0,
NC#CC1=CN1,6,0,,0,
NC#CC1=CO1,6,0,,0,
NC#CC1=NC1,6,0,,0,
NC#CC1=NN1,6,0,,0,
NC#CC1=NO1,6,0,,0,
NC#CC1C#C1,6,0,,0,
NC#CC1C=C1,6,0,,0,
NC#CC1C=N1,6,0,,0,
NC#CC1CC1,6,0,,0,
NC#CC1CN1,6,0,,0,
NC#CC1CO1,6,0,,0,
NC#CC1N=N1,6,0,,0,
NC#CC1NN1,6,0,,0,
NC#CC1NO1,6,0,,0,
NC#CC1OO1,6,0,,0,
NC#CC=C=O,6,0,,0,
NC#CC=CN,6,0,,0,
NC#CC=CO,6,0,,0,
NC#CC=NN,6,0,,0,
NC#CC=NO,6,0,,0,
NC#CCC=O,6,0,,0,
NC#CCCN,6,0,,0,
NC#CCCO,6,0,,0,
NC#CCN=O,6,0,,0,
NC#CCNN,6,0,,0,
NC#CCNO,6,0,,0,
NC#CCON,6,0,,0,
NC#CCOO,6,0,,0,
NC#CN(N)N,6,0,,0,
NC#CN(N)O,6,0,,0,
NC#CN(O)O,6,0,,0,
NC#CN1C#C1,6,0,,0,
NC#CN1C=C1,6,0,,0,
NC#CN1C=N1,6,0,,0,
NC#CN1CC1,6,0,,0,
NC#CN1CN1,6,0,,0,
NC#CN1CO1,6,0,,0,
NC#CN1N=N1,6,0,,0,
NC#CN=C=O,6,0,,0,
NC#CN=CN,6,0,,0,
NC#CN=CO,6,0,,0,
NC#CN=NN,6,0,,0,
NC#CN=NO,6,0,,0,
NC#CNC=O,6,0,,0,
NC#CNCN,6,0,,0,
NC#CNCO,6,0,,0,
NC#CNN=O,6,0,,0,
NC#CNNN,6,0,,0,
NC#CNNO,6,0,,0,
NC#CNON,6,0,,0,
NC#CNOO,6,0,,0,
NC#COC=O,6,0,,0,
NC#COCN,6,0,,0,
NC#COCO,6,0,,0,
NC#CON=O,6,0,,0,
NC#CONN,6,0,,0,
NC#CONO,6,0,,0,
NC#COON,6,0,,0,
NC#COOO,6,0,,0,
NC#Cn1[nH][nH]1,6,0,,0,
NC#Cn1[nH]o1,6,0,,0,
NC#Cn1oo1,6,0,,0,
NC(=C=O)C=O,6,0,,0,
NC(=C=O)CO,6,0,,0,
NC(=C=O)N=O,6,0,,0,
NC(=C=O)NO,6,0,,0,
NC(=C=O)OO,6,0,,0,
NC(=CO)CO,6,0,,0,
NC(=CO)N=O,6,0,,0,
NC(=CO)NO,6,0,,0,
NC(=CO)OO,6,0,,0,
NC(=NO)NO,6,0,,0,
NC(=NO)OO,6,0,,0,
NC(=O)C#CO,6,0,,0,
NC(=O)C(=O)O,6,0,,0,
NC(=O)C(N)=O,6,0,,0,
NC(=O)C(N)N,6,0,,0,
NC(=O)C(N)O,6,0,,0,
NC(=O)C(O)O,6,0,,0,
NC(=O)C1=C=C1,6,0,,0,
NC(=O)C1=C=N1,6,0,,0,
NC(=O)C1=CC1,6,0,,0,
NC(=O)C1=CN1,6,0,,0,
NC(=O)C1=CO1,6,0,,0,
NC(=O)C1=NC1,6,0,,0,
NC(=O)C1=NN1,6,0,,0,
NC(=O)C1=NO1,6,0,,0,
NC(=O)C1C#C1,6,0,,0,
NC(=O)C1C=C1,6,0,,0,
NC(=O)C1C=N1,6,0,,0,
NC(=O)C1CC1,6,0,,0,
NC(=O)C1CN1,6,0,,0,
NC(=O)C1CO1,6,0,,0,
NC(=O)C1N=N1,6,0,,0,
NC(=O)C1NN1,6,0,,0,
NC(=O)C1NO1,6,0,,0,
NC(=O)C1OO1,6,0,,0,
NC(=O)C=C=O,6,0,,0,
NC(=O)C=CO,6,0,,0,
NC(=O)C=NO,6,0,,0,
NC(=O)CC=O,6,0,,0,
NC(=O)CCO,6,0,,0,
NC(=O)CN=O,6,0,,0,
NC(=O)CNO,6,0,,0,
NC(=O)COO,6,0,,0,
NC(=O)N(N)N,6,0,,0,
NC(=O)N(N)O,6,0,,0,
NC(=O)N(O)O,6,0,,0,
NC(=O)N1C#C1,6,0,,0,
NC(=O)N1C=C1,6,0,,0,
NC(=O)N1C=N1,6,0,,0,
NC(=O)N1CC1,6,0,,0,
NC(=O)N1CN1,6,0,,0,
NC(=O)N1CO1,6,0,,0,
NC(=O)N1N=N1,6,0,,0,
NC(=O)N=C=O,6,0,,0,
NC(=O)N=CO,6,0,,0,
NC(=O)N=NO,6,0,,0,
NC(=O)NC=O,6,0,,0,
NC(=O)NCO,6,0,,0,
NC(=O)NN=O,6,0,,0,
NC(=O)NNO,6,0,,0,
NC(=O)NOO,6,0,,0,
NC(=O)OC=O,6,0,,0,
NC(=O)OCO,6,0,,0,
NC(=O)ON=O,6,0,,0,
NC(=O)ONO,6,0,,0,
NC(=O)OOO,6,0,,0,
NC(=O)n1[nH][nH]1,6,0,,0,
NC(=O)n1[nH]o1,6,0,,0,
NC(=O)n1oo1,6,0,,0,
NC(C=O)=CO,6,0,,0,
NC(C=O)=NO,6,0,,0,
NC(C=O)C=O,6,0,,0,
NC(C=O)CO,6,0,,0,
NC(C=O)N=O,6,0,,0,
NC(C=O)NO,6,0,,0,
NC(C=O)OO,6,0,,0,
NC(CO)=NO,6,0,,0,
NC(CO)CO,6,0,,0,
NC(CO)N=O,6,0,,0,
NC(CO)NO,6,0,,0,
NC(CO)OO,6,0,,0,
NC(N)(N)C=O,6,0,,0,
NC(N)(N)CO,6,0,,0,
NC(N)(N)N=O,6,0,,0,
NC(N)(N)NO,6,0,,0,
NC(N)(N)OO,6,0,,0,
NC(N)(O)C=O,6,0,,0,
NC(N)(O)CO,6,0,,0,
NC(N)(O)N=O,6,0,,0,
NC(N)(O)NO,6,0,,0,
NC(N)(O)OO,6,0,,0,
NC(N)=C(N)N,6,0,,0,
NC(N)=C(N)O,6,0,,0,
NC(N)=C(O)O,6,0,,0,
NC(N)=C1C#C1,6,0,,0,
NC(N)=C1C=C1,6,0,,0,
NC(N)=C1C=N1,6,0,,0,
NC(N)=C1CC1,6,0,,0,
NC(N)=C1CN1,6,0,,0,
NC(N)=C1CO1,6,0,,0,
NC(N)=C1N=N1,6,0,,0,
NC(N)=C1NN1,6,0,,0,
NC(N)=C1NO1,6,0,,0,
NC(N)=C1OO1,6,0,,0,
NC(N)=C=C=O,6,0,,0,
NC(N)=C=CO,6,0,,0,
NC(N)=C=NO,6,0,,0,
NC(N)=CC=O,6,0,,0,
NC(N)=CCO,6,0,,0,
NC(N)=CN=O,6,0,,0,
NC(N)=CNO,6,0,,0,
NC(N)=COO,6,0,,0,
NC(N)=NC=O,6,0,,0,
NC(N)=NCO,6,0,,0,
NC(N)=NN=O,6,0,,0,
NC(N)=NNO,6,0,,0,
NC(N)=NOO,6,0,,0,
NC(N)C#CO,6,0,,0,
NC(N)C(=O)O,6,0,,0,
NC(N)C(N)N,6,0,,0,
NC(N)C(N)O,6,0,,0,
NC(N)C(O)O,6,0,,0,
NC(N)C1=C=C1,6,0,,0,
NC(N)C1=C=N1,6,0,,0,
NC(N)C1=CC1,6,0,,0,
NC(N)C1=CN1,6,0,,0,
NC(N)C1=CO1,6,0,,0,
NC(N)C1=NC1,6,0,,0,
NC(N)C1=NN1,6,0,,0,
NC(N)C1=NO1,6,0,,0,
NC(N)C1C#C1,6,0,,0,
NC(N)C1C=C1,6,0,,0,
NC(N)C1C=N1,6,0,,0,
NC(N)C1CC1,6,0,,0,
NC(N)C1CN1,6,0,,0,
NC(N)C1CO1,6,0,,0,
NC(N)C1N=N1,6,0,,0,
NC(N)C1NN1,6,0,,0,
NC(N)C1NO1,6,0,,0,
NC(N)C1OO1,6,0,,0,
NC(N)C=C=O,6,0,,0,
NC(N)C=CO,6,0,,0,
NC(N)C=NO,6,0,,0,
NC(N)CC=O,6,0,,0,
NC(N)CCO,6,0,,0,
NC(N)CN=O,6,0,,0,
NC(N)CNO,6,0,,0,
NC(N)COO,6,0,,0,
NC(N)N(N)N,6,0,,0,
NC(N)N(N)O,6,0,,0,
NC(N)N(O)O,6,0,,0,
NC(N)N1C#C1,6,0,,0,
NC(N)N1C=C1,6,0,,0,
NC(N)N1C=N1,6,0,,0,
NC(N)N1CC1,6,0,,0,
NC(N)N1CN1,6,0,,0,
NC(N)N1CO1,6,0,,0,
NC(N)N1N=N1,6,0,,0,
NC(N)N=C=O,6,0,,0,
NC(N)N=CO,6,0,,0,
NC(N)N=NO,6,0,,0,
NC(N)NC=O,6,0,,0,
NC(N)NCO,6,0,,0,
NC(N)NN=O,6,0,,0,
NC(N)NNO,6,0,,0,
NC(N)NOO,6,0,,0,
NC(N)OC=O,6,0,,0,
NC(N)OCO,6,0,,0,
NC(N)ON=O,6,0,,0,
NC(N)ONO,6,0,,0,
NC(N)OOO,6,0,,0,
NC(N)n1[nH][nH]1,6,0,,0,
NC(N)n1[nH]o1,6,0,,0,
NC(N)n1oo1,6,0,,0,
NC(N=O)=NO,6,0,,0,
NC(N=O)N=O,6,0,,0,
NC(N=O)NO,6,0,,0,
NC(N=O)OO,6,0,,0,
NC(NO)NO,6,0,,0,
NC(NO)OO,6,0,,0,
NC(O)(O)C=O,6,0,,0,
NC(O)(O)CO,6,0,,0,
NC(O)(O)N=O,6,0,,0,
NC(O)(O)NO,6,0,,0,
NC(O)(O)OO,6,0,,0,
NC(O)=C(N)O,6,0,,0,
NC(O)=C(O)O,6,0,,0,
NC(O)=C1C#C1,6,0,,0,
NC(O)=C1C=C1,6,0,,0,
NC(O)=C1C=N1,6,0,,0,
NC(O)=C1CC1,6,0,,0,
NC(O)=C1CN1,6,0,,0,
NC(O)=C1CO1,6,0,,0,
NC(O)=C1N=N1,6,0,,0,
NC(O)=C1NN1,6,0,,0,
NC(O)=C1NO1,6,0,,0,
NC(O)=C1OO1,6,0,,0,
NC(O)=C=C=O,6,0,,0,
NC(O)=C=CO,6,0,,0,
NC(O)=C=NO,6,0,,0,
NC(O)=CC=O,6,0,,0,
NC(O)=CCO,6,0,,0,
NC(O)=CN=O,6,0,,0,
NC(O)=CNO,6,0,,0,
NC(O)=COO,6,0,,0,
NC(O)=NC=O,6,0,,0,
NC(O)=NCO,6,0,,0,
NC(O)=NN=O,6,0,,0,
NC(O)=NNO,6,0,,0,
NC(O)=NOO,6,0,,0,
NC(O)C#CO,6,0,,0,
NC(O)C(=O)O,6,0,,0,
NC(O)C(N)O,6,0,,0,
NC(O)C(O)O,6,0,,0,
NC(O)C1=C=C1,6,0,,0,
NC(O)C1=C=N1,6,0,,0,
NC(O)C1=CC1,6,0,,0,
NC(O)C1=CN1,6,0,,0,
NC(O)C1=CO1,6,0,,0,
NC(O)C1=NC1,6,0,,0,
NC(O)C1=NN1,6,0,,0,
NC(O)C1=NO1,6,0,,0,
NC(O)C1C#C1,6,0,,0,
NC(O)C1C=C1,6,0,,0,
NC(O)C1C=N1,6,0,,0,
NC(O)C1CC1,6,0,,0,
NC(O)C1CN1,6,0,,0,
NC(O)C1CO1,6,0,,0,
NC(O)C1N=N1,6,0,,0,
NC(O)C1NN1,6,0,,0,
NC(O)C1NO1,6,0,,0,
NC(O)C1OO1,6,0,,0,
NC(O)C=C=O,6,0,,0,
NC(O)C=CO,6,0,,0,
NC(O)C=NO,6,0,,0,
NC(O)CC=O,6,0,,0,
NC(O)CCO,6,0,,0,
NC(O)CN=O,6,0,,0,
NC(O)CNO,6,0,,0,
NC(O)COO,6,0,,0,
NC(O)N(N)N,6,0,,0,
NC(O)N(N)O,6,0,,0,
NC(O)N(O)O,6,0,,0,
NC(O)N1C#C1,6,0,,0,
NC(O)N1C=C1,6,0,,0,
NC(O)N1C=N1,6,0,,0,
NC(O)N1CC1,6,0,,0,
NC(O)N1CN1,6,0,,0,
NC(O)N1CO1,6,0,,0,
NC(O)N1N=N1,6,0,,0,
NC(O)N=C=O,6,0,,0,
NC(O)N=CO,6,0,,0,
NC(O)N=NO,6,0,,0,
NC(O)NC=O,6,0,,0,
NC(O)NCO,6,0,,0,
NC(O)NN=O,6,0,,0,
NC(O)NNO,6,0,,0,
NC(O)NOO,6,0,,0,
NC(O)OC=O,6,0,,0,
NC(O)OCO,6,0,,0,
NC(O)ON=O,6,0,,0,
NC(O)ONO,6,0,,0,
NC(O)OOO,6,0,,0,
NC(O)n1[nH][nH]1,6,0,,0,
NC(O)n1[nH]o1,6,0,,0,
NC(O)n1oo1,6,0,,0,
NC(OO)OO,6,0,,0,
NC1(C=O)C#C1,6,0,,0,
NC1(C=O)C=C1,6,0,,0,
NC1(C=O)C=N1,6,0,,0,
NC1(C=O)CC1,6,0,,0,
NC1(C=O)CN1,6,0,,0,
NC1(C=O)CO1,6,0,,0,
NC1(C=O)N=N1,6,0,,0,
NC1(C=O)NN1,6,0,,0,
NC1(C=O)NO1,6,0,,0,
NC1(C=O)OO1,6,0,,0,
NC1(CO)C#C1,6,0,,0,
NC1(CO)C=C1,6,0,,0,
NC1(CO)C=N1,6,0,,0,
NC1(CO)CC1,6,0,,0,
NC1(CO)CN1,6,0,,0,
NC1(CO)CO1,6,0,,0,
NC1(CO)N=N1,6,0,,0,
NC1(CO)NN1,6,0,,0,
NC1(CO)NO1,6,0,,0,
NC1(CO)OO1,6,0,,0,
NC1(N)C#CC1,6,0,,0,
NC1(N)C#CN1,6,0,,0,
NC1(N)C#CO1,6,0,,0,
NC1(N)C2=C1C2,6,0,,0,
NC1(N)C2=C1N2,6,0,,0,
NC1(N)C2=C1O2,6,0,,0,
NC1(N)C2=C=C21,6,0,,0,
NC1(N)C2=CC21,6,0,,0,
NC1(N)C2=CN21,6,0,,0,
NC1(N)C2=NC21,6,0,,0,
NC1(N)C2=NN21,6,0,,0,
NC1(N)C2CC21,6,0,,0,
NC1(N)C2CN21,6,0,,0,
NC1(N)C2NC21,6,0,,0,
NC1(N)C2NN21,6,0,,0,
NC1(N)C2OC21,6,0,,0,
NC1(N)C2ON21,6,0,,0,
NC1(N)C=C1O,6,0,,0,
NC1(N)C=C=C1,6,0,,0,
NC1(N)C=C=N1,6,0,,0,
NC1(N)C=CC1,6,0,,0,
NC1(N)C=CN1,6,0,,0,
NC1(N)C=CO1,6,0,,0,
NC1(N)C=NC1,6,0,,0,
NC1(N)C=NN1,6,0,,0,
NC1(N)C=NO1,6,0,,0,
NC1(N)CC1=O,6,0,,0,
NC1(N)CC1O,6,0,,0,
NC1(N)CC=N1,6,0,,0,
NC1(N)CCC1,6,0,,0,
NC1(N)CCN1,6,0,,0,
NC1(N)CCO1,6,0,,0,
NC1(N)CN1O,6,0,,0,
NC1(N)CN=N1,6,0,,0,
NC1(N)CNC1,6,0,,0,
NC1(N)CNN1,6,0,,0,
NC1(N)CNO1,6,0,,0,
NC1(N)COC1,6,0,,0,
NC1(N)CON1,6,0,,0,
NC1(N)COO1,6,0,,0,
NC1(N)N2CN21,6,0,,0,
NC1(N)N=C1O,6,0,,0,
NC1(N)N=C=N1,6,0,,0,
NC1(N)N=CN1,6,0,,0,
NC1(N)N=CO1,6,0,,0,
NC1(N)N=NN1,6,0,,0,
NC1(N)N=NO1,6,0,,0,
NC1(N)NC1=O,6,0,,0,
NC1(N)NC1O,6,0,,0,
NC1(N)NCN1,6,0,,0,
NC1(N)NCO1,6,0,,0,
NC1(N)NN1O,6,0,,0,
NC1(N)NNN1,6,0,,0,
NC1(N)NNO1,6,0,,0,
NC1(N)NON1,6,0,,0,
NC1(N)NOO1,6,0,,0,
NC1(N)OC1=O,6,0,,0,
NC1(N)OC1O,6,0,,0,
NC1(N)OCO1,6,0,,0,
NC1(N)ON1O,6,0,,0,
NC1(N)ONO1,6,0,,0,
NC1(N)OOO1,6,0,,0,
NC1(N)n2[nH]n21,6,0,,0,
NC1(N)n2on21,6,0,,0,
NC1(N=O)C#C1,6,0,,0,
NC1(N=O)C=C1,6,0,,0,
NC1(N=O)C=N1,6,0,,0,
NC1(N=O)CC1,6,0,,0,
NC1(N=O)CN1,6,0,,0,
NC1(N=O)CO1,6,0,,0,
NC1(N=O)N=N1,6,0,,0,
NC1(N=O)NN1,6,0,,0,
NC1(N=O)NO1,6,0,,0,
NC1(N=O)OO1,6,0,,0,
NC1(NO)C#C1,6,0,,0,
NC1(NO)C=C1,6,0,,0,
NC1(NO)C=N1,6,0,,0,
NC1(NO)CC1,6,0,,0,
NC1(NO)CN1,6,0,,0,
NC1(NO)CO1,6,0,,0,
NC1(NO)N=N1,6,0,,0,
NC1(NO)NN1,6,0,,0,
NC1(NO)NO1,6,0,,0,
NC1(NO)OO1,6,0,,0,
NC1(O)C#CC1,6,0,,0,
NC1(O)C#CN1,6,0,,0,
NC1(O)C#CO1,6,0,,0,
NC1(O)C2=C1C2,6,0,,0,
NC1(O)C2=C1N2,6,0,,0,
NC1(O)C2=C1O2,6,0,,0,
NC1(O)C2=C=C21,6,0,,0,
NC1(O)C2=CC21,6,0,,0,
NC1(O)C2=CN21,6,0,,0,
NC1(O)C2=NC21,6,0,,0,
NC1(O)C2=NN21,6,0,,0,
NC1(O)C2CC21,6,0,,0,
NC1(O)C2CN21,6,0,,0,
NC1(O)C2NC21,6,0,,0,
NC1(O)C2NN21,6,0,,0,
NC1(O)C2OC21,6,0,,0,
NC1(O)C2ON21,6,0,,0,
NC1(O)C=C1O,6,0,,0,
NC1(O)C=C=C1,6,0,,0,
NC1(O)C=C=N1,6,0,,0,
NC1(O)C=CC1,6,0,,0,
NC1(O)C=CN1,6,0,,0,
NC1(O)C=CO1,6,0,,0,
NC1(O)C=NC1,6,0,,0,
NC1(O)C=NN1,6,0,,0,
NC1(O)C=NO1,6,0,,0,
NC1(O)CC1=O,6,0,,0,
NC1(O)CC1O,6,0,,0,
NC1(O)CC=N1,6,0,,0,
NC1(O)CCC1,6,0,,0,
NC1(O)CCN1,6,0,,0,
NC1(O)CCO1,6,0,,0,
NC1(O)CN1O,6,0,,0,
NC1(O)CN=N1,6,0,,0,
NC1(O)CNC1,6,0,,0,
NC1(O)CNN1,6,0,,0,
NC1(O)CNO1,6,0,,0,
NC1(O)COC1,6,0,,0,
NC1(O)CON1,6,0,,0,
NC1(O)COO1,6,0,,0,
NC1(O)N2CN21,6,0,,0,
NC1(O)N=C1O,6,0,,0,
NC1(O)N=C=N1,6,0,,0,
NC1(O)N=CN1,6,0,,0,
NC1(O)N=CO1,6,0,,0,
NC1(O)N=NN1,6,0,,0,
NC1(O)N=NO1,6,0,,0,
NC1(O)NC1=O,6,0,,0,
NC1(O)NC1O,6,0,,0,
NC1(O)NCN1,6,0,,0,
NC1(O)NCO1,6,0,,0,
NC1(O)NN1O,6,0,,0,
NC1(O)NNN1,6,0,,0,
NC1(O)NNO1,6,0,,0,
NC1(O)NON1,6,0,,0,
NC1(O)NOO1,6,0,,0,
NC1(O)OC1=O,6,0,,0,
NC1(O)OC1O,6,0,,0,
NC1(O)OCO1,6,0,,0,
NC1(O)ON1O,6,0,,0,
NC1(O)ONO1,6,0,,0,
NC1(O)OOO1,6,0,,0,
NC1(O)n2[nH]n21,6,0,,0,
NC1(O)n2on21,6,0,,0,
NC1(OO)C#C1,6,0,,0,
NC1(OO)C=C1,6,0,,0,
NC1(OO)C=N1,6,0,,0,
NC1(OO)CC1,6,0,,0,
NC1(OO)CN1,6,0,,0,
NC1(OO)CO1,6,0,,0,
NC1(OO)N=N1,6,0,,0,
NC1(OO)NN1,6,0,,0,
NC1(OO)NO1,6,0,,0,
NC1(OO)OO1,6,0,,0,
NC12C#CC1=C2,6,0,,0,
NC12C#CC1=N2,6,0,,0,
NC12C#CC1C2,6,0,,0,
NC12C#CC1N2,6,0,,0,
NC12C#CC1O2,6,0,,0,
NC12C#CN1C2,6,0,,0,
NC12C#CN1N2,6,0,,0,
NC12C#CN1O2,6,0,,0,
NC12C34C5C13C524,6,0,,0,
NC12C34N5C13C524,6,0,,0,
NC12C3=C1C2C3,6,0,,0,
NC12C3=C1C2N3,6,0,,0,
NC12C3=C1C2O3,6,0,,0,
NC12C3=C1C32N,6,0,,0,
NC12C3=C1C32O,6,0,,0,
NC12C3=C1N2C3,6,0,,0,
NC12C3=C4C1C432,6,0,,0,
NC12C3=C4N1C432,6,0,,0,
NC12C3=C=C1C32,6,0,,0,
NC12C3=C=C1N32,6,0,,0,
NC12C3=CC1=C32,6,0,,0,
NC12C3=CC1C32,6,0,,0,
NC12C3=CC1N32,6,0,,0,
NC12C3=CN1C32,6,0,,0,
NC12C3=NC1=C32,6,0,,0,
NC12C3=NC1C32,6,0,,0,
NC12C3=NC1N32,6,0,,0,
NC12C3=NN1C32,6,0,,0,
NC12C3C14CC324,6,0,,0,
NC12C3C14NC324,6,0,,0,
NC12C3C14OC324,6,0,,0,
NC12C3C1C32N,6,0,,0,
NC12C3C1C32O,6,0,,0,
NC12C3C4C1C432,6,0,,0,
NC12C3C4N1C432,6,0,,0,
NC12C3CC1C32,6,0,,0,
NC12C3CC1N32,6,0,,0,
NC12C3CN1C32,6,0,,0,
NC12C3CN1N32,6,0,,0,
NC12C3N1C32N,6,0,,0,
NC12C3N1C32O,6,0,,0,
NC12C3N1CN32,6,0,,0,
NC12C3N1NN32,6,0,,0,
NC12C3N1ON32,6,0,,0,
NC12C3N4C1C342,6,0,,0,
NC12C3N4N1C342,6,0,,0,
NC12C3NC1C32,6,0,,0,
NC12C3NC1N32,6,0,,0,
NC12C3NN1C32,6,0,,0,
NC12C3NN1N32,6,0,,0,
NC12C3OC1C32,6,0,,0,
NC12C3OC1N32,6,0,,0,
NC12C3ON1C32,6,0,,0,
NC12C3ON1N32,6,0,,0,
NC12C=C(C1)C2,6,0,,0,
NC12C=C(C1)N2,6,0,,0,
NC12C=C(C1)O2,6,0,,0,
NC12C=C(N1)N2,6,0,,0,
NC12C=C(N1)O2,6,0,,0,
NC12C=C(O1)O2,6,0,,0,
NC12C=C1C2=O,6,0,,0,
NC12C=C1C2O,6,0,,0,
NC12C=C1C=N2,6,0,,0,
NC12C=C1CC2,6,0,,0,
NC12C=C1CN2,6,0,,0,
NC12C=C1CO2,6,0,,0,
NC12C=C1N2O,6,0,,0,
NC12C=C1N=N2,6,0,,0,
NC12C=C1NC2,6,0,,0,
NC12C=C1NN2,6,0,,0,
NC12C=C1NO2,6,0,,0,
NC12C=C1OC2,6,0,,0,
NC12C=C1ON2,6,0,,0,
NC12C=C1OO2,6,0,,0,
NC12C=C3C1=C32,6,0,,0,
NC12C=C3C1C32,6,0,,0,
NC12C=C3C1N32,6,0,,0,
NC12C=C3N1N32,6,0,,0,
NC12C=C=C1C2,6,0,,0,
NC12C=C=C1N2,6,0,,0,
NC12C=C=C1O2,6,0,,0,
NC12C=CC1=C2,6,0,,0,
NC12C=CC1=N2,6,0,,0,
NC12C=CC1C2,6,0,,0,
NC12C=CC1N2,6,0,,0,
NC12C=CC1O2,6,0,,0,
NC12C=CN1C2,6,0,,0,
NC12C=CN1N2,6,0,,0,
NC12C=CN1O2,6,0,,0,
NC12C=NC1=C2,6,0,,0,
NC12C=NC1=N2,6,0,,0,
NC12C=NC1C2,6,0,,0,
NC12C=NC1N2,6,0,,0,
NC12C=NC1O2,6,0,,0,
NC12C=NN1C2,6,0,,0,
NC12C=NN1N2,6,0,,0,
NC12C=NN1O2,6,0,,0,
NC12CC(=N1)C2,6,0,,0,
NC12CC(=N1)N2,6,0,,0,
NC12CC(=N1)O2,6,0,,0,
NC12CC(C1)C2,6,0,,0,
NC12CC(C1)N2,6,0,,0,
NC12CC(C1)O2,6,0,,0,
NC12CC(N1)N2,6,0,,0,
NC12CC(N1)O2,6,0,,0,
NC12CC(O1)O2,6,0,,0,
NC12CC1(N)C2,6,0,,0,
NC12CC1(N)N2,6,0,,0,
NC12CC1(N)O2,6,0,,0,
NC12CC1(O)C2,6,0,,0,
NC12CC1(O)N2,6,0,,0,
NC12CC1(O)O2,6,0,,0,
NC12CC13C=C23,6,0,,0,
NC12CC13CC23,6,0,,0,
NC12CC13CN23,6,0,,0,
NC12CC13N=C23,6,0,,0,
NC12CC13NC23,6,0,,0,
NC12CC13NN23,6,0,,0,
NC12CC13OC23,6,0,,0,
NC12CC13ON23,6,0,,0,
NC12CC1=C2O,6,0,,0,
NC12CC1=C=N2,6,0,,0,
NC12CC1=CN2,6,0,,0,
NC12CC1=CO2,6,0,,0,
NC12CC1=NN2,6,0,,0,
NC12CC1=NO2,6,0,,0,
NC12CC1C2=O,6,0,,0,
NC12CC1C2O,6,0,,0,
NC12CC1C=N2,6,0,,0,
NC12CC1CN2,6,0,,0,
NC12CC1CO2,6,0,,0,
NC12CC1N2O,6,0,,0,
NC12CC1N=N2,6,0,,0,
NC12CC1NN2,6,0,,0,
NC12CC1NO2,6,0,,0,
NC12CC1ON2,6,0,,0,
NC12CC1OO2,6,0,,0,
NC12CC3=C1C32,6,0,,0,
NC12CC3=C1N32,6,0,,0,
NC12CC3C1=C32,6,0,,0,
NC12CC3C1C32,6,0,,0,
NC12CC3C1N32,6,0,,0,
NC12CC3N1N32,6,0,,0,
NC12CC=C1C2,6,0,,0,
NC12CC=C1N2,6,0,,0,
NC12CC=C1O2,6,0,,0,
NC12CCC1=N2,6,0,,0,
NC12CCC1C2,6,0,,0,
NC12CCC1N2,6,0,,0,
NC12CCC1O2,6,0,,0,
NC12CCN1C2,6,0,,0,
NC12CCN1N2,6,0,,0,
NC12CCN1O2,6,0,,0,
NC12CN(C1)C2,6,0,,0,
NC12CN(C1)N2,6,0,,0,
NC12CN(C1)O2,6,0,,0,
NC12CN(N1)N2,6,0,,0,
NC12CN(N1)O2,6,0,,0,
NC12CN(O1)O2,6,0,,0,
NC12CN1C2=O,6,0,,0,
NC12CN1C2O,6,0,,0,
NC12CN1C=N2,6,0,,0,
NC12CN1CN2,6,0,,0,
NC12CN1CO2,6,0,,0,
NC12CN1N2O,6,0,,0,
NC12CN1N=N2,6,0,,0,
NC12CN1NN2,6,0,,0,
NC12CN1NO2,6,0,,0,
NC12CN1ON2,6,0,,0,
NC12CN1OO2,6,0,,0,
NC12CN3C1=C32,6,0,,0,
NC12CN3C1C32,6,0,,0,
NC12CN3C1N32,6,0,,0,
NC12CN=C1C2,6,0,,0,
NC12CN=C1N2,6,0,,0,
NC12CN=C1O2,6,0,,0,
NC12CNC1=N2,6,0,,0,
NC12CNC1C2,6,0,,0,
NC12CNC1N2,6,0,,0,
NC12CNC1O2,6,0,,0,
NC12CNN1C2,6,0,,0,
NC12CNN1N2,6,0,,0,
NC12CNN1O2,6,0,,0,
NC12COC1=N2,6,0,,0,
NC12COC1C2,6,0,,0,
NC12COC1N2,6,0,,0,
NC12COC1O2,6,0,,0,
NC12CON1C2,6,0,,0,
NC12CON1N2,6,0,,0,
NC12CON1O2,6,0,,0,
NC12Cn3n1n32,6,0,,0,
NC12N3C14CC324,6,0,,0,
NC12N3C14NC324,6,0,,0,
NC12N3C14OC324,6,0,,0,
NC12N3C4N1C432,6,0,,0,
NC12N3CN1N32,6,0,,0,
NC12N3N1C32N,6,0,,0,
NC12N3N1C32O,6,0,,0,
NC12N3N4N1C432,6,0,,0,
NC12N3NN1N32,6,0,,0,
NC12N3ON1N32,6,0,,0,
NC12N=C(N1)N2,6,0,,0,
NC12N=C(N1)O2,6,0,,0,
NC12N=C(O1)O2,6,0,,0,
NC12N=C1C2=O,6,0,,0,
NC12N=C1C2O,6,0,,0,
NC12N=C1CN2,6,0,,0,
NC12N=C1CO2,6,0,,0,
NC12N=C1N2O,6,0,,0,
NC12N=C1NN2,6,0,,0,
NC12N=C1NO2,6,0,,0,
NC12N=C1ON2,6,0,,0,
NC12N=C1OO2,6,0,,0,
NC12N=C3C1=C32,6,0,,0,
NC12N=C3C1C32,6,0,,0,
NC12N=C3C1N32,6,0,,0,
NC12N=C3N1N32,6,0,,0,
NC12N=C=C1N2,6,0,,0,
NC12N=C=C1O2,6,0,,0,
NC12N=CC1=N2,6,0,,0,
NC12N=CC1N2,6,0,,0,
NC12N=CC1O2,6,0,,0,
NC12N=CN1N2,6,0,,0,
NC12N=CN1O2,6,0,,0,
NC12N=NC1=N2,6,0,,0,
NC12N=NC1N2,6,0,,0,
NC12N=NC1O2,6,0,,0,
NC12N=NN1N2,6,0,,0,
NC12N=NN1O2,6,0,,0,
NC12NC(N1)N2,6,0,,0,
NC12NC(N1)O2,6,0,,0,
NC12NC(O1)O2,6,0,,0,
NC12NC1(N)N2,6,0,,0,
NC12NC1(N)O2,6,0,,0,
NC12NC1(O)N2,6,0,,0,
NC12NC1(O)O2,6,0,,0,
NC12NC13C=C23,6,0,,0,
NC12NC13CC23,6,0,,0,
NC12NC13CN23,6,0,,0,
NC12NC13N=C23,6,0,,0,
NC12NC13NC23,6,0,,0,
NC12NC13NN23,6,0,,0,
NC12NC13OC23,6,0,,0,
NC12NC13ON23,6,0,,0,
NC12NC1=C2O,6,0,,0,
NC12NC1=CO2,6,0,,0,
NC12NC1=NO2,6,0,,0,
NC12NC1C2=O,6,0,,0,
NC12NC1C2O,6,0,,0,
NC12NC1CO2,6,0,,0,
NC12NC1N2O,6,0,,0,
NC12NC1NO2,6,0,,0,
NC12NC1OO2,6,0,,0,
NC12NC3=C1C32,6,0,,0,
NC12NC3=C1N32,6,0,,0,
NC12NC3C1=C32,6,0,,0,
NC12NC3C1C32,6,0,,0,
NC12NC3C1N32,6,0,,0,
NC12NC3N1N32,6,0,,0,
NC12NC=C1N2,6,0,,0,
NC12NC=C1O2,6,0,,0,
NC12NCC1N2,6,0,,0,
NC12NCC1O2,6,0,,0,
NC12NCN1N2,6,0,,0,
NC12NCN1O2,6,0,,0,
NC12NN(N1)N2,6,0,,0,
NC12NN(N1)O2,6,0,,0,
NC12NN(O1)O2,6,0,,0,
NC12NN1C2=O,6,0,,0,
NC12NN1C2O,6,0,,0,
NC12NN1CO2,6,0,,0,
NC12NN1N2O,6,0,,0,
NC12NN1NO2,6,0,,0,
NC12NN1OO2,6,0,,0,
NC12NN3C1=C32,6,0,,0,
NC12NN3C1C32,6,0,,0,
NC12NN3C1N32,6,0,,0,
NC12NN=C1N2,6,0,,0,
NC12NN=C1O2,6,0,,0,
NC12NNC1N2,6,0,,0,
NC12NNC1O2,6,0,,0,
NC12NNN1N2,6,0,,0,
NC12NNN1O2,6,0,,0,
NC12NOC1N2,6,0,,0,
NC12NOC1O2,6,0,,0,
NC12NON1N2,6,0,,0,
NC12NON1O2,6,0,,0,
NC12Nn3n1n32,6,0,,0,
NC12OC(O1)O2,6,0,,0,
NC12OC1(N)O2,6,0,,0,
NC12OC1(O)O2,6,0,,0,
NC12OC13C=C23,6,0,,0,
NC12OC13CC23,6,0,,0,
NC12OC13CN23,6,0,,0,
NC12OC13N=C23,6,0,,0,
NC12OC13NC23,6,0,,0,
NC12OC13NN23,6,0,,0,
NC12OC13OC23,6,0,,0,
NC12OC13ON23,6,0,,0,
NC12OC1=C2O,6,0,,0,
NC12OC1C2=O,6,0,,0,
NC12OC1C2O,6,0,,0,
NC12OC1N2O,6,0,,0,
NC12OC3=C1C32,6,0,,0,
NC12OC3=C1N32,6,0,,0,
NC12OC3C1=C32,6,0,,0,
NC12OC3C1C32,6,0,,0,
NC12OC3C1N32,6,0,,0,
NC12OC3N1N32,6,0,,0,
NC12OC=C1O2,6,0,,0,
NC12OCC1O2,6,0,,0,
NC12OCN1O2,6,0,,0,
NC12ON(O1)O2,6,0,,0,
NC12ON1C2=O,6,0,,0,
NC12ON1C2O,6,0,,0,
NC12ON1N2O,6,0,,0,
NC12ON3C1=C32,6,0,,0,
NC12ON3C1C32,6,0,,0,
NC12ON3C1N32,6,0,,0,
NC12ON=C1O2,6,0,,0,
NC12ONC1O2,6,0,,0,
NC12ONN1O2,6,0,,0,
NC12OOC1O2,6,0,,0,
NC12OON1O2,6,0,,0,
NC12On3n1n32,6,0,,0,
NC12c3[nH]n1c32,6,0,,0,
NC12c3cn1n32,6,0,,0,
NC12c3nn1n32,6,0,,0,
NC12c3on1c32,6,0,,0,
NC1=C(C=O)C1,6,0,,0,
NC1=C(C=O)N1,6,0,,0,
NC1=C(C=O)O1,6,0,,0,
NC1=C(CO)C1,6,0,,0,
NC1=C(CO)N1,6,0,,0,
NC1=C(CO)O1,6,0,,0,
NC1=C(N)C#C1,6,0,,0,
NC1=C(N)C1N,6,0,,0,
NC1=C(N)C1O,6,0,,0,
NC1=C(N)C=C1,6,0,,0,
NC1=C(N)CC1,6,0,,0,
NC1=C(N)N1N,6,0,,0,
NC1=C(N)N1O,6,0,,0,
NC1=C(N)N=C1,6,0,,0,
NC1=C(N)N=N1,6,0,,0,
NC1=C(N)NC1,6,0,,0,
NC1=C(N)OC1,6,0,,0,
NC1=C(N=O)C1,6,0,,0,
NC1=C(N=O)N1,6,0,,0,
NC1=C(N=O)O1,6,0,,0,
NC1=C(NO)C1,6,0,,0,
NC1=C(NO)N1,6,0,,0,
NC1=C(NO)O1,6,0,,0,
NC1=C(O)C#C1,6,0,,0,
NC1=C(O)C1N,6,0,,0,
NC1=C(O)C1O,6,0,,0,
NC1=C(O)C=C1,6,0,,0,
NC1=C(O)C=N1,6,0,,0,
NC1=C(O)CC1,6,0,,0,
NC1=C(O)CN1,6,0,,0,
NC1=C(O)CO1,6,0,,0,
NC1=C(O)N1N,6,0,,0,
NC1=C(O)N1O,6,0,,0,
NC1=C(O)N=C1,6,0,,0,
NC1=C(O)N=N1,6,0,,0,
NC1=C(O)NC1,6,0,,0,
NC1=C(O)OC1,6,0,,0,
NC1=C(OO)C1,6,0,,0,
NC1=C(OO)N1,6,0,,0,
NC1=C(OO)O1,6,0,,0,
NC1=C2C#CC12,6,0,,0,
NC1=C2C(=O)C12,6,0,,0,
NC1=C2C(=O)N12,6,0,,0,
NC1=C2C(N)=C12,6,0,,0,
NC1=C2C(N)C12,6,0,,0,
NC1=C2C(N)N12,6,0,,0,
NC1=C2C(O)=C12,6,0,,0,
NC1=C2C(O)C12,6,0,,0,
NC1=C2C(O)N12,6,0,,0,
NC1=C2C1N2N,6,0,,0,
NC1=C2C1N2O,6,0,,0,
NC1=C2C3=C1C23,6,0,,0,
NC1=C2C3=C2C13,6,0,,0,
NC1=C2C3=CC312,6,0,,0,
NC1=C2C3=NC312,6,0,,0,
NC1=C2C3C1C23,6,0,,0,
NC1=C2C3C1N23,6,0,,0,
NC1=C2C3C2N13,6,0,,0,
NC1=C2C3CC123,6,0,,0,
NC1=C2C3NC123,6,0,,0,
NC1=C2C3OC123,6,0,,0,
NC1=C2C=C1C2,6,0,,0,
NC1=C2C=C1N2,6,0,,0,
NC1=C2C=C1O2,6,0,,0,
NC1=C2C=C2C1,6,0,,0,
NC1=C2C=C=C12,6,0,,0,
NC1=C2C=CC12,6,0,,0,
NC1=C2C=NC12,6,0,,0,
NC1=C2CC12N,6,0,,0,
NC1=C2CC12O,6,0,,0,
NC1=C2CC1=N2,6,0,,0,
NC1=C2CC1C2,6,0,,0,
NC1=C2CC1N2,6,0,,0,
NC1=C2CC1O2,6,0,,0,
NC1=C2CC2=C1,6,0,,0,
NC1=C2CC2=N1,6,0,,0,
NC1=C2CC2C1,6,0,,0,
NC1=C2CC2N1,6,0,,0,
NC1=C2CC2O1,6,0,,0,
NC1=C2CC=C12,6,0,,0,
NC1=C2CCC12,6,0,,0,
NC1=C2CCN12,6,0,,0,
NC1=C2CN1C2,6,0,,0,
NC1=C2CN2C1,6,0,,0,
NC1=C2CN=C12,6,0,,0,
NC1=C2CNC12,6,0,,0,
NC1=C2CNN12,6,0,,0,
NC1=C2COC12,6,0,,0,
NC1=C2CON12,6,0,,0,
NC1=C2N3C1N23,6,0,,0,
NC1=C2N3CC123,6,0,,0,
NC1=C2N3NC123,6,0,,0,
NC1=C2N3OC123,6,0,,0,
NC1=C2N=C1N2,6,0,,0,
NC1=C2N=C1O2,6,0,,0,
NC1=C2N=C2C1,6,0,,0,
NC1=C2N=C=C12,6,0,,0,
NC1=C2N=CC12,6,0,,0,
NC1=C2N=NC12,6,0,,0,
NC1=C2NC12N,6,0,,0,
NC1=C2NC12O,6,0,,0,
NC1=C2NC1N2,6,0,,0,
NC1=C2NC1O2,6,0,,0,
NC1=C2NC2C1,6,0,,0,
NC1=C2NC2N1,6,0,,0,
NC1=C2NC2O1,6,0,,0,
NC1=C2NCC12,6,0,,0,
NC1=C2NCN12,6,0,,0,
NC1=C2NN2C1,6,0,,0,
NC1=C2NNC12,6,0,,0,
NC1=C2NNN12,6,0,,0,
NC1=C2NOC12,6,0,,0,
NC1=C2NON12,6,0,,0,
NC1=C2OC12N,6,0,,0,
NC1=C2OC12O,6,0,,0,
NC1=C2OC1O2,6,0,,0,
NC1=C2OC2C1,6,0,,0,
NC1=C2OC2N1,6,0,,0,
NC1=C2OC2O1,6,0,,0,
NC1=C2OCC12,6,0,,0,
NC1=C2OCN12,6,0,,0,
NC1=C2ON2C1,6,0,,0,
NC1=C2ONC12,6,0,,0,
NC1=C2ONN12,6,0,,0,
NC1=C2OOC12,6,0,,0,
NC1=C2OON12,6,0,,0,
NC1=C=C(N)C1,6,0,,0,
NC1=C=C(N)N1,6,0,,0,
NC1=C=C(N)O1,6,0,,0,
NC1=C=C(O)C1,6,0,,0,
NC1=C=C(O)N1,6,0,,0,
NC1=C=C(O)O1,6,0,,0,
NC1=C=C1C=O,6,0,,0,
NC1=C=C1CO,6,0,,0,
NC1=C=C1N=O,6,0,,0,
NC1=C=C1NO,6,0,,0,
NC1=C=C1OO,6,0,,0,
NC1=C=C2C=C12,6,0,,0,
NC1=C=C2CC12,6,0,,0,
NC1=C=C2CN12,6,0,,0,
NC1=C=C2N=C12,6,0,,0,
NC1=C=C2NC12,6,0,,0,
NC1=C=C2NN12,6,0,,0,
NC1=C=C2OC12,6,0,,0,
NC1=C=C2ON12,6,0,,0,
NC1=C=C=C1N,6,0,,0,
NC1=C=C=C1O,6,0,,0,
NC1=C=C=C=C1,6,0,,0,
NC1=C=C=C=N1,6,0,,0,
NC1=C=C=CC1,6,0,,0,
NC1=C=C=CN1,6,0,,0,
NC1=C=C=CO1,6,0,,0,
NC1=C=C=NC1,6,0,,0,
NC1=C=C=NN1,6,0,,0,
NC1=C=C=NO1,6,0,,0,
NC1=C=CC#C1,6,0,,0,
NC1=C=CC1=O,6,0,,0,
NC1=C=CC1N,6,0,,0,
NC1=C=CC1O,6,0,,0,
NC1=C=CC=C1,6,0,,0,
NC1=C=CC=N1,6,0,,0,
NC1=C=CCC1,6,0,,0,
NC1=C=CCN1,6,0,,0,
NC1=C=CCO1,6,0,,0,
NC1=C=CN1N,6,0,,0,
NC1=C=CN1O,6,0,,0,
NC1=C=CN=C1,6,0,,0,
NC1=C=CN=N1,6,0,,0,
NC1=C=CNC1,6,0,,0,
NC1=C=CNN1,6,0,,0,
NC1=C=CNO1,6,0,,0,
NC1=C=COC1,6,0,,0,
NC1=C=CON1,6,0,,0,
NC1=C=COO1,6,0,,0,
NC1=C=NC#C1,6,0,,0,
NC1=C=NC1=O,6,0,,0,
NC1=C=NC1N,6,0,,0,
NC1=C=NC1O,6,0,,0,
NC1=C=NC=C1,6,0,,0,
NC1=C=NC=N1,6,0,,0,
NC1=C=NCC1,6,0,,0,
NC1=C=NCN1,6,0,,0,
NC1=C=NCO1,6,0,,0,
NC1=C=NN1N,6,0,,0,
NC1=C=NN1O,6,0,,0,
NC1=C=NN=C1,6,0,,0,
NC1=C=NN=N1,6,0,,0,
NC1=C=NNC1,6,0,,0,
NC1=C=NNN1,6,0,,0,
NC1=C=NNO1,6,0,,0,
NC1=C=NOC1,6,0,,0,
NC1=C=NON1,6,0,,0,
NC1=C=NOO1,6,0,,0,
NC1=CC#CC1,6,0,,0,
NC1=CC(=O)C1,6,0,,0,
NC1=CC(=O)N1,6,0,,0,
NC1=CC(=O)O1,6,0,,0,
NC1=CC(N)=C1,6,0,,0,
NC1=CC(N)=N1,6,0,,0,
NC1=CC(N)C1,6,0,,0,
NC1=CC(N)N1,6,0,,0,
NC1=CC(N)O1,6,0,,0,
NC1=CC(O)=C1,6,0,,0,
NC1=CC(O)=N1,6,0,,0,
NC1=CC(O)C1,6,0,,0,
NC1=CC(O)N1,6,0,,0,
NC1=CC(O)O1,6,0,,0,
NC1=CC1(N)N,6,0,,0,
NC1=CC1(N)O,6,0,,0,
NC1=CC1(O)O,6,0,,0,
NC1=CC12C#C2,6,0,,0,
NC1=CC12C=C2,6,0,,0,
NC1=CC12C=N2,6,0,,0,
NC1=CC12CC2,6,0,,0,
NC1=CC12CN2,6,0,,0,
NC1=CC12CO2,6,0,,0,
NC1=CC12N=N2,6,0,,0,
NC1=CC12NN2,6,0,,0,
NC1=CC12NO2,6,0,,0,
NC1=CC12OO2,6,0,,0,
NC1=CC1=C=O,6,0,,0,
NC1=CC1=CO,6,0,,0,
NC1=CC1C=O,6,0,,0,
NC1=CC1CO,6,0,,0,
NC1=CC1N=O,6,0,,0,
NC1=CC1NO,6,0,,0,
NC1=CC1OO,6,0,,0,
NC1=CC2=C1C2,6,0,,0,
NC1=CC2=C=C21,6,0,,0,
NC1=CC2=CC12,6,0,,0,
NC1=CC2=NC12,6,0,,0,
NC1=CC2C=C12,6,0,,0,
NC1=CC2CC12,6,0,,0,
NC1=CC2CN12,6,0,,0,
NC1=CC2N=C12,6,0,,0,
NC1=CC2NC12,6,0,,0,
NC1=CC2NN12,6,0,,0,
NC1=CC2OC12,6,0,,0,
NC1=CC2ON12,6,0,,0,
NC1=CC=C1N,6,0,,0,
NC1=CC=C1O,6,0,,0,
NC1=CC=C=C1,6,0,,0,
NC1=CC=C=N1,6,0,,0,
NC1=CC=CC1,6,0,,0,
NC1=CC=NC1,6,0,,0,
NC1=CCC#C1,6,0,,0,
NC1=CCC1=O,6,0,,0,
NC1=CCC1N,6,0,,0,
NC1=CCC1O,6,0,,0,
NC1=CCC=C1,6,0,,0,
NC1=CCC=N1,6,0,,0,
NC1=CCCC1,6,0,,0,
NC1=CCCN1,6,0,,0,
NC1=CCCO1,6,0,,0,
NC1=CCN1N,6,0,,0,
NC1=CCN1O,6,0,,0,
NC1=CCN=C1,6,0,,0,
NC1=CCN=N1,6,0,,0,
NC1=CCNC1,6,0,,0,
NC1=CCNN1,6,0,,0,
NC1=CCNO1,6,0,,0,
NC1=CCOC1,6,0,,0,
NC1=CCON1,6,0,,0,
NC1=CCOO1,6,0,,0,
NC1=CN(N)C1,6,0,,0,
NC1=CN(O)C1,6,0,,0,
NC1=CN1C=O,6,0,,0,
NC1=CN1CO,6,0,,0,
NC1=CN1N=O,6,0,,0,
NC1=CN1NO,6,0,,0,
NC1=CN1OO,6,0,,0,
NC1=CN2CC12,6,0,,0,
NC1=CN2NC12,6,0,,0,
NC1=CN2OC12,6,0,,0,
NC1=CN=C1N,6,0,,0,
NC1=CN=C1O,6,0,,0,
NC1=CN=C=C1,6,0,,0,
NC1=CN=C=N1,6,0,,0,
NC1=CN=CC1,6,0,,0,
NC1=CN=NC1,6,0,,0,
NC1=CNC1=O,6,0,,0,
NC1=CNC1N,6,0,,0,
NC1=CNC1O,6,0,,0,
NC1=CNCC1,6,0,,0,
NC1=CNCN1,6,0,,0,
NC1=CNCO1,6,0,,0,
NC1=CNNC1,6,0,,0,
NC1=CNNN1,6,0,,0,
NC1=CNNO1,6,0,,0,
NC1=CNOC1,6,0,,0,
NC1=CNON1,6,0,,0,
NC1=CNOO1,6,0,,0,
NC1=COC1=O,6,0,,0,
NC1=COC1N,6,0,,0,
NC1=COC1O,6,0,,0,
NC1=COCC1,6,0,,0,
NC1=COCN1,6,0,,0,
NC1=COCO1,6,0,,0,
NC1=CONC1,6,0,,0,
NC1=CONN1,6,0,,0,
NC1=CONO1,6,0,,0,
NC1=COOC1,6,0,,0,
NC1=COON1,6,0,,0,
NC1=COOO1,6,0,,0,
NC1=NC#CC1,6,0,,0,
NC1=NC(=O)C1,6,0,,0,
NC1=NC(=O)N1,6,0,,0,
NC1=NC(=O)O1,6,0,,0,
NC1=NC(N)=N1,6,0,,0,
NC1=NC(N)C1,6,0,,0,
NC1=NC(N)N1,6,0,,0,
NC1=NC(N)O1,6,0,,0,
NC1=NC(O)=C1,6,0,,0,
NC1=NC(O)=N1,6,0,,0,
NC1=NC(O)C1,6,0,,0,
NC1=NC(O)N1,6,0,,0,
NC1=NC(O)O1,6,0,,0,
NC1=NC1(N)N,6,0,,0,
NC1=NC1(N)O,6,0,,0,
NC1=NC1(O)O,6,0,,0,
NC1=NC12C#C2,6,0,,0,
NC1=NC12C=C2,6,0,,0,
NC1=NC12C=N2,6,0,,0,
NC1=NC12CC2,6,0,,0,
NC1=NC12CN2,6,0,,0,
NC1=NC12CO2,6,0,,0,
NC1=NC12N=N2,6,0,,0,
NC1=NC12NN2,6,0,,0,
NC1=NC12NO2,6,0,,0,
NC1=NC12OO2,6,0,,0,
NC1=NC1=C=O,6,0,,0,
NC1=NC1=CO,6,0,,0,
NC1=NC1C=O,6,0,,0,
NC1=NC1CO,6,0,,0,
NC1=NC1N=O,6,0,,0,
NC1=NC1NO,6,0,,0,
NC1=NC1OO,6,0,,0,
NC1=NC2=C1C2,6,0,,0,
NC1=NC2=C=C21,6,0,,0,
NC1=NC2=CC21,6,0,,0,
NC1=NC2=NC12,6,0,,0,
NC1=NC2C=C12,6,0,,0,
NC1=NC2CC12,6,0,,0,
NC1=NC2CN12,6,0,,0,
NC1=NC2N=C12,6,0,,0,
NC1=NC2NC12,6,0,,0,
NC1=NC2NN12,6,0,,0,
NC1=NC2OC12,6,0,,0,
NC1=NC2ON12,6,0,,0,
NC1=NC=C1O,6,0,,0,
NC1=NC=C=C1,6,0,,0,
NC1=NC=C=N1,6,0,,0,
NC1=NC=CC1,6,0,,0,
NC1=NC=NC1,6,0,,0,
NC1=NCC#C1,6,0,,0,
NC1=NCC1=O,6,0,,0,
NC1=NCC1N,6,0,,0,
NC1=NCC1O,6,0,,0,
NC1=NCC=C1,6,0,,0,
NC1=NCC=N1,6,0,,0,
NC1=NCCC1,6,0,,0,
NC1=NCCN1,6,0,,0,
NC1=NCCO1,6,0,,0,
NC1=NCN1N,6,0,,0,
NC1=NCN1O,6,0,,0,
NC1=NCN=C1,6,0,,0,
NC1=NCN=N1,6,0,,0,
NC1=NCNC1,6,0,,0,
NC1=NCNN1,6,0,,0,
NC1=NCNO1,6,0,,0,
NC1=NCOC1,6,0,,0,
NC1=NCON1,6,0,,0,
NC1=NCOO1,6,0,,0,
NC1=NN(N)C1,6,0,,0,
NC1=NN(O)C1,6,0,,0,
NC1=NN1C=O,6,0,,0,
NC1=NN1CO,6,0,,0,
NC1=NN1N=O,6,0,,0,
NC1=NN1NO,6,0,,0,
NC1=NN1OO,6,0,,0,
NC1=NN2CC12,6,0,,0,
NC1=NN2NC12,6,0,,0,
NC1=NN2OC12,6,0,,0,
NC1=NN=C1N,6,0,,0,
NC1=NN=C1O,6,0,,0,
NC1=NN=C=C1,6,0,,0,
NC1=NN=C=N1,6,0,,0,
NC1=NN=CC1,6,0,,0,
NC1=NN=NC1,6,0,,0,
NC1=NNC1=O,6,0,,0,
NC1=NNC1N,6,0,,0,
NC1=NNC1O,6,0,,0,
NC1=NNCC1,6,0,,0,
NC1=NNCN1,6,0,,0,
NC1=NNCO1,6,0,,0,
NC1=NNNC1,6,0,,0,
NC1=NNNN1,6,0,,0,
NC1=NNNO1,6,0,,0,
NC1=NNOC1,6,0,,0,
NC1=NNON1,6,0,,0,
NC1=NNOO1,6,0,,0,
NC1=NOC1=O,6,0,,0,
NC1=NOC1N,6,0,,0,
NC1=NOC1O,6,0,,0,
NC1=NOCC1,6,0,,0,
NC1=NOCN1,6,0,,0,
NC1=NOCO1,6,0,,0,
NC1=NONC1,6,0,,0,
NC1=NONN1,6,0,,0,
NC1=NONO1,6,0,,0,
NC1=NOOC1,6,0,,0,
NC1=NOON1,6,0,,0,
NC1=NOOO1,6,0,,0,
NC1C#CC#C1,6,0,,0,
NC1C#CC1=O,6,0,,0,
NC1C#CC1N,6,0,,0,
NC1C#CC1O,6,0,,0,
NC1C#CC=C1,6,0,,0,
NC1C#CC=N1,6,0,,0,
NC1C#CCC1,6,0,,0,
NC1C#CCN1,6,0,,0,
NC1C#CCO1,6,0,,0,
NC1C#CN1N,6,0,,0,
NC1C#CN1O,6,0,,0,
NC1C#CN=C1,6,0,,0,
NC1C#CN=N1,6,0,,0,
NC1C#CNC1,6,0,,0,
NC1C#CNN1,6,0,,0,
NC1C#CNO1,6,0,,0,
NC1C#COC1,6,0,,0,
NC1C#CON1,6,0,,0,
NC1C#COO1,6,0,,0,
NC1C(=O)C1=O,6,0,,0,
NC1C(=O)C1N,6,0,,0,
NC1C(=O)C1O,6,0,,0,
NC1C(=O)N1N,6,0,,0,
NC1C(=O)N1O,6,0,,0,
NC1C(N)C1N,6,0,,0,
NC1C(N)C1O,6,0,,0,
NC1C(N)N1N,6,0,,0,
NC1C(N)N1O,6,0,,0,
NC1C(O)=C1O,6,0,,0,
NC1C(O)C1O,6,0,,0,
NC1C(O)N1N,6,0,,0,
NC1C(O)N1O,6,0,,0,
NC1C23C4=C2C413,6,0,,0,
NC1C23C4C2C143,6,0,,0,
NC1C23C4N2C143,6,0,,0,
NC1C23CC12C3,6,0,,0,
NC1C23CC12N3,6,0,,0,
NC1C23CC12O3,6,0,,0,
NC1C23N4N2C143,6,0,,0,
NC1C23NC12N3,6,0,,0,
NC1C23NC12O3,6,0,,0,
NC1C23OC12O3,6,0,,0,
NC1C2=C(O)C21,6,0,,0,
NC1C2=C(O)N21,6,0,,0,
NC1C2=C1C#C2,6,0,,0,
NC1C2=C1C2N,6,0,,0,
NC1C2=C1C2O,6,0,,0,
NC1C2=C1C=C2,6,0,,0,
NC1C2=C1CC2,6,0,,0,
NC1C2=C1N2N,6,0,,0,
NC1C2=C1N2O,6,0,,0,
NC1C2=C1N=C2,6,0,,0,
NC1C2=C1N=N2,6,0,,0,
NC1C2=C1NC2,6,0,,0,
NC1C2=C1OC2,6,0,,0,
NC1C2=C3C1N23,6,0,,0,
NC1C2=C3C2=C31,6,0,,0,
NC1C2=C3C2C31,6,0,,0,
NC1C2=C3C2N31,6,0,,0,
NC1C2=C3CC321,6,0,,0,
NC1C2=C3NC321,6,0,,0,
NC1C2=C3OC321,6,0,,0,
NC1C2=C=C1C2,6,0,,0,
NC1C2=C=C1N2,6,0,,0,
NC1C2=C=C1O2,6,0,,0,
NC1C2=C=C=C21,6,0,,0,
NC1C2=C=CC21,6,0,,0,
NC1C2=C=CN21,6,0,,0,
NC1C2=C=NC21,6,0,,0,
NC1C2=C=NN21,6,0,,0,
NC1C2=CC1=C2,6,0,,0,
NC1C2=CC1=N2,6,0,,0,
NC1C2=CC1C2,6,0,,0,
NC1C2=CC1N2,6,0,,0,
NC1C2=CC1O2,6,0,,0,
NC1C2=CC21N,6,0,,0,
NC1C2=CC21O,6,0,,0,
NC1C2=CC=C21,6,0,,0,
NC1C2=CCC21,6,0,,0,
NC1C2=CCN21,6,0,,0,
NC1C2=CN1C2,6,0,,0,
NC1C2=CN=C21,6,0,,0,
NC1C2=CNC21,6,0,,0,
NC1C2=COC21,6,0,,0,
NC1C2=NC1=N2,6,0,,0,
NC1C2=NC1C2,6,0,,0,
NC1C2=NC1N2,6,0,,0,
NC1C2=NC1O2,6,0,,0,
NC1C2=NC21N,6,0,,0,
NC1C2=NC21O,6,0,,0,
NC1C2=NCC21,6,0,,0,
NC1C2=NCN21,6,0,,0,
NC1C2=NN1C2,6,0,,0,
NC1C2=NN=C21,6,0,,0,
NC1C2=NNC21,6,0,,0,
NC1C2=NOC21,6,0,,0,
NC1C2C#CC12,6,0,,0,
NC1C2C#CN12,6,0,,0,
NC1C2C(=O)C12,6,0,,0,
NC1C2C(=O)N12,6,0,,0,
NC1C2C(N)C12,6,0,,0,
NC1C2C(N)N12,6,0,,0,
NC1C2C(O)C12,6,0,,0,
NC1C2C(O)N12,6,0,,0,
NC1C2C1N2N,6,0,,0,
NC1C2C1N2O,6,0,,0,
NC1C2C3=C2C31,6,0,,0,
NC1C2C3=C2N31,6,0,,0,
NC1C2C3=CC312,6,0,,0,
NC1C2C3=NC312,6,0,,0,
NC1C2C3C1C23,6,0,,0,
NC1C2C3C1N23,6,0,,0,
NC1C2C3C2N13,6,0,,0,
NC1C2C3CC132,6,0,,0,
NC1C2C3N1N23,6,0,,0,
NC1C2C3NC132,6,0,,0,
NC1C2C3OC132,6,0,,0,
NC1C2C=CC12,6,0,,0,
NC1C2C=CN12,6,0,,0,
NC1C2C=NC12,6,0,,0,
NC1C2C=NN12,6,0,,0,
NC1C2CC12N,6,0,,0,
NC1C2CC12O,6,0,,0,
NC1C2CC1C2,6,0,,0,
NC1C2CC1N2,6,0,,0,
NC1C2CC1O2,6,0,,0,
NC1C2CCC12,6,0,,0,
NC1C2CCN12,6,0,,0,
NC1C2CN1C2,6,0,,0,
NC1C2CN1N2,6,0,,0,
NC1C2CN1O2,6,0,,0,
NC1C2CNC12,6,0,,0,
NC1C2CNN12,6,0,,0,
NC1C2COC12,6,0,,0,
NC1C2CON12,6,0,,0,
NC1C2N(N)N12,6,0,,0,
NC1C2N(O)N12,6,0,,0,
NC1C2N3C1N23,6,0,,0,
NC1C2N3CC123,6,0,,0,
NC1C2N3NC123,6,0,,0,
NC1C2N3OC123,6,0,,0,
NC1C2N=CN12,6,0,,0,
NC1C2N=NC12,6,0,,0,
NC1C2N=NN12,6,0,,0,
NC1C2NC12N,6,0,,0,
NC1C2NC12O,6,0,,0,
NC1C2NC1N2,6,0,,0,
NC1C2NC1O2,6,0,,0,
NC1C2NCN12,6,0,,0,
NC1C2NN1N2,6,0,,0,
NC1C2NN1O2,6,0,,0,
NC1C2NNC12,6,0,,0,
NC1C2NNN12,6,0,,0,
NC1C2NOC12,6,0,,0,
NC1C2NON12,6,0,,0,
NC1C2OC12N,6,0,,0,
NC1C2OC12O,6,0,,0,
NC1C2OC1O2,6,0,,0,
NC1C2OCN12,6,0,,0,
NC1C2ON1O2,6,0,,0,
NC1C2ONN12,6,0,,0,
NC1C2OOC12,6,0,,0,
NC1C2OON12,6,0,,0,
NC1C2n3n1n32,6,0,,0,
NC1C=C(O)C1,6,0,,0,
NC1C=C(O)N1,6,0,,0,
NC1C=C(O)O1,6,0,,0,
NC1C=C1C=O,6,0,,0,
NC1C=C1CO,6,0,,0,
NC1C=C1N=O,6,0,,0,
NC1C=C1NO,6,0,,0,
NC1C=C1OO,6,0,,0,
NC1C=C2C=C21,6,0,,0,
NC1C=C2CC21,6,0,,0,
NC1C=C2CN21,6,0,,0,
NC1C=C2N=C21,6,0,,0,
NC1C=C2NC21,6,0,,0,
NC1C=C2NN21,6,0,,0,
NC1C=C2OC21,6,0,,0,
NC1C=C2ON21,6,0,,0,
NC1C=C=C1O,6,0,,0,
NC1C=C=C=C1,6,0,,0,
NC1C=C=C=N1,6,0,,0,
NC1C=C=CC1,6,0,,0,
NC1C=C=CN1,6,0,,0,
NC1C=C=CO1,6,0,,0,
NC1C=C=NC1,6,0,,0,
NC1C=C=NN1,6,0,,0,
NC1C=C=NO1,6,0,,0,
NC1C=CC1=O,6,0,,0,
NC1C=CC1N,6,0,,0,
NC1C=CC1O,6,0,,0,
NC1C=CC=C1,6,0,,0,
NC1C=CC=N1,6,0,,0,
NC1C=CCC1,6,0,,0,
NC1C=CCN1,6,0,,0,
NC1C=CCO1,6,0,,0,
NC1C=CN1N,6,0,,0,
NC1C=CN1O,6,0,,0,
NC1C=CN=C1,6,0,,0,
NC1C=CN=N1,6,0,,0,
NC1C=CNC1,6,0,,0,
NC1C=CNN1,6,0,,0,
NC1C=CNO1,6,0,,0,
NC1C=COC1,6,0,,0,
NC1C=CON1,6,0,,0,
NC1C=COO1,6,0,,0,
NC1C=NC1=O,6,0,,0,
NC1C=NC1N,6,0,,0,
NC1C=NC1O,6,0,,0,
NC1C=NC=N1,6,0,,0,
NC1C=NCC1,6,0,,0,
NC1C=NCN1,6,0,,0,
NC1C=NCO1,6,0,,0,
NC1C=NN1N,6,0,,0,
NC1C=NN1O,6,0,,0,
NC1C=NN=C1,6,0,,0,
NC1C=NN=N1,6,0,,0,
NC1C=NNC1,6,0,,0,
NC1C=NNN1,6,0,,0,
NC1C=NNO1,6,0,,0,
NC1C=NOC1,6,0,,0,
NC1C=NON1,6,0,,0,
NC1C=NOO1,6,0,,0,
NC1CC#CC1,6,0,,0,
NC1CC#CN1,6,0,,0,
NC1CC#CO1,6,0,,0,
NC1CC(=O)C1,6,0,,0,
NC1CC(=O)N1,6,0,,0,
NC1CC(=O)O1,6,0,,0,
NC1CC(N)C1,6,0,,0,
NC1CC(N)N1,6,0,,0,
NC1CC(N)O1,6,0,,0,
NC1CC(O)=N1,6,0,,0,
NC1CC(O)C1,6,0,,0,
NC1CC(O)N1,6,0,,0,
NC1CC(O)O1,6,0,,0,
NC1CC1(N)N,6,0,,0,
NC1CC1(N)O,6,0,,0,
NC1CC1(O)O,6,0,,0,
NC1CC12C#C2,6,0,,0,
NC1CC12C=C2,6,0,,0,
NC1CC12C=N2,6,0,,0,
NC1CC12CC2,6,0,,0,
NC1CC12CN2,6,0,,0,
NC1CC12CO2,6,0,,0,
NC1CC12N=N2,6,0,,0,
NC1CC12NN2,6,0,,0,
NC1CC12NO2,6,0,,0,
NC1CC12OO2,6,0,,0,
NC1CC1=C=O,6,0,,0,
NC1CC1=CO,6,0,,0,
NC1CC1=NO,6,0,,0,
NC1CC1C=O,6,0,,0,
NC1CC1CO,6,0,,0,
NC1CC1N=O,6,0,,0,
NC1CC1NO,6,0,,0,
NC1CC1OO,6,0,,0,
NC1CC2=C1C2,6,0,,0,
NC1CC2=C1N2,6,0,,0,
NC1CC2=C1O2,6,0,,0,
NC1CC2=C=C21,6,0,,0,
NC1CC2=CC21,6,0,,0,
NC1CC2=CN21,6,0,,0,
NC1CC2=NC21,6,0,,0,
NC1CC2=NN21,6,0,,0,
NC1CC2C=C12,6,0,,0,
NC1CC2CC12,6,0,,0,
NC1CC2CN12,6,0,,0,
NC1CC2N=C12,6,0,,0,
NC1CC2NC12,6,0,,0,
NC1CC2NN12,6,0,,0,
NC1CC2OC12,6,0,,0,
NC1CC2ON12,6,0,,0,
NC1CC=C1O,6,0,,0,
NC1CC=C=N1,6,0,,0,
NC1CC=CC1,6,0,,0,
NC1CC=CN1,6,0,,0,
NC1CC=CO1,6,0,,0,
NC1CC=NC1,6,0,,0,
NC1CC=NN1,6,0,,0,
NC1CC=NO1,6,0,,0,
NC1CCC1=O,6,0,,0,
NC1CCC1N,6,0,,0,
NC1CCC1O,6,0,,0,
NC1CCC=N1,6,0,,0,
NC1CCCC1,6,0,,0,
NC1CCCN1,6,0,,0,
NC1CCCO1,6,0,,0,
NC1CCN1N,6,0,,0,
NC1CCN1O,6,0,,0,
NC1CCN=N1,6,0,,0,
NC1CCNC1,6,0,,0,
NC1CCNN1,6,0,,0,
NC1CCNO1,6,0,,0,
NC1CCOC1,6,0,,0,
NC1CCON1,6,0,,0,
NC1CCOO1,6,0,,0,
NC1CN(N)C1,6,0,,0,
NC1CN(N)N1,6,0,,0,
NC1CN(N)O1,6,0,,0,
NC1CN(O)C1,6,0,,0,
NC1CN(O)N1,6,0,,0,
NC1CN(O)O1,6,0,,0,
NC1CN1C=O,6,0,,0,
NC1CN1CO,6,0,,0,
NC1CN1N=O,6,0,,0,
NC1CN1NO,6,0,,0,
NC1CN1OO,6,0,,0,
NC1CN2C=C12,6,0,,0,
NC1CN2CC12,6,0,,0,
NC1CN2CN12,6,0,,0,
NC1CN2N=C12,6,0,,0,
NC1CN2NC12,6,0,,0,
NC1CN2OC12,6,0,,0,
NC1CN=C1O,6,0,,0,
NC1CN=C=N1,6,0,,0,
NC1CN=CN1,6,0,,0,
NC1CN=CO1,6,0,,0,
NC1CN=NC1,6,0,,0,
NC1CN=NN1,6,0,,0,
NC1CN=NO1,6,0,,0,
NC1CNC1=O,6,0,,0,
NC1CNC1N,6,0,,0,
NC1CNC1O,6,0,,0,
NC1CNC=N1,6,0,,0,
NC1CNCN1,6,0,,0,
NC1CNCO1,6,0,,0,
NC1CNN1N,6,0,,0,
NC1CNN1O,6,0,,0,
NC1CNN=N1,6,0,,0,
NC1CNNC1,6,0,,0,
NC1CNNN1,6,0,,0,
NC1CNNO1,6,0,,0,
NC1CNOC1,6,0,,0,
NC1CNON1,6,0,,0,
NC1CNOO1,6,0,,0,
NC1COC1=O,6,0,,0,
NC1COC1N,6,0,,0,
NC1COC1O,6,0,,0,
NC1COC=N1,6,0,,0,
NC1COCN1,6,0,,0,
NC1COCO1,6,0,,0,
NC1CON1N,6,0,,0,
NC1CON1O,6,0,,0,
NC1CON=N1,6,0,,0,
NC1CONN1,6,0,,0,
NC1CONO1,6,0,,0,
NC1COOC1,6,0,,0,
NC1COON1,6,0,,0,
NC1COOO1,6,0,,0,
NC1Cn2[nH]n21,6,0,,0,
NC1Cn2on21,6,0,,0,
NC1N(N)N1N,6,0,,0,
NC1N(N)N1O,6,0,,0,
NC1N(O)N1O,6,0,,0,
NC1N2C(=O)N12,6,0,,0,
NC1N2C(N)N12,6,0,,0,
NC1N2C(O)N12,6,0,,0,
NC1N2C3=CC312,6,0,,0,
NC1N2C3=NC312,6,0,,0,
NC1N2C3C2N13,6,0,,0,
NC1N2C3CC132,6,0,,0,
NC1N2C3N1N32,6,0,,0,
NC1N2C3NC132,6,0,,0,
NC1N2C3OC132,6,0,,0,
NC1N2CC12N,6,0,,0,
NC1N2CC12O,6,0,,0,
NC1N2CCN12,6,0,,0,
NC1N2CN1C2,6,0,,0,
NC1N2CN1N2,6,0,,0,
NC1N2CN1O2,6,0,,0,
NC1N2CNN12,6,0,,0,
NC1N2CON12,6,0,,0,
NC1N2N3CC132,6,0,,0,
NC1N2N3NC132,6,0,,0,
NC1N2N3OC132,6,0,,0,
NC1N2NC12N,6,0,,0,
NC1N2NC12O,6,0,,0,
NC1N2NN1N2,6,0,,0,
NC1N2NN1O2,6,0,,0,
NC1N2NNN12,6,0,,0,
NC1N2NON12,6,0,,0,
NC1N2OC12N,6,0,,0,
NC1N2OC12O,6,0,,0,
NC1N2ON1O2,6,0,,0,
NC1N2OON12,6,0,,0,
NC1N=C(O)N1,6,0,,0,
NC1N=C(O)O1,6,0,,0,
NC1N=C1C=O,6,0,,0,
NC1N=C1CO,6,0,,0,
NC1N=C1N=O,6,0,,0,
NC1N=C1NO,6,0,,0,
NC1N=C1OO,6,0,,0,
NC1N=C2C=C21,6,0,,0,
NC1N=C2CC21,6,0,,0,
NC1N=C2CN21,6,0,,0,
NC1N=C2N=C21,6,0,,0,
NC1N=C2NC21,6,0,,0,
NC1N=C2NN21,6,0,,0,
NC1N=C2OC21,6,0,,0,
NC1N=C2ON21,6,0,,0,
NC1N=C=C1O,6,0,,0,
NC1N=C=C=N1,6,0,,0,
NC1N=C=CN1,6,0,,0,
NC1N=C=CO1,6,0,,0,
NC1N=C=NN1,6,0,,0,
NC1N=C=NO1,6,0,,0,
NC1N=CC1=O,6,0,,0,
NC1N=CC1O,6,0,,0,
NC1N=CC=N1,6,0,,0,
NC1N=CCN1,6,0,,0,
NC1N=CCO1,6,0,,0,
NC1N=CN1N,6,0,,0,
NC1N=CN1O,6,0,,0,
NC1N=CN=N1,6,0,,0,
NC1N=CNN1,6,0,,0,
NC1N=CNO1,6,0,,0,
NC1N=CON1,6,0,,0,
NC1N=COO1,6,0,,0,
NC1N=NC1=O,6,0,,0,
NC1N=NC1N,6,0,,0,
NC1N=NC1O,6,0,,0,
NC1N=NCN1,6,0,,0,
NC1N=NCO1,6,0,,0,
NC1N=NN1N,6,0,,0,
NC1N=NN1O,6,0,,0,
NC1N=NN=N1,6,0,,0,
NC1N=NNN1,6,0,,0,
NC1N=NNO1,6,0,,0,
NC1N=NON1,6,0,,0,
NC1N=NOO1,6,0,,0,
NC1NC#CN1,6,0,,0,
NC1NC#CO1,6,0,,0,
NC1NC(=O)N1,6,0,,0,
NC1NC(=O)O1,6,0,,0,
NC1NC(N)N1,6,0,,0,
NC1NC(N)O1,6,0,,0,
NC1NC(O)N1,6,0,,0,
NC1NC(O)O1,6,0,,0,
NC1NC1(N)N,6,0,,0,
NC1NC1(N)O,6,0,,0,
NC1NC1(O)O,6,0,,0,
NC1NC12C#C2,6,0,,0,
NC1NC12C=C2,6,0,,0,
NC1NC12C=N2,6,0,,0,
NC1NC12CC2,6,0,,0,
NC1NC12CN2,6,0,,0,
NC1NC12CO2,6,0,,0,
NC1NC12N=N2,6,0,,0,
NC1NC12NN2,6,0,,0,
NC1NC12NO2,6,0,,0,
NC1NC12OO2,6,0,,0,
NC1NC1=C=O,6,0,,0,
NC1NC1=CO,6,0,,0,
NC1NC1=NO,6,0,,0,
NC1NC1C=O,6,0,,0,
NC1NC1CO,6,0,,0,
NC1NC1N=O,6,0,,0,
NC1NC1NO,6,0,,0,
NC1NC1OO,6,0,,0,
NC1NC2=C1C2,6,0,,0,
NC1NC2=C1N2,6,0,,0,
NC1NC2=C1O2,6,0,,0,
NC1NC2=C=C21,6,0,,0,
NC1NC2=CC21,6,0,,0,
NC1NC2=CN21,6,0,,0,
NC1NC2=NC21,6,0,,0,
NC1NC2=NN21,6,0,,0,
NC1NC2C=C12,6,0,,0,
NC1NC2CC12,6,0,,0,
NC1NC2CN12,6,0,,0,
NC1NC2N=C12,6,0,,0,
NC1NC2NC12,6,0,,0,
NC1NC2NN12,6,0,,0,
NC1NC2OC12,6,0,,0,
NC1NC2ON12,6,0,,0,
NC1NC=C1O,6,0,,0,
NC1NC=CN1,6,0,,0,
NC1NC=CO1,6,0,,0,
NC1NC=NN1,6,0,,0,
NC1NC=NO1,6,0,,0,
NC1NCC1=O,6,0,,0,
NC1NCC1O,6,0,,0,
NC1NCCN1,6,0,,0,
NC1NCCO1,6,0,,0,
NC1NCN1N,6,0,,0,
NC1NCN1O,6,0,,0,
NC1NCNN1,6,0,,0,
NC1NCNO1,6,0,,0,
NC1NCON1,6,0,,0,
NC1NCOO1,6,0,,0,
NC1NN(N)N1,6,0,,0,
NC1NN(N)O1,6,0,,0,
NC1NN(O)N1,6,0,,0,
NC1NN(O)O1,6,0,,0,
NC1NN1C=O,6,0,,0,
NC1NN1CO,6,0,,0,
NC1NN1N=O,6,0,,0,
NC1NN1NO,6,0,,0,
NC1NN1OO,6,0,,0,
NC1NN2C=C12,6,0,,0,
NC1NN2CC12,6,0,,0,
NC1NN2CN12,6,0,,0,
NC1NN2N=C12,6,0,,0,
NC1NN2NC12,6,0,,0,
NC1NN2OC12,6,0,,0,
NC1NN=C1O,6,0,,0,
NC1NN=CO1,6,0,,0,
NC1NN=NN1,6,0,,0,
NC1NN=NO1,6,0,,0,
NC1NNC1=O,6,0,,0,
NC1NNC1N,6,0,,0,
NC1NNC1O,6,0,,0,
NC1NNCO1,6,0,,0,
NC1NNN1N,6,0,,0,
NC1NNN1O,6,0,,0,
NC1NNNN1,6,0,,0,
NC1NNNO1,6,0,,0,
NC1NNON1,6,0,,0,
NC1NNOO1,6,0,,0,
NC1NOC1=O,6,0,,0,
NC1NOC1N,6,0,,0,
NC1NOC1O,6,0,,0,
NC1NOCO1,6,0,,0,
NC1NON1N,6,0,,0,
NC1NON1O,6,0,,0,
NC1NONO1,6,0,,0,
NC1NOON1,6,0,,0,
NC1NOOO1,6,0,,0,
NC1Nn2[nH]n21,6,0,,0,
NC1Nn2on21,6,0,,0,
NC1OC#CO1,6,0,,0,
NC1OC(=O)O1,6,0,,0,
NC1OC(N)O1,6,0,,0,
NC1OC(O)O1,6,0,,0,
NC1OC1(N)N,6,0,,0,
NC1OC1(N)O,6,0,,0,
NC1OC1(O)O,6,0,,0,
NC1OC12C#C2,6,0,,0,
NC1OC12C=C2,6,0,,0,
NC1OC12C=N2,6,0,,0,
NC1OC12CC2,6,0,,0,
NC1OC12CN2,6,0,,0,
NC1OC12CO2,6,0,,0,
NC1OC12N=N2,6,0,,0,
NC1OC12NN2,6,0,,0,
NC1OC12NO2,6,0,,0,
NC1OC12OO2,6,0,,0,
NC1OC1=C=O,6,0,,0,
NC1OC1=CO,6,0,,0,
NC1OC1=NO,6,0,,0,
NC1OC1C=O,6,0,,0,
NC1OC1CO,6,0,,0,
NC1OC1N=O,6,0,,0,
NC1OC1NO,6,0,,0,
NC1OC1OO,6,0,,0,
NC1OC2=C1C2,6,0,,0,
NC1OC2=C1N2,6,0,,0,
NC1OC2=C1O2,6,0,,0,
NC1OC2=C=C21,6,0,,0,
NC1OC2=CC21,6,0,,0,
NC1OC2=CN21,6,0,,0,
NC1OC2=NC21,6,0,,0,
NC1OC2=NN21,6,0,,0,
NC1OC2C=C12,6,0,,0,
NC1OC2CC12,6,0,,0,
NC1OC2CN12,6,0,,0,
NC1OC2N=C12,6,0,,0,
NC1OC2NC12,6,0,,0,
NC1OC2NN12,6,0,,0,
NC1OC2OC12,6,0,,0,
NC1OC2ON12,6,0,,0,
NC1OC=C1O,6,0,,0,
NC1OC=CO1,6,0,,0,
NC1OC=NO1,6,0,,0,
NC1OCC1=O,6,0,,0,
NC1OCC1O,6,0,,0,
NC1OCCO1,6,0,,0,
NC1OCN1N,6,0,,0,
NC1OCN1O,6,0,,0,
NC1OCNO1,6,0,,0,
NC1OCOO1,6,0,,0,
NC1ON(N)O1,6,0,,0,
NC1ON(O)O1,6,0,,0,
NC1ON1C=O,6,0,,0,
NC1ON1CO,6,0,,0,
NC1ON1N=O,6,0,,0,
NC1ON1NO,6,0,,0,
NC1ON1OO,6,0,,0,
NC1ON2C=C12,6,0,,0,
NC1ON2CC12,6,0,,0,
NC1ON2CN12,6,0,,0,
NC1ON2N=C12,6,0,,0,
NC1ON2NC12,6,0,,0,
NC1ON2OC12,6,0,,0,
NC1ON=C1O,6,0,,0,
NC1ON=NO1,6,0,,0,
NC1ONC1=O,6,0,,0,
NC1ONC1O,6,0,,0,
NC1ONN1N,6,0,,0,
NC1ONN1O,6,0,,0,
NC1ONNO1,6,0,,0,
NC1ONOO1,6,0,,0,
NC1OOC1=O,6,0,,0,
NC1OOC1N,6,0,,0,
NC1OOC1O,6,0,,0,
NC1OON1N,6,0,,0,
NC1OON1O,6,0,,0,
NC1OOOO1,6,0,,0,
NC1On2[nH]n21,6,0,,0,
NC1On2on21,6,0,,0,
NC1c2[nH][nH]c21,6,0,,0,
NC1c2[nH]oc21,6,0,,0,
NC1c2c1c2=O,6,0,,0,
NC1c2c3n1n2-3,6,0,,0,
NC1c2c[nH]n21,6,0,,0,
NC1c2cn1[nH]2,6,0,,0,
NC1c2cn1o2,6,0,,0,
NC1c2con21,6,0,,0,
NC1c2n[nH]n21,6,0,,0,
NC1c2nn1[nH]2,6,0,,0,
NC1c2nn1o2,6,0,,0,
NC1c2non21,6,0,,0,
NC1c2ooc21,6,0,,0,
NC1n2c#cn21,6,0,,0,
NC1n2c3n1c2=3,6,0,,0,
NC1n2ccn21,6,0,,0,
NC1n2cnn21,6,0,,0,
NC1n2n(N)n21,6,0,,0,
NC1n2n(O)n21,6,0,,0,
NC1n2n3n1n23,6,0,,0,
NC1n2nnn21,6,0,,0,
NC=C(N)C=O,6,0,,0,
NC=C(N)CN,6,0,,0,
NC=C(N)CO,6,0,,0,
NC=C(N)N=O,6,0,,0,
NC=C(N)NN,6,0,,0,
NC=C(N)NO,6,0,,0,
NC=C(N)ON,6,0,,0,
NC=C(N)OO,6,0,,0,
NC=C(O)C=O,6,0,,0,
NC=C(O)CN,6,0,,0,
NC=C(O)CO,6,0,,0,
NC=C(O)N=O,6,0,,0,
NC=C(O)NN,6,0,,0,
NC=C(O)NO,6,0,,0,
NC=C(O)ON,6,0,,0,
NC=C(O)OO,6,0,,0,
NC=C1C#CC1,6,0,,0,
NC=C1C#CN1,6,0,,0,
NC=C1C#CO1,6,0,,0,
NC=C1C2=C1C2,6,0,,0,
NC=C1C2=C1N2,6,0,,0,
NC=C1C2=C1O2,6,0,,0,
NC=C1C2=C=C21,6,0,,0,
NC=C1C2=CC12,6,0,,0,
NC=C1C2=CN12,6,0,,0,
NC=C1C2=NC12,6,0,,0,
NC=C1C2=NN12,6,0,,0,
NC=C1C2CC12,6,0,,0,
NC=C1C2CN12,6,0,,0,
NC=C1C2NC12,6,0,,0,
NC=C1C2NN12,6,0,,0,
NC=C1C2OC12,6,0,,0,
NC=C1C2ON12,6,0,,0,
NC=C1C=C1N,6,0,,0,
NC=C1C=C1O,6,0,,0,
NC=C1C=C=C1,6,0,,0,
NC=C1C=C=N1,6,0,,0,
NC=C1C=CC1,6,0,,0,
NC=C1C=CN1,6,0,,0,
NC=C1C=CO1,6,0,,0,
NC=C1C=NC1,6,0,,0,
NC=C1C=NN1,6,0,,0,
NC=C1C=NO1,6,0,,0,
NC=C1CC1=O,6,0,,0,
NC=C1CC1N,6,0,,0,
NC=C1CC1O,6,0,,0,
NC=C1CC=N1,6,0,,0,
NC=C1CCC1,6,0,,0,
NC=C1CCN1,6,0,,0,
NC=C1CCO1,6,0,,0,
NC=C1CN1N,6,0,,0,
NC=C1CN1O,6,0,,0,
NC=C1CN=N1,6,0,,0,
NC=C1CNC1,6,0,,0,
NC=C1CNN1,6,0,,0,
NC=C1CNO1,6,0,,0,
NC=C1COC1,6,0,,0,
NC=C1CON1,6,0,,0,
NC=C1COO1,6,0,,0,
NC=C1N2CN12,6,0,,0,
NC=C1N=C1N,6,0,,0,
NC=C1N=C1O,6,0,,0,
NC=C1N=C=N1,6,0,,0,
NC=C1N=CN1,6,0,,0,
NC=C1N=CO1,6,0,,0,
NC=C1N=NN1,6,0,,0,
NC=C1N=NO1,6,0,,0,
NC=C1NC1=O,6,0,,0,
NC=C1NC1N,6,0,,0,
NC=C1NC1O,6,0,,0,
NC=C1NCN1,6,0,,0,
NC=C1NCO1,6,0,,0,
NC=C1NN1N,6,0,,0,
NC=C1NN1O,6,0,,0,
NC=C1NNN1,6,0,,0,
NC=C1NNO1,6,0,,0,
NC=C1NON1,6,0,,0,
NC=C1NOO1,6,0,,0,
NC=C1OC1=O,6,0,,0,
NC=C1OC1N,6,0,,0,
NC=C1OC1O,6,0,,0,
NC=C1OCO1,6,0,,0,
NC=C1ON1N,6,0,,0,
NC=C1ON1O,6,0,,0,
NC=C1ONO1,6,0,,0,
NC=C1OOO1,6,0,,0,
NC=C1n2[nH]n21,6,0,,0,
NC=C1n2on21,6,0,,0,
NC=C=C(N)N,6,0,,0,
NC=C=C(N)O,6,0,,0,
NC=C=C(O)O,6,0,,0,
NC=C=C1C#C1,6,0,,0,
NC=C=C1C=C1,6,0,,0,
NC=C=C1C=N1,6,0,,0,
NC=C=C1CC1,6,0,,0,
NC=C=C1CN1,6,0,,0,
NC=C=C1CO1,6,0,,0,
NC=C=C1N=N1,6,0,,0,
NC=C=C1NN1,6,0,,0,
NC=C=C1NO1,6,0,,0,
NC=C=C1OO1,6,0,,0,
NC=C=C=C=O,6,0,,0,
NC=C=C=CN,6,0,,0,
NC=C=C=CO,6,0,,0,
NC=C=C=NN,6,0,,0,
NC=C=C=NO,6,0,,0,
NC=C=CC=O,6,0,,0,
NC=C=CCN,6,0,,0,
NC=C=CCO,6,0,,0,
NC=C=CN=O,6,0,,0,
NC=C=CNN,6,0,,0,
NC=C=CNO,6,0,,0,
NC=C=CON,6,0,,0,
NC=C=COO,6,0,,0,
NC=C=NC=O,6,0,,0,
NC=C=NCN,6,0,,0,
NC=C=NCO,6,0,,0,
NC=C=NN=O,6,0,,0,
NC=C=NNN,6,0,,0,
NC=C=NNO,6,0,,0,
NC=C=NON,6,0,,0,
NC=C=NOO,6,0,,0,
NC=CC#CO,6,0,,0,
NC=CC(=O)O,6,0,,0,
NC=CC(N)=O,6,0,,0,
NC=CC(N)N,6,0,,0,
NC=CC(N)O,6,0,,0,
NC=CC(O)O,6,0,,0,
NC=CC1=C=C1,6,0,,0,
NC=CC1=C=N1,6,0,,0,
NC=CC1=CC1,6,0,,0,
NC=CC1=CN1,6,0,,0,
NC=CC1=CO1,6,0,,0,
NC=CC1=NC1,6,0,,0,
NC=CC1=NN1,6,0,,0,
NC=CC1=NO1,6,0,,0,
NC=CC1C#C1,6,0,,0,
NC=CC1C=C1,6,0,,0,
NC=CC1C=N1,6,0,,0,
NC=CC1CC1,6,0,,0,
NC=CC1CN1,6,0,,0,
NC=CC1CO1,6,0,,0,
NC=CC1N=N1,6,0,,0,
NC=CC1NN1,6,0,,0,
NC=CC1NO1,6,0,,0,
NC=CC1OO1,6,0,,0,
NC=CC=C=O,6,0,,0,
NC=CC=CN,6,0,,0,
NC=CC=CO,6,0,,0,
NC=CC=NN,6,0,,0,
NC=CC=NO,6,0,,0,
NC=CCC=O,6,0,,0,
NC=CCCN,6,0,,0,
NC=CCCO,6,0,,0,
NC=CCN=O,6,0,,0,
NC=CCNN,6,0,,0,
NC=CCNO,6,0,,0,
NC=CCON,6,0,,0,
NC=CCOO,6,0,,0,
NC=CN(N)N,6,0,,0,
NC=CN(N)O,6,0,,0,
NC=CN(O)O,6,0,,0,
NC=CN1C#C1,6,0,,0,
NC=CN1C=C1,6,0,,0,
NC=CN1C=N1,6,0,,0,
NC=CN1CC1,6,0,,0,
NC=CN1CN1,6,0,,0,
NC=CN1CO1,6,0,,0,
NC=CN1N=N1,6,0,,0,
NC=CN=C=O,6,0,,0,
NC=CN=CN,6,0,,0,
NC=CN=CO,6,0,,0,
NC=CN=NN,6,0,,0,
NC=CN=NO,6,0,,0,
NC=CNC=O,6,0,,0,
NC=CNCN,6,0,,0,
NC=CNCO,6,0,,0,
NC=CNN=O,6,0,,0,
NC=CNNN,6,0,,0,
NC=CNNO,6,0,,0,
NC=CNON,6,0,,0,
NC=CNOO,6,0,,0,
NC=COC=O,6,0,,0,
NC=COCN,6,0,,0,
NC=COCO,6,0,,0,
NC=CON=O,6,0,,0,
NC=CONN,6,0,,0,
NC=CONO,6,0,,0,
NC=COON,6,0,,0,
NC=COOO,6,0,,0,
NC=Cn1[nH][nH]1,6,0,,0,
NC=Cn1[nH]o1,6,0,,0,
NC=Cn1oo1,6,0,,0,
NC=NC#CO,6,0,,0,
NC=NC(=O)O,6,0,,0,
NC=NC(N)=O,6,0,,0,
NC=NC(N)N,6,0,,0,
NC=NC(N)O,6,0,,0,
NC=NC(O)O,6,0,,0,
NC=NC1=C=C1,6,0,,0,
NC=NC1=C=N1,6,0,,0,
NC=NC1=CC1,6,0,,0,
NC=NC1=CN1,6,0,,0,
NC=NC1=CO1,6,0,,0,
NC=NC1=NC1,6,0,,0,
NC=NC1=NN1,6,0,,0,
NC=NC1=NO1,6,0,,0,
NC=NC1C#C1,6,0,,0,
NC=NC1C=C1,6,0,,0,
NC=NC1C=N1,6,0,,0,
NC=NC1CC1,6,0,,0,
NC=NC1CN1,6,0,,0,
NC=NC1CO1,6,0,,0,
NC=NC1N=N1,6,0,,0,
NC=NC1NN1,6,0,,0,
NC=NC1NO1,6,0,,0,
NC=NC1OO1,6,0,,0,
NC=NC=C=O,6,0,,0,
NC=NC=CO,6,0,,0,
NC=NC=NN,6,0,,0,
NC=NC=NO,6,0,,0,
NC=NCC=O,6,0,,0,
NC=NCCN,6,0,,0,
NC=NCCO,6,0,,0,
NC=NCN=O,6,0,,0,
NC=NCNN,6,0,,0,
NC=NCNO,6,0,,0,
NC=NCON,6,0,,0,
NC=NCOO,6,0,,0,
NC=NN(N)N,6,0,,0,
NC=NN(N)O,6,0,,0,
NC=NN(O)O,6,0,,0,
NC=NN1C#C1,6,0,,0,
NC=NN1C=C1,6,0,,0,
NC=NN1C=N1,6,0,,0,
NC=NN1CC1,6,0,,0,
NC=NN1CN1,6,0,,0,
NC=NN1CO1,6,0,,0,
NC=NN1N=N1,6,0,,0,
NC=NN=C=O,6,0,,0,
NC=NN=CN,6,0,,0,
NC=NN=CO,6,0,,0,
NC=NN=NN,6,0,,0,
NC=NN=NO,6,0,,0,
NC=NNC=O,6,0,,0,
NC=NNCN,6,0,,0,
NC=NNCO,6,0,,0,
NC=NNN=O,6,0,,0,
NC=NNNN,6,0,,0,
NC=NNNO,6,0,,0,
NC=NNON,6,0,,0,
NC=NNOO,6,0,,0,
NC=NOC=O,6,0,,0,
NC=NOCN,6,0,,0,
NC=NOCO,6,0,,0,
NC=NON=O,6,0,,0,
NC=NONN,6,0,,0,
NC=NONO,6,0,,0,
NC=NOON,6,0,,0,
NC=NOOO,6,0,,0,
NC=Nn1[nH][nH]1,6,0,,0,
NC=Nn1[nH]o1,6,0,,0,
NC=Nn1oo1,6,0,,0,
NCC#CC=O,6,0,,0,
NCC#CCN,6,0,,0,
NCC#CCO,6,0,,0,
NCC#CN=O,6,0,,0,
NCC#CNN,6,0,,0,
NCC#CNO,6,0,,0,
NCC#CON,6,0,,0,
NCC#COO,6,0,,0,
NCC(=O)C=O,6,0,,0,
NCC(=O)CN,6,0,,0,
NCC(=O)CO,6,0,,0,
NCC(=O)N=O,6,0,,0,
NCC(=O)NN,6,0,,0,
NCC(=O)NO,6,0,,0,
NCC(=O)ON,6,0,,0,
NCC(=O)OO,6,0,,0,
NCC(N)(N)N,6,0,,0,
NCC(N)(N)O,6,0,,0,
NCC(N)(O)O,6,0,,0,
NCC(N)=C=O,6,0,,0,
NCC(N)=CO,6,0,,0,
NCC(N)=NN,6,0,,0,
NCC(N)=NO,6,0,,0,
NCC(N)C=O,6,0,,0,
NCC(N)CN,6,0,,0,
NCC(N)CO,6,0,,0,
NCC(N)N=O,6,0,,0,
NCC(N)NN,6,0,,0,
NCC(N)NO,6,0,,0,
NCC(N)ON,6,0,,0,
NCC(N)OO,6,0,,0,
NCC(O)(O)O,6,0,,0,
NCC(O)=C=O,6,0,,0,
NCC(O)=CO,6,0,,0,
NCC(O)=NN,6,0,,0,
NCC(O)=NO,6,0,,0,
NCC(O)C=O,6,0,,0,
NCC(O)CN,6,0,,0,
NCC(O)CO,6,0,,0,
NCC(O)N=O,6,0,,0,
NCC(O)NN,6,0,,0,
NCC(O)NO,6,0,,0,
NCC(O)ON,6,0,,0,
NCC(O)OO,6,0,,0,
NCC1(N)C#C1,6,0,,0,
NCC1(N)C=C1,6,0,,0,
NCC1(N)C=N1,6,0,,0,
NCC1(N)CC1,6,0,,0,
NCC1(N)CN1,6,0,,0,
NCC1(N)CO1,6,0,,0,
NCC1(N)N=N1,6,0,,0,
NCC1(N)NN1,6,0,,0,
NCC1(N)NO1,6,0,,0,
NCC1(N)OO1,6,0,,0,
NCC1(O)C#C1,6,0,,0,
NCC1(O)C=C1,6,0,,0,
NCC1(O)C=N1,6,0,,0,
NCC1(O)CC1,6,0,,0,
NCC1(O)CN1,6,0,,0,
NCC1(O)CO1,6,0,,0,
NCC1(O)N=N1,6,0,,0,
NCC1(O)NN1,6,0,,0,
NCC1(O)NO1,6,0,,0,
NCC1(O)OO1,6,0,,0,
NCC12C3=C1C32,6,0,,0,
NCC12C3=C1N32,6,0,,0,
NCC12C3C1C32,6,0,,0,
NCC12C3C1N32,6,0,,0,
NCC12C3N1N32,6,0,,0,
NCC12C=C1C2,6,0,,0,
NCC12C=C1N2,6,0,,0,
NCC12C=C1O2,6,0,,0,
NCC12CC1=N2,6,0,,0,
NCC12CC1C2,6,0,,0,
NCC12CC1N2,6,0,,0,
NCC12CC1O2,6,0,,0,
NCC12CN1C2,6,0,,0,
NCC12CN1N2,6,0,,0,
NCC12CN1O2,6,0,,0,
NCC12N=C1N2,6,0,,0,
NCC12N=C1O2,6,0,,0,
NCC12NC1N2,6,0,,0,
NCC12NC1O2,6,0,,0,
NCC12NN1N2,6,0,,0,
NCC12NN1O2,6,0,,0,
NCC12OC1O2,6,0,,0,
NCC12ON1O2,6,0,,0,
NCC12n3n1n32,6,0,,0,
NCC1=C(N)C1,6,0,,0,
NCC1=C(N)N1,6,0,,0,
NCC1=C(N)O1,6,0,,0,
NCC1=C(O)C1,6,0,,0,
NCC1=C(O)N1,6,0,,0,
NCC1=C(O)O1,6,0,,0,
NCC1=C2C=C21,6,0,,0,
NCC1=C2CC12,6,0,,0,
NCC1=C2CN12,6,0,,0,
NCC1=C2N=C12,6,0,,0,
NCC1=C2NC12,6,0,,0,
NCC1=C2OC12,6,0,,0,
NCC1=C=C1N,6,0,,0,
NCC1=C=C1O,6,0,,0,
NCC1=C=C=C1,6,0,,0,
NCC1=C=C=N1,6,0,,0,
NCC1=C=CC1,6,0,,0,
NCC1=C=CN1,6,0,,0,
NCC1=C=CO1,6,0,,0,
NCC1=C=NC1,6,0,,0,
NCC1=C=NN1,6,0,,0,
NCC1=C=NO1,6,0,,0,
NCC1=CC#C1,6,0,,0,
NCC1=CC1N,6,0,,0,
NCC1=CC1O,6,0,,0,
NCC1=CC=C1,6,0,,0,
NCC1=CC=N1,6,0,,0,
NCC1=CCC1,6,0,,0,
NCC1=CCN1,6,0,,0,
NCC1=CCO1,6,0,,0,
NCC1=CN1N,6,0,,0,
NCC1=CN1O,6,0,,0,
NCC1=CN=C1,6,0,,0,
NCC1=CN=N1,6,0,,0,
NCC1=CNC1,6,0,,0,
NCC1=COC1,6,0,,0,
NCC1=NC#C1,6,0,,0,
NCC1=NC1N,6,0,,0,
NCC1=NC1O,6,0,,0,
NCC1=NC=C1,6,0,,0,
NCC1=NC=N1,6,0,,0,
NCC1=NCC1,6,0,,0,
NCC1=NCN1,6,0,,0,
NCC1=NCO1,6,0,,0,
NCC1=NN1N,6,0,,0,
NCC1=NN1O,6,0,,0,
NCC1=NN=C1,6,0,,0,
NCC1=NN=N1,6,0,,0,
NCC1=NNC1,6,0,,0,
NCC1=NOC1,6,0,,0,
NCC1C#CC1,6,0,,0,
NCC1C#CN1,6,0,,0,
NCC1C#CO1,6,0,,0,
NCC1C2=C1C2,6,0,,0,
NCC1C2=C1N2,6,0,,0,
NCC1C2=C1O2,6,0,,0,
NCC1C2=C=C21,6,0,,0,
NCC1C2=CC21,6,0,,0,
NCC1C2=CN21,6,0,,0,
NCC1C2=NC21,6,0,,0,
NCC1C2=NN21,6,0,,0,
NCC1C2CC12,6,0,,0,
NCC1C2CN12,6,0,,0,
NCC1C2NC12,6,0,,0,
NCC1C2NN12,6,0,,0,
NCC1C2OC12,6,0,,0,
NCC1C2ON12,6,0,,0,
NCC1C=C1N,6,0,,0,
NCC1C=C1O,6,0,,0,
NCC1C=C=C1,6,0,,0,
NCC1C=C=N1,6,0,,0,
NCC1C=CC1,6,0,,0,
NCC1C=CN1,6,0,,0,
NCC1C=CO1,6,0,,0,
NCC1C=NC1,6,0,,0,
NCC1C=NN1,6,0,,0,
NCC1C=NO1,6,0,,0,
NCC1CC1=O,6,0,,0,
NCC1CC1N,6,0,,0,
NCC1CC1O,6,0,,0,
NCC1CC=N1,6,0,,0,
NCC1CCC1,6,0,,0,
NCC1CCN1,6,0,,0,
NCC1CCO1,6,0,,0,
NCC1CN1N,6,0,,0,
NCC1CN1O,6,0,,0,
NCC1CN=N1,6,0,,0,
NCC1CNC1,6,0,,0,
NCC1CNN1,6,0,,0,
NCC1CNO1,6,0,,0,
NCC1COC1,6,0,,0,
NCC1CON1,6,0,,0,
NCC1COO1,6,0,,0,
NCC1N2CN12,6,0,,0,
NCC1N=C1N,6,0,,0,
NCC1N=C1O,6,0,,0,
NCC1N=C=N1,6,0,,0,
NCC1N=CN1,6,0,,0,
NCC1N=CO1,6,0,,0,
NCC1N=NN1,6,0,,0,
NCC1N=NO1,6,0,,0,
NCC1NC1=O,6,0,,0,
NCC1NC1N,6,0,,0,
NCC1NC1O,6,0,,0,
NCC1NCN1,6,0,,0,
NCC1NCO1,6,0,,0,
NCC1NN1N,6,0,,0,
NCC1NN1O,6,0,,0,
NCC1NNN1,6,0,,0,
NCC1NNO1,6,0,,0,
NCC1NON1,6,0,,0,
NCC1NOO1,6,0,,0,
NCC1OC1=O,6,0,,0,
NCC1OC1N,6,0,,0,
NCC1OC1O,6,0,,0,
NCC1OCO1,6,0,,0,
NCC1ON1N,6,0,,0,
NCC1ON1O,6,0,,0,
NCC1ONO1,6,0,,0,
NCC1OOO1,6,0,,0,
NCC1n2[nH]n21,6,0,,0,
NCC1n2on21,6,0,,0,
NCC=C(N)N,6,0,,0,
NCC=C(N)O,6,0,,0,
NCC=C(O)O,6,0,,0,
NCC=C1C#C1,6,0,,0,
NCC=C1C=C1,6,0,,0,
NCC=C1C=N1,6,0,,0,
NCC=C1CC1,6,0,,0,
NCC=C1CN1,6,0,,0,
NCC=C1CO1,6,0,,0,
NCC=C1N=N1,6,0,,0,
NCC=C1NN1,6,0,,0,
NCC=C1NO1,6,0,,0,
NCC=C1OO1,6,0,,0,
NCC=C=C=O,6,0,,0,
NCC=C=CO,6,0,,0,
NCC=C=NN,6,0,,0,
NCC=C=NO,6,0,,0,
NCC=CC=O,6,0,,0,
NCC=CCN,6,0,,0,
NCC=CCO,6,0,,0,
NCC=CN=O,6,0,,0,
NCC=CNN,6,0,,0,
NCC=CNO,6,0,,0,
NCC=CON,6,0,,0,
NCC=COO,6,0,,0,
NCC=NC=O,6,0,,0,
NCC=NCN,6,0,,0,
NCC=NCO,6,0,,0,
NCC=NN=O,6,0,,0,
NCC=NNN,6,0,,0,
NCC=NNO,6,0,,0,
NCC=NON,6,0,,0,
NCC=NOO,6,0,,0,
NCCC#CO,6,0,,0,
NCCC(=O)O,6,0,,0,
NCCC(N)=O,6,0,,0,
NCCC(N)N,6,0,,0,
NCCC(N)O,6,0,,0,
NCCC(O)O,6,0,,0,
NCCC1=C=C1,6,0,,0,
NCCC1=C=N1,6,0,,0,
NCCC1=CC1,6,0,,0,
NCCC1=CN1,6,0,,0,
NCCC1=CO1,6,0,,0,
NCCC1=NC1,6,0,,0,
NCCC1=NN1,6,0,,0,
NCCC1=NO1,6,0,,0,
NCCC1C#C1,6,0,,0,
NCCC1C=C1,6,0,,0,
NCCC1C=N1,6,0,,0,
NCCC1CC1,6,0,,0,
NCCC1CN1,6,0,,0,
NCCC1CO1,6,0,,0,
NCCC1N=N1,6,0,,0,
NCCC1NN1,6,0,,0,
NCCC1NO1,6,0,,0,
NCCC1OO1,6,0,,0,
NCCC=C=O,6,0,,0,
NCCC=CO,6,0,,0,
NCCC=NN,6,0,,0,
NCCC=NO,6,0,,0,
NCCCC=O,6,0,,0,
NCCCCN,6,0,,0,
NCCCCO,6,0,,0,
NCCCN=O,6,0,,0,
NCCCNN,6,0,,0,
NCCCNO,6,0,,0,
NCCCON,6,0,,0,
NCCCOO,6,0,,0,
NCCN(N)N,6,0,,0,
NCCN(N)O,6,0,,0,
NCCN(O)O,6,0,,0,
NCCN1C#C1,6,0,,0,
NCCN1C=C1,6,0,,0,
NCCN1C=N1,6,0,,0,
NCCN1CC1,6,0,,0,
NCCN1CN1,6,0,,0,
NCCN1CO1,6,0,,0,
NCCN1N=N1,6,0,,0,
NCCN=C=O,6,0,,0,
NCCN=CO,6,0,,0,
NCCN=NN,6,0,,0,
NCCN=NO,6,0,,0,
NCCNC=O,6,0,,0,
NCCNCN,6,0,,0,
NCCNCO,6,0,,0,
NCCNN=O,6,0,,0,
NCCNNN,6,0,,0,
NCCNNO,6,0,,0,
NCCNON,6,0,,0,
NCCNOO,6,0,,0,
NCCOC=O,6,0,,0,
NCCOCN,6,0,,0,
NCCOCO,6,0,,0,
NCCON=O,6,0,,0,
NCCONN,6,0,,0,
NCCONO,6,0,,0,
NCCOON,6,0,,0,
NCCOOO,6,0,,0,
NCCn1[nH][nH]1,6,0,,0,
NCCn1[nH]o1,6,0,,0,
NCCn1oo1,6,0,,0,
NCN(N)C=O,6,0,,0,
NCN(N)CN,6,0,,0,
NCN(N)CO,6,0,,0,
NCN(N)N=O,6,0,,0,
NCN(N)NN,6,0,,0,
NCN(N)NO,6,0,,0,
NCN(N)ON,6,0,,0,
NCN(N)OO,6,0,,0,
NCN(O)C=O,6,0,,0,
NCN(O)CN,6,0,,0,
NCN(O)CO,6,0,,0,
NCN(O)N=O,6,0,,0,
NCN(O)NN,6,0,,0,
NCN(O)NO,6,0,,0,
NCN(O)ON,6,0,,0,
NCN(O)OO,6,0,,0,
NCN1C#CC1,6,0,,0,
NCN1C2=C1C2,6,0,,0,
NCN1C2=C=C21,6,0,,0,
NCN1C2=CC21,6,0,,0,
NCN1C2=NC21,6,0,,0,
NCN1C2CC21,6,0,,0,
NCN1C2CN21,6,0,,0,
NCN1C2NC21,6,0,,0,
NCN1C2NN21,6,0,,0,
NCN1C2OC21,6,0,,0,
NCN1C2ON21,6,0,,0,
NCN1C=C1N,6,0,,0,
NCN1C=C1O,6,0,,0,
NCN1C=C=C1,6,0,,0,
NCN1C=C=N1,6,0,,0,
NCN1C=CC1,6,0,,0,
NCN1C=NC1,6,0,,0,
NCN1CC1=O,6,0,,0,
NCN1CC1N,6,0,,0,
NCN1CC1O,6,0,,0,
NCN1CC=N1,6,0,,0,
NCN1CCC1,6,0,,0,
NCN1CCN1,6,0,,0,
NCN1CCO1,6,0,,0,
NCN1CN1N,6,0,,0,
NCN1CN1O,6,0,,0,
NCN1CN=N1,6,0,,0,
NCN1CNC1,6,0,,0,
NCN1CNN1,6,0,,0,
NCN1CNO1,6,0,,0,
NCN1COC1,6,0,,0,
NCN1CON1,6,0,,0,
NCN1COO1,6,0,,0,
NCN1N=C1N,6,0,,0,
NCN1N=C1O,6,0,,0,
NCN1N=C=N1,6,0,,0,
NCN1NC1=O,6,0,,0,
NCN1NC1N,6,0,,0,
NCN1NC1O,6,0,,0,
NCN1NCN1,6,0,,0,
NCN1NCO1,6,0,,0,
NCN1NNN1,6,0,,0,
NCN1NNO1,6,0,,0,
NCN1NON1,6,0,,0,
NCN1NOO1,6,0,,0,
NCN1OC1=O,6,0,,0,
NCN1OC1N,6,0,,0,
NCN1OC1O,6,0,,0,
NCN1OCO1,6,0,,0,
NCN1ONO1,6,0,,0,
NCN1OOO1,6,0,,0,
NCN=C(N)N,6,0,,0,
NCN=C(N)O,6,0,,0,
NCN=C(O)O,6,0,,0,
NCN=C1CC1,6,0,,0,
NCN=C1CN1,6,0,,0,
NCN=C1CO1,6,0,,0,
NCN=C1NN1,6,0,,0,
NCN=C1NO1,6,0,,0,
NCN=C1OO1,6,0,,0,
NCN=C=C=O,6,0,,0,
NCN=C=CO,6,0,,0,
NCN=C=NN,6,0,,0,
NCN=C=NO,6,0,,0,
NCN=CC=O,6,0,,0,
NCN=CCO,6,0,,0,
NCN=CN=O,6,0,,0,
NCN=CNN,6,0,,0,
NCN=CNO,6,0,,0,
NCN=CON,6,0,,0,
NCN=COO,6,0,,0,
NCN=NC=O,6,0,,0,
NCN=NCN,6,0,,0,
NCN=NCO,6,0,,0,
NCN=NN=O,6,0,,0,
NCN=NNN,6,0,,0,
NCN=NNO,6,0,,0,
NCN=NON,6,0,,0,
NCN=NOO,6,0,,0,
NCN=c1c#c1,6,0,,0,
NCN=c1cc1,6,0,,0,
NCN=c1cn1,6,0,,0,
NCN=c1nn1,6,0,,0,
NCNC#CO,6,0,,0,
NCNC(=O)O,6,0,,0,
NCNC(N)=O,6,0,,0,
NCNC(N)N,6,0,,0,
NCNC(N)O,6,0,,0,
NCNC(O)O,6,0,,0,
NCNC1=C=C1,6,0,,0,
NCNC1=C=N1,6,0,,0,
NCNC1=CC1,6,0,,0,
NCNC1=CN1,6,0,,0,
NCNC1=CO1,6,0,,0,
NCNC1=NC1,6,0,,0,
NCNC1=NN1,6,0,,0,
NCNC1=NO1,6,0,,0,
NCNC1C#C1,6,0,,0,
NCNC1C=C1,6,0,,0,
NCNC1C=N1,6,0,,0,
NCNC1CC1,6,0,,0,
NCNC1CN1,6,0,,0,
NCNC1CO1,6,0,,0,
NCNC1N=N1,6,0,,0,
NCNC1NN1,6,0,,0,
NCNC1NO1,6,0,,0,
NCNC1OO1,6,0,,0,
NCNC=C=O,6,0,,0,
NCNC=CO,6,0,,0,
NCNC=NN,6,0,,0,
NCNC=NO,6,0,,0,
NCNCC=O,6,0,,0,
NCNCCO,6,0,,0,
NCNCN=O,6,0,,0,
NCNCNN,6,0,,0,
NCNCNO,6,0,,0,
NCNCON,6,0,,0,
NCNCOO,6,0,,0,
NCNN(N)N,6,0,,0,
NCNN(N)O,6,0,,0,
NCNN(O)O,6,0,,0,
NCNN1C#C1,6,0,,0,
NCNN1C=C1,6,0,,0,
NCNN1C=N1,6,0,,0,
NCNN1CC1,6,0,,0,
NCNN1CN1,6,0,,0,
NCNN1CO1,6,0,,0,
NCNN1N=N1,6,0,,0,
NCNN=C=O,6,0,,0,
NCNN=CO,6,0,,0,
NCNN=NN,6,0,,0,
NCNN=NO,6,0,,0,
NCNNC=O,6,0,,0,
NCNNCN,6,0,,0,
NCNNCO,6,0,,0,
NCNNN=O,6,0,,0,
NCNNNN,6,0,,0,
NCNNNO,6,0,,0,
NCNNON,6,0,,0,
NCNNOO,6,0,,0,
NCNOC=O,6,0,,0,
NCNOCN,6,0,,0,
NCNOCO,6,0,,0,
NCNON=O,6,0,,0,
NCNONN,6,0,,0,
NCNONO,6,0,,0,
NCNOON,6,0,,0,
NCNOOO,6,0,,0,
NCNn1[nH][nH]1,6,0,,0,
NCNn1[nH]o1,6,0,,0,
NCNn1oo1,6,0,,0,
NCOC#CO,6,0,,0,
NCOC(=O)O,6,0,,0,
NCOC(N)=O,6,0,,0,
NCOC(N)N,6,0,,0,
NCOC(N)O,6,0,,0,
NCOC(O)O,6,0,,0,
NCOC1=C=C1,6,0,,0,
NCOC1=C=N1,6,0,,0,
NCOC1=CC1,6,0,,0,
NCOC1=CN1,6,0,,0,
NCOC1=CO1,6,0,,0,
NCOC1=NC1,6,0,,0,
NCOC1=NN1,6,0,,0,
NCOC1=NO1,6,0,,0,
NCOC1C#C1,6,0,,0,
NCOC1C=C1,6,0,,0,
NCOC1C=N1,6,0,,0,
NCOC1CC1,6,0,,0,
NCOC1CN1,6,0,,0,
NCOC1CO1,6,0,,0,
NCOC1N=N1,6,0,,0,
NCOC1NN1,6,0,,0,
NCOC1NO1,6,0,,0,
NCOC1OO1,6,0,,0,
NCOC=C=O,6,0,,0,
NCOC=CO,6,0,,0,
NCOC=NN,6,0,,0,
NCOC=NO,6,0,,0,
NCOCC=O,6,0,,0,
NCOCCO,6,0,,0,
NCOCN=O,6,0,,0,
NCOCNN,6,0,,0,
NCOCNO,6,0,,0,
NCOCON,6,0,,0,
NCOCOO,6,0,,0,
NCON(N)N,6,0,,0,
NCON(N)O,6,0,,0,
NCON(O)O,6,0,,0,
NCON1C#C1,6,0,,0,
NCON1C=C1,6,0,,0,
NCON1C=N1,6,0,,0,
NCON1CC1,6,0,,0,
NCON1CN1,6,0,,0,
NCON1CO1,6,0,,0,
NCON1N=N1,6,0,,0,
NCON=C=O,6,0,,0,
NCON=CO,6,0,,0,
NCON=NN,6,0,,0,
NCON=NO,6,0,,0,
NCONC=O,6,0,,0,
NCONCO,6,0,,0,
NCONN=O,6,0,,0,
NCONNN,6,0,,0,
NCONNO,6,0,,0,
NCONON,6,0,,0,
NCONOO,6,0,,0,
NCOOC=O,6,0,,0,
NCOOCN,6,0,,0,
NCOOCO,6,0,,0,
NCOON=O,6,0,,0,
NCOONN,6,0,,0,
NCOONO,6,0,,0,
NCOOON,6,0,,0,
NCOOOO,6,0,,0,
NCOn1[nH][nH]1,6,0,,0,
NCOn1[nH]o1,6,0,,0,
NCOn1oo1,6,0,,0,
NCc1c2[nH]n1-2,6,0,,0,
NCc1c2on1-2,6,0,,0,
NCc1c[nH][nH]1,6,0,,0,
NCc1c[nH]o1,6,0,,0,
NCc1cc1=O,6,0,,0,
NCc1co[nH]1,6,0,,0,
NCc1coo1,6,0,,0,
NCc1n[nH][nH]1,6,0,,0,
NCc1n[nH]o1,6,0,,0,
NCc1nc1=O,6,0,,0,
NCc1no[nH]1,6,0,,0,
NCc1noo1,6,0,,0,
NCn1[nH]n1N,6,0,,0,
NCn1[nH]n1O,6,0,,0,
NCn1c#c[nH]1,6,0,,0,
NCn1c#co1,6,0,,0,
NCn1c2[nH]c1=2,6,0,,0,
NCn1c2cn1-2,6,0,,0,
NCn1c2nn1-2,6,0,,0,
NCn1c2oc1=2,6,0,,0,
NCn1cc[nH]1,6,0,,0,
NCn1cco1,6,0,,0,
NCn1cn[nH]1,6,0,,0,
NCn1cno1,6,0,,0,
NCn1n2[nH]n12,6,0,,0,
NCn1n2n1C2,6,0,,0,
NCn1n2on12,6,0,,0,
NCn1nc[nH]1,6,0,,0,
NCn1nco1,6,0,,0,
NCn1nn[nH]1,6,0,,0,
NCn1nno1,6,0,,0,
NCn1on1N,6,0,,0,
NCn1on1O,6,0,,0,
NN(C=O)C=O,6,0,,0,
NN(C=O)CO,6,0,,0,
NN(C=O)N=O,6,0,,0,
NN(C=O)NO,6,0,,0,
NN(C=O)OO,6,0,,0,
NN(CO)CO,6,0,,0,
NN(CO)N=O,6,0,,0,
NN(CO)NO,6,0,,0,
NN(CO)OO,6,0,,0,
NN(N)C#CO,6,0,,0,
NN(N)C(=O)O,6,0,,0,
NN(N)C(O)O,6,0,,0,
NN(N)C1=C=C1,6,0,,0,
NN(N)C1=C=N1,6,0,,0,
NN(N)C1=CC1,6,0,,0,
NN(N)C1=CN1,6,0,,0,
NN(N)C1=CO1,6,0,,0,
NN(N)C1=NC1,6,0,,0,
NN(N)C1=NN1,6,0,,0,
NN(N)C1=NO1,6,0,,0,
NN(N)C1C#C1,6,0,,0,
NN(N)C1C=C1,6,0,,0,
NN(N)C1C=N1,6,0,,0,
NN(N)C1CC1,6,0,,0,
NN(N)C1CN1,6,0,,0,
NN(N)C1CO1,6,0,,0,
NN(N)C1N=N1,6,0,,0,
NN(N)C1NN1,6,0,,0,
NN(N)C1NO1,6,0,,0,
NN(N)C1OO1,6,0,,0,
NN(N)C=C=O,6,0,,0,
NN(N)C=CO,6,0,,0,
NN(N)C=NO,6,0,,0,
NN(N)CC=O,6,0,,0,
NN(N)CCO,6,0,,0,
NN(N)CN=O,6,0,,0,
NN(N)CNO,6,0,,0,
NN(N)COO,6,0,,0,
NN(N)N(N)N,6,0,,0,
NN(N)N(N)O,6,0,,0,
NN(N)N(O)O,6,0,,0,
NN(N)N1C#C1,6,0,,0,
NN(N)N1C=C1,6,0,,0,
NN(N)N1C=N1,6,0,,0,
NN(N)N1CC1,6,0,,0,
NN(N)N1CN1,6,0,,0,
NN(N)N1CO1,6,0,,0,
NN(N)N1N=N1,6,0,,0,
NN(N)N=C=O,6,0,,0,
NN(N)N=CO,6,0,,0,
NN(N)N=NO,6,0,,0,
NN(N)NC=O,6,0,,0,
NN(N)NCO,6,0,,0,
NN(N)NN=O,6,0,,0,
NN(N)NNO,6,0,,0,
NN(N)NOO,6,0,,0,
NN(N)OC=O,6,0,,0,
NN(N)OCO,6,0,,0,
NN(N)ON=O,6,0,,0,
NN(N)ONO,6,0,,0,
NN(N)OOO,6,0,,0,
NN(N)n1[nH][nH]1,6,0,,0,
NN(N)n1[nH]o1,6,0,,0,
NN(N)n1oo1,6,0,,0,
NN(N=O)N=O,6,0,,0,
NN(N=O)NO,6,0,,0,
NN(N=O)OO,6,0,,0,
NN(NO)NO,6,0,,0,
NN(NO)OO,6,0,,0,
NN(O)C#CO,6,0,,0,
NN(O)C(=O)O,6,0,,0,
NN(O)C(O)O,6,0,,0,
NN(O)C1=C=C1,6,0,,0,
NN(O)C1=C=N1,6,0,,0,
NN(O)C1=CC1,6,0,,0,
NN(O)C1=CN1,6,0,,0,
NN(O)C1=CO1,6,0,,0,
NN(O)C1=NC1,6,0,,0,
NN(O)C1=NN1,6,0,,0,
NN(O)C1=NO1,6,0,,0,
NN(O)C1C#C1,6,0,,0,
NN(O)C1C=C1,6,0,,0,
NN(O)C1C=N1,6,0,,0,
NN(O)C1CC1,6,0,,0,
NN(O)C1CN1,6,0,,0,
NN(O)C1CO1,6,0,,0,
NN(O)C1N=N1,6,0,,0,
NN(O)C1NN1,6,0,,0,
NN(O)C1NO1,6,0,,0,
NN(O)C1OO1,6,0,,0,
NN(O)C=C=O,6,0,,0,
NN(O)C=CO,6,0,,0,
NN(O)C=NO,6,0,,0,
NN(O)CC=O,6,0,,0,
NN(O)CCO,6,0,,0,
NN(O)CN=O,6,0,,0,
NN(O)CNO,6,0,,0,
NN(O)COO,6,0,,0,
NN(O)N(N)O,6,0,,0,
NN(O)N(O)O,6,0,,0,
NN(O)N1C#C1,6,0,,0,
NN(O)N1C=C1,6,0,,0,
NN(O)N1C=N1,6,0,,0,
NN(O)N1CC1,6,0,,0,
NN(O)N1CN1,6,0,,0,
NN(O)N1CO1,6,0,,0,
NN(O)N1N=N1,6,0,,0,
NN(O)N=C=O,6,0,,0,
NN(O)N=CO,6,0,,0,
NN(O)N=NO,6,0,,0,
NN(O)NC=O,6,0,,0,
NN(O)NCO,6,0,,0,
NN(O)NN=O,6,0,,0,
NN(O)NNO,6,0,,0,
NN(O)NOO,6,0,,0,
NN(O)OC=O,6,0,,0,
NN(O)OCO,6,0,,0,
NN(O)ON=O,6,0,,0,
NN(O)ONO,6,0,,0,
NN(O)OOO,6,0,,0,
NN(O)n1[nH][nH]1,6,0,,0,
NN(O)n1[nH]o1,6,0,,0,
NN(O)n1oo1,6,0,,0,
NN(OO)OO,6,0,,0,
NN1C#CC1=O,6,0,,0,
NN1C#CC1O,6,0,,0,
NN1C#CCC1,6,0,,0,
NN1C#CCN1,6,0,,0,
NN1C#CCO1,6,0,,0,
NN1C#CNC1,6,0,,0,
NN1C#CNN1,6,0,,0,
NN1C#CNO1,6,0,,0,
NN1C#COC1,6,0,,0,
NN1C#CON1,6,0,,0,
NN1C#COO1,6,0,,0,
NN1C(=O)C1O,6,0,,0,
NN1C(=O)N1N,6,0,,0,
NN1C(=O)N1O,6,0,,0,
NN1C(O)=C1O,6,0,,0,
NN1C(O)C1O,6,0,,0,
NN1C(O)N1N,6,0,,0,
NN1C(O)N1O,6,0,,0,
NN1C23C4=C2C413,6,0,,0,
NN1C23C4C2C413,6,0,,0,
NN1C23C4N2C413,6,0,,0,
NN1C23CC12C3,6,0,,0,
NN1C23CC12N3,6,0,,0,
NN1C23CC12O3,6,0,,0,
NN1C23N4N2C143,6,0,,0,
NN1C23NC12N3,6,0,,0,
NN1C23NC12O3,6,0,,0,
NN1C23OC12O3,6,0,,0,
NN1C2=C(O)C21,6,0,,0,
NN1C2=C1C2O,6,0,,0,
NN1C2=C1CC2,6,0,,0,
NN1C2=C1NC2,6,0,,0,
NN1C2=C1OC2,6,0,,0,
NN1C2=C3C1N32,6,0,,0,
NN1C2=C3C2C31,6,0,,0,
NN1C2=C3CC321,6,0,,0,
NN1C2=C3NC321,6,0,,0,
NN1C2=C3OC321,6,0,,0,
NN1C2=C=C1C2,6,0,,0,
NN1C2=C=C=C21,6,0,,0,
NN1C2=C=CC21,6,0,,0,
NN1C2=C=CN21,6,0,,0,
NN1C2=C=NC21,6,0,,0,
NN1C2=C=NN21,6,0,,0,
NN1C2=CC1=C2,6,0,,0,
NN1C2=CC1=N2,6,0,,0,
NN1C2=CC1C2,6,0,,0,
NN1C2=CC1N2,6,0,,0,
NN1C2=CC1O2,6,0,,0,
NN1C2=CC21N,6,0,,0,
NN1C2=CC21O,6,0,,0,
NN1C2=CCC21,6,0,,0,
NN1C2=CCN21,6,0,,0,
NN1C2=CNC21,6,0,,0,
NN1C2=COC21,6,0,,0,
NN1C2=NC1=N2,6,0,,0,
NN1C2=NC1C2,6,0,,0,
NN1C2=NC1N2,6,0,,0,
NN1C2=NC1O2,6,0,,0,
NN1C2=NC21N,6,0,,0,
NN1C2=NC21O,6,0,,0,
NN1C2=NCC21,6,0,,0,
NN1C2=NCN21,6,0,,0,
NN1C2=NNC21,6,0,,0,
NN1C2=NOC21,6,0,,0,
NN1C2C#CC21,6,0,,0,
NN1C2C#CN21,6,0,,0,
NN1C2C(=O)C21,6,0,,0,
NN1C2C(=O)N21,6,0,,0,
NN1C2C(O)C21,6,0,,0,
NN1C2C(O)N21,6,0,,0,
NN1C2C1N2N,6,0,,0,
NN1C2C1N2O,6,0,,0,
NN1C2C3=C2C31,6,0,,0,
NN1C2C3=C2N31,6,0,,0,
NN1C2C3=CC321,6,0,,0,
NN1C2C3=NC321,6,0,,0,
NN1C2C3C1N32,6,0,,0,
NN1C2C3C2C31,6,0,,0,
NN1C2C3C2N31,6,0,,0,
NN1C2C3CC321,6,0,,0,
NN1C2C3N2N31,6,0,,0,
NN1C2C3NC321,6,0,,0,
NN1C2C3OC321,6,0,,0,
NN1C2C=CC21,6,0,,0,
NN1C2C=CN21,6,0,,0,
NN1C2C=NC21,6,0,,0,
NN1C2C=NN21,6,0,,0,
NN1C2CC1C2,6,0,,0,
NN1C2CC1N2,6,0,,0,
NN1C2CC1O2,6,0,,0,
NN1C2CC21N,6,0,,0,
NN1C2CC21O,6,0,,0,
NN1C2CCC21,6,0,,0,
NN1C2CCN21,6,0,,0,
NN1C2CN1C2,6,0,,0,
NN1C2CN1N2,6,0,,0,
NN1C2CN1O2,6,0,,0,
NN1C2CNC21,6,0,,0,
NN1C2CNN21,6,0,,0,
NN1C2COC21,6,0,,0,
NN1C2CON21,6,0,,0,
NN1C2N(N)N21,6,0,,0,
NN1C2N(O)N21,6,0,,0,
NN1C2N3C1N23,6,0,,0,
NN1C2N3CC213,6,0,,0,
NN1C2N3NC213,6,0,,0,
NN1C2N3OC213,6,0,,0,
NN1C2N=CN21,6,0,,0,
NN1C2N=NC21,6,0,,0,
NN1C2N=NN21,6,0,,0,
NN1C2NC1N2,6,0,,0,
NN1C2NC1O2,6,0,,0,
NN1C2NC21N,6,0,,0,
NN1C2NC21O,6,0,,0,
NN1C2NCN21,6,0,,0,
NN1C2NN1N2,6,0,,0,
NN1C2NN1O2,6,0,,0,
NN1C2NNC21,6,0,,0,
NN1C2NNN21,6,0,,0,
NN1C2NOC21,6,0,,0,
NN1C2NON21,6,0,,0,
NN1C2OC1O2,6,0,,0,
NN1C2OC21N,6,0,,0,
NN1C2OC21O,6,0,,0,
NN1C2OCN21,6,0,,0,
NN1C2ON1O2,6,0,,0,
NN1C2ONN21,6,0,,0,
NN1C2OOC21,6,0,,0,
NN1C2OON21,6,0,,0,
NN1C2n3n2n31,6,0,,0,
NN1C=C(O)C1,6,0,,0,
NN1C=C1C=O,6,0,,0,
NN1C=C1CO,6,0,,0,
NN1C=C1N=O,6,0,,0,
NN1C=C1NO,6,0,,0,
NN1C=C1OO,6,0,,0,
NN1C=C2CC21,6,0,,0,
NN1C=C2NC21,6,0,,0,
NN1C=C2OC21,6,0,,0,
NN1C=C=C1O,6,0,,0,
NN1C=C=C=C1,6,0,,0,
NN1C=C=C=N1,6,0,,0,
NN1C=C=CC1,6,0,,0,
NN1C=C=CN1,6,0,,0,
NN1C=C=CO1,6,0,,0,
NN1C=C=NC1,6,0,,0,
NN1C=C=NN1,6,0,,0,
NN1C=C=NO1,6,0,,0,
NN1C=CC1=O,6,0,,0,
NN1C=CC1O,6,0,,0,
NN1C=CCC1,6,0,,0,
NN1C=CCN1,6,0,,0,
NN1C=CCO1,6,0,,0,
NN1C=CNC1,6,0,,0,
NN1C=CNN1,6,0,,0,
NN1C=CNO1,6,0,,0,
NN1C=COC1,6,0,,0,
NN1C=CON1,6,0,,0,
NN1C=COO1,6,0,,0,
NN1C=NC1=O,6,0,,0,
NN1C=NC1O,6,0,,0,
NN1C=NCC1,6,0,,0,
NN1C=NCN1,6,0,,0,
NN1C=NCO1,6,0,,0,
NN1C=NNC1,6,0,,0,
NN1C=NNN1,6,0,,0,
NN1C=NNO1,6,0,,0,
NN1C=NOC1,6,0,,0,
NN1C=NON1,6,0,,0,
NN1C=NOO1,6,0,,0,
NN1CC#CC1,6,0,,0,
NN1CC#CN1,6,0,,0,
NN1CC#CO1,6,0,,0,
NN1CC(=O)C1,6,0,,0,
NN1CC(=O)N1,6,0,,0,
NN1CC(=O)O1,6,0,,0,
NN1CC(O)=N1,6,0,,0,
NN1CC(O)C1,6,0,,0,
NN1CC(O)N1,6,0,,0,
NN1CC(O)O1,6,0,,0,
NN1CC1(N)N,6,0,,0,
NN1CC1(N)O,6,0,,0,
NN1CC1(O)O,6,0,,0,
NN1CC12C#C2,6,0,,0,
NN1CC12C=C2,6,0,,0,
NN1CC12C=N2,6,0,,0,
NN1CC12CC2,6,0,,0,
NN1CC12CN2,6,0,,0,
NN1CC12CO2,6,0,,0,
NN1CC12N=N2,6,0,,0,
NN1CC12NN2,6,0,,0,
NN1CC12NO2,6,0,,0,
NN1CC12OO2,6,0,,0,
NN1CC1=C=O,6,0,,0,
NN1CC1=CO,6,0,,0,
NN1CC1=NO,6,0,,0,
NN1CC1C=O,6,0,,0,
NN1CC1CO,6,0,,0,
NN1CC1N=O,6,0,,0,
NN1CC1NO,6,0,,0,
NN1CC1OO,6,0,,0,
NN1CC2=C1C2,6,0,,0,
NN1CC2=C1N2,6,0,,0,
NN1CC2=C1O2,6,0,,0,
NN1CC2=C=C21,6,0,,0,
NN1CC2=CC21,6,0,,0,
NN1CC2=CN21,6,0,,0,
NN1CC2=NC21,6,0,,0,
NN1CC2=NN21,6,0,,0,
NN1CC2C=C21,6,0,,0,
NN1CC2CC21,6,0,,0,
NN1CC2CN21,6,0,,0,
NN1CC2N=C21,6,0,,0,
NN1CC2NC21,6,0,,0,
NN1CC2NN21,6,0,,0,
NN1CC2OC21,6,0,,0,
NN1CC2ON21,6,0,,0,
NN1CC=C1O,6,0,,0,
NN1CC=C=N1,6,0,,0,
NN1CC=CC1,6,0,,0,
NN1CC=CN1,6,0,,0,
NN1CC=CO1,6,0,,0,
NN1CC=NC1,6,0,,0,
NN1CC=NN1,6,0,,0,
NN1CC=NO1,6,0,,0,
NN1CCC1=O,6,0,,0,
NN1CCC1O,6,0,,0,
NN1CCC=N1,6,0,,0,
NN1CCCC1,6,0,,0,
NN1CCCN1,6,0,,0,
NN1CCCO1,6,0,,0,
NN1CCN1N,6,0,,0,
NN1CCN1O,6,0,,0,
NN1CCN=N1,6,0,,0,
NN1CCNC1,6,0,,0,
NN1CCNN1,6,0,,0,
NN1CCNO1,6,0,,0,
NN1CCOC1,6,0,,0,
NN1CCON1,6,0,,0,
NN1CCOO1,6,0,,0,
NN1CN(N)C1,6,0,,0,
NN1CN(N)N1,6,0,,0,
NN1CN(N)O1,6,0,,0,
NN1CN(O)C1,6,0,,0,
NN1CN(O)N1,6,0,,0,
NN1CN(O)O1,6,0,,0,
NN1CN1C=O,6,0,,0,
NN1CN1CO,6,0,,0,
NN1CN1N=O,6,0,,0,
NN1CN1NO,6,0,,0,
NN1CN1OO,6,0,,0,
NN1CN2C=C12,6,0,,0,
NN1CN2CC12,6,0,,0,
NN1CN2CN12,6,0,,0,
NN1CN2N=C12,6,0,,0,
NN1CN2NC12,6,0,,0,
NN1CN2OC12,6,0,,0,
NN1CN=C1O,6,0,,0,
NN1CN=C=N1,6,0,,0,
NN1CN=CN1,6,0,,0,
NN1CN=CO1,6,0,,0,
NN1CN=NC1,6,0,,0,
NN1CN=NN1,6,0,,0,
NN1CN=NO1,6,0,,0,
NN1CNC1=O,6,0,,0,
NN1CNC1O,6,0,,0,
NN1CNC=N1,6,0,,0,
NN1CNCN1,6,0,,0,
NN1CNCO1,6,0,,0,
NN1CNN1N,6,0,,0,
NN1CNN1O,6,0,,0,
NN1CNN=N1,6,0,,0,
NN1CNNC1,6,0,,0,
NN1CNNN1,6,0,,0,
NN1CNNO1,6,0,,0,
NN1CNOC1,6,0,,0,
NN1CNON1,6,0,,0,
NN1CNOO1,6,0,,0,
NN1COC1=O,6,0,,0,
NN1COC1O,6,0,,0,
NN1COC=N1,6,0,,0,
NN1COCN1,6,0,,0,
NN1COCO1,6,0,,0,
NN1CON1N,6,0,,0,
NN1CON1O,6,0,,0,
NN1CON=N1,6,0,,0,
NN1CONN1,6,0,,0,
NN1CONO1,6,0,,0,
NN1COOC1,6,0,,0,
NN1COON1,6,0,,0,
NN1COOO1,6,0,,0,
NN1Cn2[nH]n21,6,0,,0,
NN1Cn2on21,6,0,,0,
NN1N2C3=CC312,6,0,,0,
NN1N2C3=NC312,6,0,,0,
NN1N2C3C2N31,6,0,,0,
NN1N2C3CC312,6,0,,0,
NN1N2C3N1N32,6,0,,0,
NN1N2C3NC312,6,0,,0,
NN1N2C3OC312,6,0,,0,
NN1N2CC12N,6,0,,0,
NN1N2CC12O,6,0,,0,
NN1N2CN1C2,6,0,,0,
NN1N2CN1N2,6,0,,0,
NN1N2CN1O2,6,0,,0,
NN1N2N3CC132,6,0,,0,
NN1N2N3NC132,6,0,,0,
NN1N2N3OC132,6,0,,0,
NN1N2NC12N,6,0,,0,
NN1N2NC12O,6,0,,0,
NN1N2NN1N2,6,0,,0,
NN1N2NN1O2,6,0,,0,
NN1N2OC12N,6,0,,0,
NN1N2OC12O,6,0,,0,
NN1N2ON1O2,6,0,,0,
NN1N=C1C=O,6,0,,0,
NN1N=C1CO,6,0,,0,
NN1N=C1N=O,6,0,,0,
NN1N=C1NO,6,0,,0,
NN1N=C1OO,6,0,,0,
NN1N=C2CC21,6,0,,0,
NN1N=C2NC21,6,0,,0,
NN1N=C2OC21,6,0,,0,
NN1N=C=C1O,6,0,,0,
NN1N=C=C=N1,6,0,,0,
NN1N=C=CN1,6,0,,0,
NN1N=C=CO1,6,0,,0,
NN1N=C=NN1,6,0,,0,
NN1N=C=NO1,6,0,,0,
NN1N=CC1=O,6,0,,0,
NN1N=CC1O,6,0,,0,
NN1N=CCN1,6,0,,0,
NN1N=CCO1,6,0,,0,
NN1N=CNN1,6,0,,0,
NN1N=CNO1,6,0,,0,
NN1N=CON1,6,0,,0,
NN1N=COO1,6,0,,0,
NN1N=NC1=O,6,0,,0,
NN1N=NC1O,6,0,,0,
NN1N=NCN1,6,0,,0,
NN1N=NCO1,6,0,,0,
NN1N=NNN1,6,0,,0,
NN1N=NNO1,6,0,,0,
NN1N=NON1,6,0,,0,
NN1N=NOO1,6,0,,0,
NN1NC#CN1,6,0,,0,
NN1NC#CO1,6,0,,0,
NN1NC(O)N1,6,0,,0,
NN1NC(O)O1,6,0,,0,
NN1NC1(N)N,6,0,,0,
NN1NC1(N)O,6,0,,0,
NN1NC1(O)O,6,0,,0,
NN1NC12C#C2,6,0,,0,
NN1NC12C=C2,6,0,,0,
NN1NC12C=N2,6,0,,0,
NN1NC12CC2,6,0,,0,
NN1NC12CN2,6,0,,0,
NN1NC12CO2,6,0,,0,
NN1NC12N=N2,6,0,,0,
NN1NC12NN2,6,0,,0,
NN1NC12NO2,6,0,,0,
NN1NC12OO2,6,0,,0,
NN1NC1=C=O,6,0,,0,
NN1NC1=CO,6,0,,0,
NN1NC1=NO,6,0,,0,
NN1NC1C=O,6,0,,0,
NN1NC1CO,6,0,,0,
NN1NC1N=O,6,0,,0,
NN1NC1NO,6,0,,0,
NN1NC1OO,6,0,,0,
NN1NC2=CC21,6,0,,0,
NN1NC2=CN21,6,0,,0,
NN1NC2=NC21,6,0,,0,
NN1NC2=NN21,6,0,,0,
NN1NC2C=C21,6,0,,0,
NN1NC2CC21,6,0,,0,
NN1NC2CN21,6,0,,0,
NN1NC2N=C21,6,0,,0,
NN1NC2NC21,6,0,,0,
NN1NC2NN21,6,0,,0,
NN1NC2OC21,6,0,,0,
NN1NC2ON21,6,0,,0,
NN1NC=CN1,6,0,,0,
NN1NC=CO1,6,0,,0,
NN1NC=NN1,6,0,,0,
NN1NC=NO1,6,0,,0,
NN1NCC1=O,6,0,,0,
NN1NCC1O,6,0,,0,
NN1NCCN1,6,0,,0,
NN1NCCO1,6,0,,0,
NN1NCN1O,6,0,,0,
NN1NCNN1,6,0,,0,
NN1NCNO1,6,0,,0,
NN1NCON1,6,0,,0,
NN1NCOO1,6,0,,0,
NN1NN(N)N1,6,0,,0,
NN1NN(N)O1,6,0,,0,
NN1NN(O)N1,6,0,,0,
NN1NN(O)O1,6,0,,0,
NN1NN2C=C12,6,0,,0,
NN1NN2CC12,6,0,,0,
NN1NN2CN12,6,0,,0,
NN1NN2N=C12,6,0,,0,
NN1NN2NC12,6,0,,0,
NN1NN2OC12,6,0,,0,
NN1NN=CO1,6,0,,0,
NN1NN=NN1,6,0,,0,
NN1NN=NO1,6,0,,0,
NN1NNC1O,6,0,,0,
NN1NNCO1,6,0,,0,
NN1NNN1N,6,0,,0,
NN1NNN1O,6,0,,0,
NN1NOC1O,6,0,,0,
NN1NOCO1,6,0,,0,
NN1NON1N,6,0,,0,
NN1NON1O,6,0,,0,
NN1OC#CO1,6,0,,0,
NN1OC(O)O1,6,0,,0,
NN1OC1(N)N,6,0,,0,
NN1OC1(N)O,6,0,,0,
NN1OC1(O)O,6,0,,0,
NN1OC12C#C2,6,0,,0,
NN1OC12C=C2,6,0,,0,
NN1OC12C=N2,6,0,,0,
NN1OC12CC2,6,0,,0,
NN1OC12CN2,6,0,,0,
NN1OC12CO2,6,0,,0,
NN1OC12N=N2,6,0,,0,
NN1OC12NN2,6,0,,0,
NN1OC12NO2,6,0,,0,
NN1OC12OO2,6,0,,0,
NN1OC1=C=O,6,0,,0,
NN1OC1=CO,6,0,,0,
NN1OC1=NO,6,0,,0,
NN1OC1C=O,6,0,,0,
NN1OC1CO,6,0,,0,
NN1OC1N=O,6,0,,0,
NN1OC1NO,6,0,,0,
NN1OC1OO,6,0,,0,
NN1OC2=CC21,6,0,,0,
NN1OC2=CN21,6,0,,0,
NN1OC2=NC21,6,0,,0,
NN1OC2=NN21,6,0,,0,
NN1OC2C=C21,6,0,,0,
NN1OC2CC21,6,0,,0,
NN1OC2CN21,6,0,,0,
NN1OC2N=C21,6,0,,0,
NN1OC2NC21,6,0,,0,
NN1OC2NN21,6,0,,0,
NN1OC2OC21,6,0,,0,
NN1OC2ON21,6,0,,0,
NN1OC=CO1,6,0,,0,
NN1OC=NO1,6,0,,0,
NN1OCC1=O,6,0,,0,
NN1OCC1O,6,0,,0,
NN1OCCO1,6,0,,0,
NN1OCN1O,6,0,,0,
NN1OCNO1,6,0,,0,
NN1OCOO1,6,0,,0,
NN1ON(N)O1,6,0,,0,
NN1ON(O)O1,6,0,,0,
NN1ON2C=C12,6,0,,0,
NN1ON2CC12,6,0,,0,
NN1ON2CN12,6,0,,0,
NN1ON2N=C12,6,0,,0,
NN1ON2NC12,6,0,,0,
NN1ON2OC12,6,0,,0,
NN1ON=NO1,6,0,,0,
NN1ONC1O,6,0,,0,
NN1ONN1O,6,0,,0,
NN1OOC1O,6,0,,0,
NN1OON1N,6,0,,0,
NN1OON1O,6,0,,0,
NN1c2[nH][nH]c21,6,0,,0,
NN1c2[nH]oc21,6,0,,0,
NN1c2c1c2=O,6,0,,0,
NN1c2c[nH]n21,6,0,,0,
NN1c2con21,6,0,,0,
NN1c2n[nH]n21,6,0,,0,
NN1c2non21,6,0,,0,
NN1c2ooc21,6,0,,0,
NN1n2c3c2n31,6,0,,0,
NN=C(N)C=O,6,0,,0,
NN=C(N)CO,6,0,,0,
NN=C(N)N=O,6,0,,0,
NN=C(N)NN,6,0,,0,
NN=C(N)NO,6,0,,0,
NN=C(N)ON,6,0,,0,
NN=C(N)OO,6,0,,0,
NN=C(O)C=O,6,0,,0,
NN=C(O)CO,6,0,,0,
NN=C(O)N=O,6,0,,0,
NN=C(O)NN,6,0,,0,
NN=C(O)NO,6,0,,0,
NN=C(O)ON,6,0,,0,
NN=C(O)OO,6,0,,0,
NN=C1C#CC1,6,0,,0,
NN=C1C#CN1,6,0,,0,
NN=C1C#CO1,6,0,,0,
NN=C1C2=CC21,6,0,,0,
NN=C1C2=CN21,6,0,,0,
NN=C1C2=NC12,6,0,,0,
NN=C1C2=NN12,6,0,,0,
NN=C1C2CC12,6,0,,0,
NN=C1C2CN12,6,0,,0,
NN=C1C2NC12,6,0,,0,
NN=C1C2NN12,6,0,,0,
NN=C1C2OC12,6,0,,0,
NN=C1C2ON12,6,0,,0,
NN=C1C=C=C1,6,0,,0,
NN=C1C=C=N1,6,0,,0,
NN=C1C=CC1,6,0,,0,
NN=C1C=CN1,6,0,,0,
NN=C1C=CO1,6,0,,0,
NN=C1C=NC1,6,0,,0,
NN=C1C=NN1,6,0,,0,
NN=C1C=NO1,6,0,,0,
NN=C1CC1=O,6,0,,0,
NN=C1CC1N,6,0,,0,
NN=C1CC1O,6,0,,0,
NN=C1CC=N1,6,0,,0,
NN=C1CCC1,6,0,,0,
NN=C1CCN1,6,0,,0,
NN=C1CCO1,6,0,,0,
NN=C1CN1N,6,0,,0,
NN=C1CN1O,6,0,,0,
NN=C1CN=N1,6,0,,0,
NN=C1CNC1,6,0,,0,
NN=C1CNN1,6,0,,0,
NN=C1CNO1,6,0,,0,
NN=C1COC1,6,0,,0,
NN=C1CON1,6,0,,0,
NN=C1COO1,6,0,,0,
NN=C1N2CN12,6,0,,0,
NN=C1N=C=N1,6,0,,0,
NN=C1N=CN1,6,0,,0,
NN=C1N=CO1,6,0,,0,
NN=C1N=NN1,6,0,,0,
NN=C1N=NO1,6,0,,0,
NN=C1NC1N,6,0,,0,
NN=C1NC1O,6,0,,0,
NN=C1NCN1,6,0,,0,
NN=C1NCO1,6,0,,0,
NN=C1NN1N,6,0,,0,
NN=C1NN1O,6,0,,0,
NN=C1OC1N,6,0,,0,
NN=C1OC1O,6,0,,0,
NN=C1OCO1,6,0,,0,
NN=C1ON1N,6,0,,0,
NN=C1ON1O,6,0,,0,
NN=C=C(N)N,6,0,,0,
NN=C=C(N)O,6,0,,0,
NN=C=C(O)O,6,0,,0,
NN=C=C1C#C1,6,0,,0,
NN=C=C1C=C1,6,0,,0,
NN=C=C1C=N1,6,0,,0,
NN=C=C1CC1,6,0,,0,
NN=C=C1CN1,6,0,,0,
NN=C=C1CO1,6,0,,0,
NN=C=C1N=N1,6,0,,0,
NN=C=C1NN1,6,0,,0,
NN=C=C1NO1,6,0,,0,
NN=C=C1OO1,6,0,,0,
NN=C=C=C=O,6,0,,0,
NN=C=C=CO,6,0,,0,
NN=C=C=NN,6,0,,0,
NN=C=C=NO,6,0,,0,
NN=C=CC=O,6,0,,0,
NN=C=CCO,6,0,,0,
NN=C=CN=O,6,0,,0,
NN=C=CNN,6,0,,0,
NN=C=CNO,6,0,,0,
NN=C=CON,6,0,,0,
NN=C=COO,6,0,,0,
NN=C=NC=O,6,0,,0,
NN=C=NCO,6,0,,0,
NN=C=NN=O,6,0,,0,
NN=C=NNN,6,0,,0,
NN=C=NNO,6,0,,0,
NN=C=NON,6,0,,0,
NN=C=NOO,6,0,,0,
NN=CC#CO,6,0,,0,
NN=CC(=O)O,6,0,,0,
NN=CC(N)=O,6,0,,0,
NN=CC(N)N,6,0,,0,
NN=CC(N)O,6,0,,0,
NN=CC(O)O,6,0,,0,
NN=CC1=C=C1,6,0,,0,
NN=CC1=C=N1,6,0,,0,
NN=CC1=CC1,6,0,,0,
NN=CC1=CN1,6,0,,0,
NN=CC1=CO1,6,0,,0,
NN=CC1=NC1,6,0,,0,
NN=CC1=NN1,6,0,,0,
NN=CC1=NO1,6,0,,0,
NN=CC1C#C1,6,0,,0,
NN=CC1C=C1,6,0,,0,
NN=CC1C=N1,6,0,,0,
NN=CC1CC1,6,0,,0,
NN=CC1CN1,6,0,,0,
NN=CC1CO1,6,0,,0,
NN=CC1N=N1,6,0,,0,
NN=CC1NN1,6,0,,0,
NN=CC1NO1,6,0,,0,
NN=CC1OO1,6,0,,0,
NN=CC=C=O,6,0,,0,
NN=CC=CO,6,0,,0,
NN=CC=NN,6,0,,0,
NN=CC=NO,6,0,,0,
NN=CCC=O,6,0,,0,
NN=CCCO,6,0,,0,
NN=CCN=O,6,0,,0,
NN=CCNN,6,0,,0,
NN=CCNO,6,0,,0,
NN=CCON,6,0,,0,
NN=CCOO,6,0,,0,
NN=CN(N)N,6,0,,0,
NN=CN(N)O,6,0,,0,
NN=CN(O)O,6,0,,0,
NN=CN1C#C1,6,0,,0,
NN=CN1C=C1,6,0,,0,
NN=CN1C=N1,6,0,,0,
NN=CN1CC1,6,0,,0,
NN=CN1CN1,6,0,,0,
NN=CN1CO1,6,0,,0,
NN=CN1N=N1,6,0,,0,
NN=CN=C=O,6,0,,0,
NN=CN=CO,6,0,,0,
NN=CN=NN,6,0,,0,
NN=CN=NO,6,0,,0,
NN=CNC=O,6,0,,0,
NN=CNCO,6,0,,0,
NN=CNN=O,6,0,,0,
NN=CNNN,6,0,,0,
NN=CNNO,6,0,,0,
NN=CNON,6,0,,0,
NN=CNOO,6,0,,0,
NN=COC=O,6,0,,0,
NN=COCO,6,0,,0,
NN=CON=O,6,0,,0,
NN=CONN,6,0,,0,
NN=CONO,6,0,,0,
NN=COON,6,0,,0,
NN=COOO,6,0,,0,
NN=Cn1[nH][nH]1,6,0,,0,
NN=Cn1[nH]o1,6,0,,0,
NN=Cn1oo1,6,0,,0,
NN=NC#CO,6,0,,0,
NN=NC(=O)O,6,0,,0,
NN=NC(N)=O,6,0,,0,
NN=NC(N)N,6,0,,0,
NN=NC(N)O,6,0,,0,
NN=NC(O)O,6,0,,0,
NN=NC1=C=C1,6,0,,0,
NN=NC1=C=N1,6,0,,0,
NN=NC1=CC1,6,0,,0,
NN=NC1=CN1,6,0,,0,
NN=NC1=CO1,6,0,,0,
NN=NC1=NC1,6,0,,0,
NN=NC1=NN1,6,0,,0,
NN=NC1=NO1,6,0,,0,
NN=NC1C#C1,6,0,,0,
NN=NC1C=C1,6,0,,0,
NN=NC1C=N1,6,0,,0,
NN=NC1CC1,6,0,,0,
NN=NC1CN1,6,0,,0,
NN=NC1CO1,6,0,,0,
NN=NC1N=N1,6,0,,0,
NN=NC1NN1,6,0,,0,
NN=NC1NO1,6,0,,0,
NN=NC1OO1,6,0,,0,
NN=NC=C=O,6,0,,0,
NN=NC=CO,6,0,,0,
NN=NC=NO,6,0,,0,
NN=NCC=O,6,0,,0,
NN=NCCO,6,0,,0,
NN=NCN=O,6,0,,0,
NN=NCNN,6,0,,0,
NN=NCNO,6,0,,0,
NN=NCON,6,0,,0,
NN=NCOO,6,0,,0,
NN=NN(N)N,6,0,,0,
NN=NN(N)O,6,0,,0,
NN=NN(O)O,6,0,,0,
NN=NN1C#C1,6,0,,0,
NN=NN1C=C1,6,0,,0,
NN=NN1C=N1,6,0,,0,
NN=NN1CC1,6,0,,0,
NN=NN1CN1,6,0,,0,
NN=NN1CO1,6,0,,0,
NN=NN1N=N1,6,0,,0,
NN=NN=C=O,6,0,,0,
NN=NN=CO,6,0,,0,
NN=NN=NN,6,0,,0,
NN=NN=NO,6,0,,0,
NN=NNC=O,6,0,,0,
NN=NNCO,6,0,,0,
NN=NNN=O,6,0,,0,
NN=NNNN,6,0,,0,
NN=NNNO,6,0,,0,
NN=NNON,6,0,,0,
NN=NNOO,6,0,,0,
NN=NOC=O,6,0,,0,
NN=NOCO,6,0,,0,
NN=NON=O,6,0,,0,
NN=NONN,6,0,,0,
NN=NONO,6,0,,0,
NN=NOON,6,0,,0,
NN=NOOO,6,0,,0,
NN=Nn1[nH][nH]1,6,0,,0,
NN=Nn1[nH]o1,6,0,,0,
NN=Nn1oo1,6,0,,0,
NN=c1[nH][nH][nH]1,6,0,,0,
NN=c1[nH][nH]o1,6,0,,0,
NN=c1[nH]c1=O,6,0,,0,
NN=c1[nH]o[nH]1,6,0,,0,
NN=c1[nH]oo1,6,0,,0,
NN=c1c2c1=C=2,6,0,,0,
NN=c1c2c1C2,6,0,,0,
NN=c1c2c1N2,6,0,,0,
NN=c1c2c1O2,6,0,,0,
NN=c1cc1N,6,0,,0,
NN=c1cc1O,6,0,,0,
NN=c1n2[nH]n12,6,0,,0,
NN=c1n2on12,6,0,,0,
NN=c1nc1N,6,0,,0,
NN=c1nc1O,6,0,,0,
NN=c1o[nH]o1,6,0,,0,
NN=c1oc1=O,6,0,,0,
NN=c1ooo1,6,0,,0,
NNC#CC=O,6,0,,0,
NNC#CCO,6,0,,0,
NNC#CN=O,6,0,,0,
NNC#CNN,6,0,,0,
NNC#CNO,6,0,,0,
NNC#CON,6,0,,0,
NNC#COO,6,0,,0,
NNC(=O)C=O,6,0,,0,
NNC(=O)CO,6,0,,0,
NNC(=O)N=O,6,0,,0,
NNC(=O)NN,6,0,,0,
NNC(=O)NO,6,0,,0,
NNC(=O)ON,6,0,,0,
NNC(=O)OO,6,0,,0,
NNC(N)(N)N,6,0,,0,
NNC(N)(N)O,6,0,,0,
NNC(N)(O)O,6,0,,0,
NNC(N)=C=O,6,0,,0,
NNC(N)=CO,6,0,,0,
NNC(N)=NO,6,0,,0,
NNC(N)C=O,6,0,,0,
NNC(N)CO,6,0,,0,
NNC(N)N=O,6,0,,0,
NNC(N)NN,6,0,,0,
NNC(N)NO,6,0,,0,
NNC(N)ON,6,0,,0,
NNC(N)OO,6,0,,0,
NNC(O)(O)O,6,0,,0,
NNC(O)=C=O,6,0,,0,
NNC(O)=CO,6,0,,0,
NNC(O)=NO,6,0,,0,
NNC(O)C=O,6,0,,0,
NNC(O)CO,6,0,,0,
NNC(O)N=O,6,0,,0,
NNC(O)NN,6,0,,0,
NNC(O)NO,6,0,,0,
NNC(O)ON,6,0,,0,
NNC(O)OO,6,0,,0,
NNC1(N)C#C1,6,0,,0,
NNC1(N)C=C1,6,0,,0,
NNC1(N)C=N1,6,0,,0,
NNC1(N)CC1,6,0,,0,
NNC1(N)CN1,6,0,,0,
NNC1(N)CO1,6,0,,0,
NNC1(N)N=N1,6,0,,0,
NNC1(N)NN1,6,0,,0,
NNC1(N)NO1,6,0,,0,
NNC1(N)OO1,6,0,,0,
NNC1(O)C#C1,6,0,,0,
NNC1(O)C=C1,6,0,,0,
NNC1(O)C=N1,6,0,,0,
NNC1(O)CC1,6,0,,0,
NNC1(O)CN1,6,0,,0,
NNC1(O)CO1,6,0,,0,
NNC1(O)N=N1,6,0,,0,
NNC1(O)NN1,6,0,,0,
NNC1(O)NO1,6,0,,0,
NNC1(O)OO1,6,0,,0,
NNC12C3=C1C32,6,0,,0,
NNC12C3=C1N32,6,0,,0,
NNC12C3C1C32,6,0,,0,
NNC12C3C1N32,6,0,,0,
NNC12C3N1N32,6,0,,0,
NNC12C=C1C2,6,0,,0,
NNC12C=C1N2,6,0,,0,
NNC12C=C1O2,6,0,,0,
NNC12CC1=N2,6,0,,0,
NNC12CC1C2,6,0,,0,
NNC12CC1N2,6,0,,0,
NNC12CC1O2,6,0,,0,
NNC12CN1C2,6,0,,0,
NNC12CN1N2,6,0,,0,
NNC12CN1O2,6,0,,0,
NNC12N=C1N2,6,0,,0,
NNC12N=C1O2,6,0,,0,
NNC12NC1N2,6,0,,0,
NNC12NC1O2,6,0,,0,
NNC12NN1N2,6,0,,0,
NNC12NN1O2,6,0,,0,
NNC12OC1O2,6,0,,0,
NNC12ON1O2,6,0,,0,
NNC12n3n1n32,6,0,,0,
NNC1=C(N)C1,6,0,,0,
NNC1=C(N)N1,6,0,,0,
NNC1=C(N)O1,6,0,,0,
NNC1=C(O)C1,6,0,,0,
NNC1=C(O)N1,6,0,,0,
NNC1=C(O)O1,6,0,,0,
NNC1=C2C=C21,6,0,,0,
NNC1=C2CC21,6,0,,0,
NNC1=C2CN21,6,0,,0,
NNC1=C2N=C21,6,0,,0,
NNC1=C2NC12,6,0,,0,
NNC1=C2OC12,6,0,,0,
NNC1=C=C1N,6,0,,0,
NNC1=C=C1O,6,0,,0,
NNC1=C=C=C1,6,0,,0,
NNC1=C=C=N1,6,0,,0,
NNC1=C=CC1,6,0,,0,
NNC1=C=CN1,6,0,,0,
NNC1=C=CO1,6,0,,0,
NNC1=C=NC1,6,0,,0,
NNC1=C=NN1,6,0,,0,
NNC1=C=NO1,6,0,,0,
NNC1=CC#C1,6,0,,0,
NNC1=CC1N,6,0,,0,
NNC1=CC1O,6,0,,0,
NNC1=CC=C1,6,0,,0,
NNC1=CC=N1,6,0,,0,
NNC1=CCC1,6,0,,0,
NNC1=CCN1,6,0,,0,
NNC1=CCO1,6,0,,0,
NNC1=CN1N,6,0,,0,
NNC1=CN1O,6,0,,0,
NNC1=CN=C1,6,0,,0,
NNC1=CN=N1,6,0,,0,
NNC1=CNC1,6,0,,0,
NNC1=COC1,6,0,,0,
NNC1=NC#C1,6,0,,0,
NNC1=NC1N,6,0,,0,
NNC1=NC1O,6,0,,0,
NNC1=NC=C1,6,0,,0,
NNC1=NC=N1,6,0,,0,
NNC1=NCC1,6,0,,0,
NNC1=NCN1,6,0,,0,
NNC1=NCO1,6,0,,0,
NNC1=NN1N,6,0,,0,
NNC1=NN1O,6,0,,0,
NNC1=NN=C1,6,0,,0,
NNC1=NN=N1,6,0,,0,
NNC1=NNC1,6,0,,0,
NNC1=NOC1,6,0,,0,
NNC1C#CC1,6,0,,0,
NNC1C#CN1,6,0,,0,
NNC1C#CO1,6,0,,0,
NNC1C2=C1C2,6,0,,0,
NNC1C2=C1N2,6,0,,0,
NNC1C2=C1O2,6,0,,0,
NNC1C2=C=C21,6,0,,0,
NNC1C2=CC21,6,0,,0,
NNC1C2=CN21,6,0,,0,
NNC1C2=NC21,6,0,,0,
NNC1C2=NN21,6,0,,0,
NNC1C2CC21,6,0,,0,
NNC1C2CN21,6,0,,0,
NNC1C2NC12,6,0,,0,
NNC1C2NN12,6,0,,0,
NNC1C2OC12,6,0,,0,
NNC1C2ON12,6,0,,0,
NNC1C=C1N,6,0,,0,
NNC1C=C1O,6,0,,0,
NNC1C=C=C1,6,0,,0,
NNC1C=C=N1,6,0,,0,
NNC1C=CC1,6,0,,0,
NNC1C=CN1,6,0,,0,
NNC1C=CO1,6,0,,0,
NNC1C=NC1,6,0,,0,
NNC1C=NN1,6,0,,0,
NNC1C=NO1,6,0,,0,
NNC1CC1=O,6,0,,0,
NNC1CC1N,6,0,,0,
NNC1CC1O,6,0,,0,
NNC1CC=N1,6,0,,0,
NNC1CCC1,6,0,,0,
NNC1CCN1,6,0,,0,
NNC1CCO1,6,0,,0,
NNC1CN1N,6,0,,0,
NNC1CN1O,6,0,,0,
NNC1CN=N1,6,0,,0,
NNC1CNC1,6,0,,0,
NNC1CNN1,6,0,,0,
NNC1CNO1,6,0,,0,
NNC1COC1,6,0,,0,
NNC1CON1,6,0,,0,
NNC1COO1,6,0,,0,
NNC1N2CN12,6,0,,0,
NNC1N=C1N,6,0,,0,
NNC1N=C1O,6,0,,0,
NNC1N=C=N1,6,0,,0,
NNC1N=CN1,6,0,,0,
NNC1N=CO1,6,0,,0,
NNC1N=NN1,6,0,,0,
NNC1N=NO1,6,0,,0,
NNC1NC1=O,6,0,,0,
NNC1NC1N,6,0,,0,
NNC1NC1O,6,0,,0,
NNC1NCN1,6,0,,0,
NNC1NCO1,6,0,,0,
NNC1NN1N,6,0,,0,
NNC1NN1O,6,0,,0,
NNC1NNN1,6,0,,0,
NNC1NNO1,6,0,,0,
NNC1NON1,6,0,,0,
NNC1NOO1,6,0,,0,
NNC1OC1=O,6,0,,0,
NNC1OC1N,6,0,,0,
NNC1OC1O,6,0,,0,
NNC1OCO1,6,0,,0,
NNC1ON1N,6,0,,0,
NNC1ON1O,6,0,,0,
NNC1ONO1,6,0,,0,
NNC1OOO1,6,0,,0,
NNC1n2[nH]n21,6,0,,0,
NNC1n2on21,6,0,,0,
NNC=C(N)N,6,0,,0,
NNC=C(N)O,6,0,,0,
NNC=C(O)O,6,0,,0,
NNC=C1C#C1,6,0,,0,
NNC=C1C=C1,6,0,,0,
NNC=C1C=N1,6,0,,0,
NNC=C1CC1,6,0,,0,
NNC=C1CN1,6,0,,0,
NNC=C1CO1,6,0,,0,
NNC=C1N=N1,6,0,,0,
NNC=C1NN1,6,0,,0,
NNC=C1NO1,6,0,,0,
NNC=C1OO1,6,0,,0,
NNC=C=C=O,6,0,,0,
NNC=C=CO,6,0,,0,
NNC=C=NO,6,0,,0,
NNC=CC=O,6,0,,0,
NNC=CCO,6,0,,0,
NNC=CN=O,6,0,,0,
NNC=CNN,6,0,,0,
NNC=CNO,6,0,,0,
NNC=CON,6,0,,0,
NNC=COO,6,0,,0,
NNC=NC=O,6,0,,0,
NNC=NCO,6,0,,0,
NNC=NN=O,6,0,,0,
NNC=NNN,6,0,,0,
NNC=NNO,6,0,,0,
NNC=NON,6,0,,0,
NNC=NOO,6,0,,0,
NNCC#CO,6,0,,0,
NNCC(=O)O,6,0,,0,
NNCC(N)=O,6,0,,0,
NNCC(N)N,6,0,,0,
NNCC(N)O,6,0,,0,
NNCC(O)O,6,0,,0,
NNCC1=C=C1,6,0,,0,
NNCC1=C=N1,6,0,,0,
NNCC1=CC1,6,0,,0,
NNCC1=CN1,6,0,,0,
NNCC1=CO1,6,0,,0,
NNCC1=NC1,6,0,,0,
NNCC1=NN1,6,0,,0,
NNCC1=NO1,6,0,,0,
NNCC1C#C1,6,0,,0,
NNCC1C=C1,6,0,,0,
NNCC1C=N1,6,0,,0,
NNCC1CC1,6,0,,0,
NNCC1CN1,6,0,,0,
NNCC1CO1,6,0,,0,
NNCC1N=N1,6,0,,0,
NNCC1NN1,6,0,,0,
NNCC1NO1,6,0,,0,
NNCC1OO1,6,0,,0,
NNCC=C=O,6,0,,0,
NNCC=CO,6,0,,0,
NNCC=NO,6,0,,0,
NNCCC=O,6,0,,0,
NNCCCO,6,0,,0,
NNCCN=O,6,0,,0,
NNCCNN,6,0,,0,
NNCCNO,6,0,,0,
NNCCON,6,0,,0,
NNCCOO,6,0,,0,
NNCN(N)N,6,0,,0,
NNCN(N)O,6,0,,0,
NNCN(O)O,6,0,,0,
NNCN1C#C1,6,0,,0,
NNCN1C=C1,6,0,,0,
NNCN1C=N1,6,0,,0,
NNCN1CC1,6,0,,0,
NNCN1CN1,6,0,,0,
NNCN1CO1,6,0,,0,
NNCN1N=N1,6,0,,0,
NNCN=C=O,6,0,,0,
NNCN=CO,6,0,,0,
NNCN=NO,6,0,,0,
NNCNC=O,6,0,,0,
NNCNCO,6,0,,0,
NNCNN=O,6,0,,0,
NNCNNN,6,0,,0,
NNCNNO,6,0,,0,
NNCNON,6,0,,0,
NNCNOO,6,0,,0,
NNCOC=O,6,0,,0,
NNCOCO,6,0,,0,
NNCON=O,6,0,,0,
NNCONN,6,0,,0,
NNCONO,6,0,,0,
NNCOON,6,0,,0,
NNCOOO,6,0,,0,
NNCn1[nH][nH]1,6,0,,0,
NNCn1[nH]o1,6,0,,0,
NNCn1oo1,6,0,,0,
NNN(N)C=O,6,0,,0,
NNN(N)CO,6,0,,0,
NNN(N)N=O,6,0,,0,
NNN(N)NN,6,0,,0,
NNN(N)NO,6,0,,0,
NNN(N)ON,6,0,,0,
NNN(N)OO,6,0,,0,
NNN(O)C=O,6,0,,0,
NNN(O)CO,6,0,,0,
NNN(O)N=O,6,0,,0,
NNN(O)NN,6,0,,0,
NNN(O)NO,6,0,,0,
NNN(O)ON,6,0,,0,
NNN(O)OO,6,0,,0,
NNN1C#CC1,6,0,,0,
NNN1C2=C1C2,6,0,,0,
NNN1C2=C=C21,6,0,,0,
NNN1C2=CC21,6,0,,0,
NNN1C2=NC21,6,0,,0,
NNN1C2CC21,6,0,,0,
NNN1C2CN21,6,0,,0,
NNN1C2NC21,6,0,,0,
NNN1C2NN21,6,0,,0,
NNN1C2OC21,6,0,,0,
NNN1C2ON21,6,0,,0,
NNN1C=C1N,6,0,,0,
NNN1C=C1O,6,0,,0,
NNN1C=C=C1,6,0,,0,
NNN1C=C=N1,6,0,,0,
NNN1C=CC1,6,0,,0,
NNN1C=NC1,6,0,,0,
NNN1CC1=O,6,0,,0,
NNN1CC1N,6,0,,0,
NNN1CC1O,6,0,,0,
NNN1CC=N1,6,0,,0,
NNN1CCC1,6,0,,0,
NNN1CCN1,6,0,,0,
NNN1CCO1,6,0,,0,
NNN1CN1N,6,0,,0,
NNN1CN1O,6,0,,0,
NNN1CN=N1,6,0,,0,
NNN1CNC1,6,0,,0,
NNN1CNN1,6,0,,0,
NNN1CNO1,6,0,,0,
NNN1COC1,6,0,,0,
NNN1CON1,6,0,,0,
NNN1COO1,6,0,,0,
NNN1N=C1N,6,0,,0,
NNN1N=C1O,6,0,,0,
NNN1N=C=N1,6,0,,0,
NNN1NC1=O,6,0,,0,
NNN1NC1N,6,0,,0,
NNN1NC1O,6,0,,0,
NNN1NCN1,6,0,,0,
NNN1NCO1,6,0,,0,
NNN1NNN1,6,0,,0,
NNN1NNO1,6,0,,0,
NNN1NON1,6,0,,0,
NNN1NOO1,6,0,,0,
NNN1OC1=O,6,0,,0,
NNN1OC1N,6,0,,0,
NNN1OC1O,6,0,,0,
NNN1OCO1,6,0,,0,
NNN1ONO1,6,0,,0,
NNN1OOO1,6,0,,0,
NNN=C(N)N,6,0,,0,
NNN=C(N)O,6,0,,0,
NNN=C(O)O,6,0,,0,
NNN=C1CC1,6,0,,0,
NNN=C1CN1,6,0,,0,
NNN=C1CO1,6,0,,0,
NNN=C1NN1,6,0,,0,
NNN=C1NO1,6,0,,0,
NNN=C1OO1,6,0,,0,
NNN=C=C=O,6,0,,0,
NNN=C=CO,6,0,,0,
NNN=C=NO,6,0,,0,
NNN=CC=O,6,0,,0,
NNN=CCO,6,0,,0,
NNN=CN=O,6,0,,0,
NNN=CNO,6,0,,0,
NNN=CON,6,0,,0,
NNN=COO,6,0,,0,
NNN=NC=O,6,0,,0,
NNN=NCO,6,0,,0,
NNN=NN=O,6,0,,0,
NNN=NNN,6,0,,0,
NNN=NNO,6,0,,0,
NNN=NON,6,0,,0,
NNN=NOO,6,0,,0,
NNN=c1c#c1,6,0,,0,
NNN=c1cc1,6,0,,0,
NNN=c1cn1,6,0,,0,
NNN=c1nn1,6,0,,0,
NNNC#CO,6,0,,0,
NNNC(=O)O,6,0,,0,
NNNC(N)=O,6,0,,0,
NNNC(N)N,6,0,,0,
NNNC(N)O,6,0,,0,
NNNC(O)O,6,0,,0,
NNNC1=C=C1,6,0,,0,
NNNC1=C=N1,6,0,,0,
NNNC1=CC1,6,0,,0,
NNNC1=CN1,6,0,,0,
NNNC1=CO1,6,0,,0,
NNNC1=NC1,6,0,,0,
NNNC1=NN1,6,0,,0,
NNNC1=NO1,6,0,,0,
NNNC1C#C1,6,0,,0,
NNNC1C=C1,6,0,,0,
NNNC1C=N1,6,0,,0,
NNNC1CC1,6,0,,0,
NNNC1CN1,6,0,,0,
NNNC1CO1,6,0,,0,
NNNC1N=N1,6,0,,0,
NNNC1NN1,6,0,,0,
NNNC1NO1,6,0,,0,
NNNC1OO1,6,0,,0,
NNNC=C=O,6,0,,0,
NNNC=CO,6,0,,0,
NNNC=NO,6,0,,0,
NNNCC=O,6,0,,0,
NNNCCO,6,0,,0,
NNNCN=O,6,0,,0,
NNNCNO,6,0,,0,
NNNCON,6,0,,0,
NNNCOO,6,0,,0,
NNNN(N)N,6,0,,0,
NNNN(N)O,6,0,,0,
NNNN(O)O,6,0,,0,
NNNN1C#C1,6,0,,0,
NNNN1C=C1,6,0,,0,
NNNN1C=N1,6,0,,0,
NNNN1CC1,6,0,,0,
NNNN1CN1,6,0,,0,
NNNN1CO1,6,0,,0,
NNNN1N=N1,6,0,,0,
NNNN=C=O,6,0,,0,
NNNN=CO,6,0,,0,
NNNN=NO,6,0,,0,
NNNNC=O,6,0,,0,
NNNNCO,6,0,,0,
NNNNN=O,6,0,,0,
NNNNNN,6,0,,0,
NNNNNO,6,0,,0,
NNNNON,6,0,,0,
NNNNOO,6,0,,0,
NNNOC=O,6,0,,0,
NNNOCO,6,0,,0,
NNNON=O,6,0,,0,
NNNONN,6,0,,0,
NNNONO,6,0,,0,
NNNOON,6,0,,0,
NNNOOO,6,0,,0,
NNNn1[nH][nH]1,6,0,,0,
NNNn1[nH]o1,6,0,,0,
NNNn1oo1,6,0,,0,
NNOC#CO,6,0,,0,
NNOC(=O)O,6,0,,0,
NNOC(N)=O,6,0,,0,
NNOC(N)N,6,0,,0,
NNOC(N)O,6,0,,0,
NNOC(O)O,6,0,,0,
NNOC1=C=C1,6,0,,0,
NNOC1=C=N1,6,0,,0,
NNOC1=CC1,6,0,,0,
NNOC1=CN1,6,0,,0,
NNOC1=CO1,6,0,,0,
NNOC1=NC1,6,0,,0,
NNOC1=NN1,6,0,,0,
NNOC1=NO1,6,0,,0,
NNOC1C#C1,6,0,,0,
NNOC1C=C1,6,0,,0,
NNOC1C=N1,6,0,,0,
NNOC1CC1,6,0,,0,
NNOC1CN1,6,0,,0,
NNOC1CO1,6,0,,0,
NNOC1N=N1,6,0,,0,
NNOC1NN1,6,0,,0,
NNOC1NO1,6,0,,0,
NNOC1OO1,6,0,,0,
NNOC=C=O,6,0,,0,
NNOC=CO,6,0,,0,
NNOC=NO,6,0,,0,
NNOCC=O,6,0,,0,
NNOCCO,6,0,,0,
NNOCN=O,6,0,,0,
NNOCNO,6,0,,0,
NNOCON,6,0,,0,
NNOCOO,6,0,,0,
NNON(N)N,6,0,,0,
NNON(N)O,6,0,,0,
NNON(O)O,6,0,,0,
NNON1C#C1,6,0,,0,
NNON1C=C1,6,0,,0,
NNON1C=N1,6,0,,0,
NNON1CC1,6,0,,0,
NNON1CN1,6,0,,0,
NNON1CO1,6,0,,0,
NNON1N=N1,6,0,,0,
NNON=C=O,6,0,,0,
NNON=CO,6,0,,0,
NNON=NO,6,0,,0,
NNONC=O,6,0,,0,
NNONCO,6,0,,0,
NNONN=O,6,0,,0,
NNONNO,6,0,,0,
NNONON,6,0,,0,
NNONOO,6,0,,0,
NNOOC=O,6,0,,0,
NNOOCO,6,0,,0,
NNOON=O,6,0,,0,
NNOONN,6,0,,0,
NNOONO,6,0,,0,
NNOOON,6,0,,0,
NNOOOO,6,0,,0,
NNOn1[nH][nH]1,6,0,,0,
NNOn1[nH]o1,6,0,,0,
NNOn1oo1,6,0,,0,
NNc1c2[nH]n1-2,6,0,,0,
NNc1c2on1-2,6,0,,0,
NNc1c[nH][nH]1,6,0,,0,
NNc1c[nH]o1,6,0,,0,
NNc1cc1=O,6,0,,0,
NNc1co[nH]1,6,0,,0,
NNc1coo1,6,0,,0,
NNc1n[nH][nH]1,6,0,,0,
NNc1n[nH]o1,6,0,,0,
NNc1nc1=O,6,0,,0,
NNc1no[nH]1,6,0,,0,
NNc1noo1,6,0,,0,
NNn1[nH]n1N,6,0,,0,
NNn1[nH]n1O,6,0,,0,
NNn1c#c[nH]1,6,0,,0,
NNn1c#co1,6,0,,0,
NNn1c2[nH]c1=2,6,0,,0,
NNn1c2cn1-2,6,0,,0,
NNn1c2nn1-2,6,0,,0,
NNn1c2oc1=2,6,0,,0,
NNn1cc[nH]1,6,0,,0,
NNn1cco1,6,0,,0,
NNn1cn[nH]1,6,0,,0,
NNn1cno1,6,0,,0,
NNn1n2[nH]n12,6,0,,0,
NNn1n2n1C2,6,0,,0,
NNn1n2on12,6,0,,0,
NNn1nc[nH]1,6,0,,0,
NNn1nco1,6,0,,0,
NNn1nn[nH]1,6,0,,0,
NNn1nno1,6,0,,0,
NNn1on1N,6,0,,0,
NNn1on1O,6,0,,0,
NOC#CC=O,6,0,,0,
NOC#CCO,6,0,,0,
NOC#CN=O,6,0,,0,
NOC#CNO,6,0,,0,
NOC#CON,6,0,,0,
NOC#COO,6,0,,0,
NOC(=O)C=O,6,0,,0,
NOC(=O)CO,6,0,,0,
NOC(=O)N=O,6,0,,0,
NOC(=O)NO,6,0,,0,
NOC(=O)ON,6,0,,0,
NOC(=O)OO,6,0,,0,
NOC(N)(N)N,6,0,,0,
NOC(N)(N)O,6,0,,0,
NOC(N)(O)O,6,0,,0,
NOC(N)=C=O,6,0,,0,
NOC(N)=CO,6,0,,0,
NOC(N)=NO,6,0,,0,
NOC(N)C=O,6,0,,0,
NOC(N)CO,6,0,,0,
NOC(N)N=O,6,0,,0,
NOC(N)NO,6,0,,0,
NOC(N)ON,6,0,,0,
NOC(N)OO,6,0,,0,
NOC(O)(O)O,6,0,,0,
NOC(O)=C=O,6,0,,0,
NOC(O)=CO,6,0,,0,
NOC(O)=NO,6,0,,0,
NOC(O)C=O,6,0,,0,
NOC(O)CO,6,0,,0,
NOC(O)N=O,6,0,,0,
NOC(O)NO,6,0,,0,
NOC(O)ON,6,0,,0,
NOC(O)OO,6,0,,0,
NOC1(N)C#C1,6,0,,0,
NOC1(N)C=C1,6,0,,0,
NOC1(N)C=N1,6,0,,0,
NOC1(N)CC1,6,0,,0,
NOC1(N)CN1,6,0,,0,
NOC1(N)CO1,6,0,,0,
NOC1(N)N=N1,6,0,,0,
NOC1(N)NN1,6,0,,0,
NOC1(N)NO1,6,0,,0,
NOC1(N)OO1,6,0,,0,
NOC1(O)C#C1,6,0,,0,
NOC1(O)C=C1,6,0,,0,
NOC1(O)C=N1,6,0,,0,
NOC1(O)CC1,6,0,,0,
NOC1(O)CN1,6,0,,0,
NOC1(O)CO1,6,0,,0,
NOC1(O)N=N1,6,0,,0,
NOC1(O)NN1,6,0,,0,
NOC1(O)NO1,6,0,,0,
NOC1(O)OO1,6,0,,0,
NOC12C3=C1C32,6,0,,0,
NOC12C3=C1N32,6,0,,0,
NOC12C3C1C32,6,0,,0,
NOC12C3C1N32,6,0,,0,
NOC12C3N1N32,6,0,,0,
NOC12C=C1C2,6,0,,0,
NOC12C=C1N2,6,0,,0,
NOC12C=C1O2,6,0,,0,
NOC12CC1=N2,6,0,,0,
NOC12CC1C2,6,0,,0,
NOC12CC1N2,6,0,,0,
NOC12CC1O2,6,0,,0,
NOC12CN1C2,6,0,,0,
NOC12CN1N2,6,0,,0,
NOC12CN1O2,6,0,,0,
NOC12N=C1N2,6,0,,0,
NOC12N=C1O2,6,0,,0,
NOC12NC1N2,6,0,,0,
NOC12NC1O2,6,0,,0,
NOC12NN1N2,6,0,,0,
NOC12NN1O2,6,0,,0,
NOC12OC1O2,6,0,,0,
NOC12ON1O2,6,0,,0,
NOC12n3n1n32,6,0,,0,
NOC1=C(N)C1,6,0,,0,
NOC1=C(N)N1,6,0,,0,
NOC1=C(N)O1,6,0,,0,
NOC1=C(O)C1,6,0,,0,
NOC1=C(O)N1,6,0,,0,
NOC1=C(O)O1,6,0,,0,
NOC1=C2C=C21,6,0,,0,
NOC1=C2CC21,6,0,,0,
NOC1=C2CN21,6,0,,0,
NOC1=C2N=C21,6,0,,0,
NOC1=C2NC21,6,0,,0,
NOC1=C2OC12,6,0,,0,
NOC1=C=C1N,6,0,,0,
NOC1=C=C1O,6,0,,0,
NOC1=C=C=C1,6,0,,0,
NOC1=C=C=N1,6,0,,0,
NOC1=C=CC1,6,0,,0,
NOC1=C=CN1,6,0,,0,
NOC1=C=CO1,6,0,,0,
NOC1=C=NC1,6,0,,0,
NOC1=C=NN1,6,0,,0,
NOC1=C=NO1,6,0,,0,
NOC1=CC#C1,6,0,,0,
NOC1=CC1N,6,0,,0,
NOC1=CC1O,6,0,,0,
NOC1=CC=C1,6,0,,0,
NOC1=CC=N1,6,0,,0,
NOC1=CCC1,6,0,,0,
NOC1=CCN1,6,0,,0,
NOC1=CCO1,6,0,,0,
NOC1=CN1N,6,0,,0,
NOC1=CN1O,6,0,,0,
NOC1=CN=C1,6,0,,0,
NOC1=CN=N1,6,0,,0,
NOC1=CNC1,6,0,,0,
NOC1=COC1,6,0,,0,
NOC1=NC#C1,6,0,,0,
NOC1=NC1N,6,0,,0,
NOC1=NC1O,6,0,,0,
NOC1=NC=C1,6,0,,0,
NOC1=NC=N1,6,0,,0,
NOC1=NCC1,6,0,,0,
NOC1=NCN1,6,0,,0,
NOC1=NCO1,6,0,,0,
NOC1=NN1N,6,0,,0,
NOC1=NN1O,6,0,,0,
NOC1=NN=C1,6,0,,0,
NOC1=NN=N1,6,0,,0,
NOC1=NNC1,6,0,,0,
NOC1=NOC1,6,0,,0,
NOC1C#CC1,6,0,,0,
NOC1C#CN1,6,0,,0,
NOC1C#CO1,6,0,,0,
NOC1C2=C1C2,6,0,,0,
NOC1C2=C1N2,6,0,,0,
NOC1C2=C1O2,6,0,,0,
NOC1C2=C=C21,6,0,,0,
NOC1C2=CC21,6,0,,0,
NOC1C2=CN21,6,0,,0,
NOC1C2=NC21,6,0,,0,
NOC1C2=NN21,6,0,,0,
NOC1C2CC21,6,0,,0,
NOC1C2CN21,6,0,,0,
NOC1C2NC21,6,0,,0,
NOC1C2NN21,6,0,,0,
NOC1C2OC12,6,0,,0,
NOC1C2ON12,6,0,,0,
NOC1C=C1N,6,0,,0,
NOC1C=C1O,6,0,,0,
NOC1C=C=C1,6,0,,0,
NOC1C=C=N1,6,0,,0,
NOC1C=CC1,6,0,,0,
NOC1C=CN1,6,0,,0,
NOC1C=CO1,6,0,,0,
NOC1C=NC1,6,0,,0,
NOC1C=NN1,6,0,,0,
NOC1C=NO1,6,0,,0,
NOC1CC1=O,6,0,,0,
NOC1CC1N,6,0,,0,
NOC1CC1O,6,0,,0,
NOC1CC=N1,6,0,,0,
NOC1CCC1,6,0,,0,
NOC1CCN1,6,0,,0,
NOC1CCO1,6,0,,0,
NOC1CN1N,6,0,,0,
NOC1CN1O,6,0,,0,
NOC1CN=N1,6,0,,0,
NOC1CNC1,6,0,,0,
NOC1CNN1,6,0,,0,
NOC1CNO1,6,0,,0,
NOC1COC1,6,0,,0,
NOC1CON1,6,0,,0,
NOC1COO1,6,0,,0,
NOC1N2CN12,6,0,,0,
NOC1N=C1N,6,0,,0,
NOC1N=C1O,6,0,,0,
NOC1N=C=N1,6,0,,0,
NOC1N=CN1,6,0,,0,
NOC1N=CO1,6,0,,0,
NOC1N=NN1,6,0,,0,
NOC1N=NO1,6,0,,0,
NOC1NC1=O,6,0,,0,
NOC1NC1N,6,0,,0,
NOC1NC1O,6,0,,0,
NOC1NCN1,6,0,,0,
NOC1NCO1,6,0,,0,
NOC1NN1N,6,0,,0,
NOC1NN1O,6,0,,0,
NOC1NNN1,6,0,,0,
NOC1NNO1,6,0,,0,
NOC1NON1,6,0,,0,
NOC1NOO1,6,0,,0,
NOC1OC1=O,6,0,,0,
NOC1OC1N,6,0,,0,
NOC1OC1O,6,0,,0,
NOC1OCO1,6,0,,0,
NOC1ON1N,6,0,,0,
NOC1ON1O,6,0,,0,
NOC1ONO1,6,0,,0,
NOC1OOO1,6,0,,0,
NOC1n2[nH]n21,6,0,,0,
NOC1n2on21,6,0,,0,
NOC=C(N)N,6,0,,0,
NOC=C(N)O,6,0,,0,
NOC=C(O)O,6,0,,0,
NOC=C1C#C1,6,0,,0,
NOC=C1C=C1,6,0,,0,
NOC=C1C=N1,6,0,,0,
NOC=C1CC1,6,0,,0,
NOC=C1CN1,6,0,,0,
NOC=C1CO1,6,0,,0,
NOC=C1N=N1,6,0,,0,
NOC=C1NN1,6,0,,0,
NOC=C1NO1,6,0,,0,
NOC=C1OO1,6,0,,0,
NOC=C=C=O,6,0,,0,
NOC=C=CO,6,0,,0,
NOC=C=NO,6,0,,0,
NOC=CC=O,6,0,,0,
NOC=CCO,6,0,,0,
NOC=CN=O,6,0,,0,
NOC=CNO,6,0,,0,
NOC=CON,6,0,,0,
NOC=COO,6,0,,0,
NOC=NC=O,6,0,,0,
NOC=NCO,6,0,,0,
NOC=NN=O,6,0,,0,
NOC=NNO,6,0,,0,
NOC=NON,6,0,,0,
NOC=NOO,6,0,,0,
NOCC#CO,6,0,,0,
NOCC(=O)O,6,0,,0,
NOCC(N)=O,6,0,,0,
NOCC(N)N,6,0,,0,
NOCC(N)O,6,0,,0,
NOCC(O)O,6,0,,0,
NOCC1=C=C1,6,0,,0,
NOCC1=C=N1,6,0,,0,
NOCC1=CC1,6,0,,0,
NOCC1=CN1,6,0,,0,
NOCC1=CO1,6,0,,0,
NOCC1=NC1,6,0,,0,
NOCC1=NN1,6,0,,0,
NOCC1=NO1,6,0,,0,
NOCC1C#C1,6,0,,0,
NOCC1C=C1,6,0,,0,
NOCC1C=N1,6,0,,0,
NOCC1CC1,6,0,,0,
NOCC1CN1,6,0,,0,
NOCC1CO1,6,0,,0,
NOCC1N=N1,6,0,,0,
NOCC1NN1,6,0,,0,
NOCC1NO1,6,0,,0,
NOCC1OO1,6,0,,0,
NOCC=C=O,6,0,,0,
NOCC=CO,6,0,,0,
NOCC=NO,6,0,,0,
NOCCC=O,6,0,,0,
NOCCCO,6,0,,0,
NOCCN=O,6,0,,0,
NOCCNO,6,0,,0,
NOCCON,6,0,,0,
NOCCOO,6,0,,0,
NOCN(N)N,6,0,,0,
NOCN(N)O,6,0,,0,
NOCN(O)O,6,0,,0,
NOCN1C#C1,6,0,,0,
NOCN1C=C1,6,0,,0,
NOCN1C=N1,6,0,,0,
NOCN1CC1,6,0,,0,
NOCN1CN1,6,0,,0,
NOCN1CO1,6,0,,0,
NOCN1N=N1,6,0,,0,
NOCN=C=O,6,0,,0,
NOCN=CO,6,0,,0,
NOCN=NO,6,0,,0,
NOCNC=O,6,0,,0,
NOCNCO,6,0,,0,
NOCNN=O,6,0,,0,
NOCNNO,6,0,,0,
NOCNON,6,0,,0,
NOCNOO,6,0,,0,
NOCOC=O,6,0,,0,
NOCOCO,6,0,,0,
NOCON=O,6,0,,0,
NOCONO,6,0,,0,
NOCOON,6,0,,0,
NOCOOO,6,0,,0,
NOCn1[nH][nH]1,6,0,,0,
NOCn1[nH]o1,6,0,,0,
NOCn1oo1,6,0,,0,
NON(N)C=O,6,0,,0,
NON(N)CO,6,0,,0,
NON(N)N=O,6,0,,0,
NON(N)NO,6,0,,0,
NON(N)ON,6,0,,0,
NON(N)OO,6,0,,0,
NON(O)C=O,6,0,,0,
NON(O)CO,6,0,,0,
NON(O)N=O,6,0,,0,
NON(O)NO,6,0,,0,
NON(O)ON,6,0,,0,
NON(O)OO,6,0,,0,
NON1C#CC1,6,0,,0,
NON1C2=C1C2,6,0,,0,
NON1C2=C=C21,6,0,,0,
NON1C2=CC21,6,0,,0,
NON1C2=NC21,6,0,,0,
NON1C2CC21,6,0,,0,
NON1C2CN21,6,0,,0,
NON1C2NC21,6,0,,0,
NON1C2NN21,6,0,,0,
NON1C2OC21,6,0,,0,
NON1C2ON21,6,0,,0,
NON1C=C1N,6,0,,0,
NON1C=C1O,6,0,,0,
NON1C=C=C1,6,0,,0,
NON1C=C=N1,6,0,,0,
NON1C=CC1,6,0,,0,
NON1C=NC1,6,0,,0,
NON1CC1=O,6,0,,0,
NON1CC1N,6,0,,0,
NON1CC1O,6,0,,0,
NON1CC=N1,6,0,,0,
NON1CCC1,6,0,,0,
NON1CCN1,6,0,,0,
NON1CCO1,6,0,,0,
NON1CN1N,6,0,,0,
NON1CN1O,6,0,,0,
NON1CN=N1,6,0,,0,
NON1CNC1,6,0,,0,
NON1CNN1,6,0,,0,
NON1CNO1,6,0,,0,
NON1COC1,6,0,,0,
NON1CON1,6,0,,0,
NON1COO1,6,0,,0,
NON1N=C1N,6,0,,0,
NON1N=C1O,6,0,,0,
NON1N=C=N1,6,0,,0,
NON1NC1=O,6,0,,0,
NON1NC1N,6,0,,0,
NON1NC1O,6,0,,0,
NON1NCN1,6,0,,0,
NON1NCO1,6,0,,0,
NON1NNN1,6,0,,0,
NON1NNO1,6,0,,0,
NON1NON1,6,0,,0,
NON1NOO1,6,0,,0,
NON1OC1=O,6,0,,0,
NON1OC1N,6,0,,0,
NON1OC1O,6,0,,0,
NON1OCO1,6,0,,0,
NON1ONO1,6,0,,0,
NON1OOO1,6,0,,0,
NON=C(N)N,6,0,,0,
NON=C(N)O,6,0,,0,
NON=C(O)O,6,0,,0,
NON=C1CC1,6,0,,0,
NON=C1CN1,6,0,,0,
NON=C1CO1,6,0,,0,
NON=C1NN1,6,0,,0,
NON=C1NO1,6,0,,0,
NON=C1OO1,6,0,,0,
NON=C=C=O,6,0,,0,
NON=C=CO,6,0,,0,
NON=C=NO,6,0,,0,
NON=CC=O,6,0,,0,
NON=CCO,6,0,,0,
NON=CN=O,6,0,,0,
NON=CNO,6,0,,0,
NON=COO,6,0,,0,
NON=NC=O,6,0,,0,
NON=NCO,6,0,,0,
NON=NN=O,6,0,,0,
NON=NNO,6,0,,0,
NON=NON,6,0,,0,
NON=NOO,6,0,,0,
NON=c1c#c1,6,0,,0,
NON=c1cc1,6,0,,0,
NON=c1cn1,6,0,,0,
NON=c1nn1,6,0,,0,
NONC#CO,6,0,,0,
NONC(=O)O,6,0,,0,
NONC(N)=O,6,0,,0,
NONC(N)N,6,0,,0,
NONC(N)O,6,0,,0,
NONC(O)O,6,0,,0,
NONC1=C=C1,6,0,,0,
NONC1=C=N1,6,0,,0,
NONC1=CC1,6,0,,0,
NONC1=CN1,6,0,,0,
NONC1=CO1,6,0,,0,
NONC1=NC1,6,0,,0,
NONC1=NN1,6,0,,0,
NONC1=NO1,6,0,,0,
NONC1C#C1,6,0,,0,
NONC1C=C1,6,0,,0,
NONC1C=N1,6,0,,0,
NONC1CC1,6,0,,0,
NONC1CN1,6,0,,0,
NONC1CO1,6,0,,0,
NONC1N=N1,6,0,,0,
NONC1NN1,6,0,,0,
NONC1NO1,6,0,,0,
NONC1OO1,6,0,,0,
NONC=C=O,6,0,,0,
NONC=CO,6,0,,0,
NONC=NO,6,0,,0,
NONCC=O,6,0,,0,
NONCCO,6,0,,0,
NONCN=O,6,0,,0,
NONCNO,6,0,,0,
NONCOO,6,0,,0,
NONN(N)N,6,0,,0,
NONN(N)O,6,0,,0,
NONN(O)O,6,0,,0,
NONN1C#C1,6,0,,0,
NONN1C=C1,6,0,,0,
NONN1C=N1,6,0,,0,
NONN1CC1,6,0,,0,
NONN1CN1,6,0,,0,
NONN1CO1,6,0,,0,
NONN1N=N1,6,0,,0,
NONN=C=O,6,0,,0,
NONN=CO,6,0,,0,
NONN=NO,6,0,,0,
NONNC=O,6,0,,0,
NONNCO,6,0,,0,
NONNN=O,6,0,,0,
NONNNO,6,0,,0,
NONNON,6,0,,0,
NONNOO,6,0,,0,
NONOC=O,6,0,,0,
NONOCO,6,0,,0,
NONON=O,6,0,,0,
NONONO,6,0,,0,
NONOON,6,0,,0,
NONOOO,6,0,,0,
NONn1[nH][nH]1,6,0,,0,
NONn1[nH]o1,6,0,,0,
NONn1oo1,6,0,,0,
NOOC#CO,6,0,,0,
NOOC(=O)O,6,0,,0,
NOOC(N)=O,6,0,,0,
NOOC(N)N,6,0,,0,
NOOC(N)O,6,0,,0,
NOOC(O)O,6,0,,0,
NOOC1=C=C1,6,0,,0,
NOOC1=C=N1,6,0,,0,
NOOC1=CC1,6,0,,0,
NOOC1=CN1,6,0,,0,
NOOC1=CO1,6,0,,0,
NOOC1=NC1,6,0,,0,
NOOC1=NN1,6,0,,0,
NOOC1=NO1,6,0,,0,
NOOC1C#C1,6,0,,0,
NOOC1C=C1,6,0,,0,
NOOC1C=N1,6,0,,0,
NOOC1CC1,6,0,,0,
NOOC1CN1,6,0,,0,
NOOC1CO1,6,0,,0,
NOOC1N=N1,6,0,,0,
NOOC1NN1,6,0,,0,
NOOC1NO1,6,0,,0,
NOOC1OO1,6,0,,0,
NOOC=C=O,6,0,,0,
NOOC=CO,6,0,,0,
NOOC=NO,6,0,,0,
NOOCC=O,6,0,,0,
NOOCCO,6,0,,0,
NOOCN=O,6,0,,0,
NOOCNO,6,0,,0,
NOOCOO,6,0,,0,
NOON(N)N,6,0,,0,
NOON(N)O,6,0,,0,
NOON(O)O,6,0,,0,
NOON1C#C1,6,0,,0,
NOON1C=C1,6,0,,0,
NOON1C=N1,6,0,,0,
NOON1CC1,6,0,,0,
NOON1CN1,6,0,,0,
NOON1CO1,6,0,,0,
NOON1N=N1,6,0,,0,
NOON=C=O,6,0,,0,
NOON=CO,6,0,,0,
NOON=NO,6,0,,0,
NOONC=O,6,0,,0,
NOONCO,6,0,,0,
NOONN=O,6,0,,0,
NOONNO,6,0,,0,
NOONOO,6,0,,0,
NOOOC=O,6,0,,0,
NOOOCO,6,0,,0,
NOOON=O,6,0,,0,
NOOONO,6,0,,0,
NOOOON,6,0,,0,
NOOOOO,6,0,,0,
NOOn1[nH][nH]1,6,0,,0,
NOOn1[nH]o1,6,0,,0,
NOOn1oo1,6,0,,0,
NOc1c2[nH]n1-2,6,0,,0,
NOc1c2on1-2,6,0,,0,
NOc1c[nH][nH]1,6,0,,0,
NOc1c[nH]o1,6,0,,0,
NOc1cc1=O,6,0,,0,
NOc1co[nH]1,6,0,,0,
NOc1coo1,6,0,,0,
NOc1n[nH][nH]1,6,0,,0,
NOc1n[nH]o1,6,0,,0,
NOc1nc1=O,6,0,,0,
NOc1no[nH]1,6,0,,0,
NOc1noo1,6,0,,0,
NOn1[nH]n1N,6,0,,0,
NOn1[nH]n1O,6,0,,0,
NOn1c#c[nH]1,6,0,,0,
NOn1c#co1,6,0,,0,
NOn1c2[nH]c1=2,6,0,,0,
NOn1c2cn1-2,6,0,,0,
NOn1c2nn1-2,6,0,,0,
NOn1c2oc1=2,6,0,,0,
NOn1cc[nH]1,6,0,,0,
NOn1cco1,6,0,,0,
NOn1cn[nH]1,6,0,,0,
NOn1cno1,6,0,,0,
NOn1n2[nH]n12,6,0,,0,
NOn1n2n1C2,6,0,,0,
NOn1n2on12,6,0,,0,
NOn1nc[nH]1,6,0,,0,
NOn1nco1,6,0,,0,
NOn1nn[nH]1,6,0,,0,
NOn1nno1,6,0,,0,
NOn1on1N,6,0,,0,
NOn1on1O,6,0,,0,
Nc1[nH][nH]c1N,6,0,,0,
Nc1[nH][nH]c1O,6,0,,0,
Nc1[nH]c2cc1-2,6,0,,0,
Nc1[nH]c2nc1-2,6,0,,0,
Nc1[nH]n2c1C2,6,0,,0,
Nc1[nH]n2c1N2,6,0,,0,
Nc1[nH]n2c1O2,6,0,,0,
Nc1[nH]oc1N,6,0,,0,
Nc1[nH]oc1O,6,0,,0,
Nc1c#c[nH]c1,6,0,,0,
Nc1c#c[nH]n1,6,0,,0,
Nc1c#coc1,6,0,,0,
Nc1c#con1,6,0,,0,
Nc1c(N)c1=O,6,0,,0,
Nc1c(O)c1=O,6,0,,0,
Nc1c2[nH]n1C2,6,0,,0,
Nc1c2[nH]n1[nH]2,6,0,,0,
Nc1c2[nH]n1o2,6,0,,0,
Nc1c2c#cn1-2,6,0,,0,
Nc1c2c3c1n23,6,0,,0,
Nc1c2c3c2n13,6,0,,0,
Nc1c2c[nH]c1-2,6,0,,0,
Nc1c2ccn1-2,6,0,,0,
Nc1c2cnn1-2,6,0,,0,
Nc1c2coc1-2,6,0,,0,
Nc1c2n(N)n1-2,6,0,,0,
Nc1c2n(O)n1-2,6,0,,0,
Nc1c2n3n1C23,6,0,,0,
Nc1c2n3n1n23,6,0,,0,
Nc1c2n[nH]c1-2,6,0,,0,
Nc1c2ncn1-2,6,0,,0,
Nc1c2nnn1-2,6,0,,0,
Nc1c2noc1-2,6,0,,0,
Nc1c2on1C2,6,0,,0,
Nc1c2on1o2,6,0,,0,
Nc1c[nH]cn1,6,0,,0,
Nc1c[nH]n1N,6,0,,0,
Nc1c[nH]n1O,6,0,,0,
Nc1c[nH]nn1,6,0,,0,
Nc1cc#c[nH]1,6,0,,0,
Nc1cc#co1,6,0,,0,
Nc1cc1=NO,6,0,,0,
Nc1cc2[nH]c1-2,6,0,,0,
Nc1cc2[nH]c1=2,6,0,,0,
Nc1cc2cn1-2,6,0,,0,
Nc1cc2nn1-2,6,0,,0,
Nc1cc2oc1-2,6,0,,0,
Nc1cc2oc1=2,6,0,,0,
Nc1cc[nH]c1,6,0,,0,
Nc1cc[nH]n1,6,0,,0,
Nc1ccc[nH]1,6,0,,0,
Nc1ccco1,6,0,,0,
Nc1ccn[nH]1,6,0,,0,
Nc1ccno1,6,0,,0,
Nc1ccoc1,6,0,,0,
Nc1ccon1,6,0,,0,
Nc1cn(N)[nH]1,6,0,,0,
Nc1cn(N)o1,6,0,,0,
Nc1cn(O)[nH]1,6,0,,0,
Nc1cn(O)o1,6,0,,0,
Nc1cn2[nH]n12,6,0,,0,
Nc1cn2cc1-2,6,0,,0,
Nc1cn2n1C2,6,0,,0,
Nc1cn2nc1-2,6,0,,0,
Nc1cn2on12,6,0,,0,
Nc1cn[nH]c1,6,0,,0,
Nc1cn[nH]n1,6,0,,0,
Nc1cnc[nH]1,6,0,,0,
Nc1cnco1,6,0,,0,
Nc1cnn[nH]1,6,0,,0,
Nc1cnno1,6,0,,0,
Nc1cnoc1,6,0,,0,
Nc1cnon1,6,0,,0,
Nc1cocn1,6,0,,0,
Nc1con1N,6,0,,0,
Nc1con1O,6,0,,0,
Nc1conn1,6,0,,0,
Nc1n[nH]n1N,6,0,,0,
Nc1n[nH]n1O,6,0,,0,
Nc1nc#c[nH]1,6,0,,0,
Nc1nc#co1,6,0,,0,
Nc1nc1=NO,6,0,,0,
Nc1nc2[nH]c1-2,6,0,,0,
Nc1nc2[nH]c1=2,6,0,,0,
Nc1nc2cn1-2,6,0,,0,
Nc1nc2nn1-2,6,0,,0,
Nc1nc2oc1-2,6,0,,0,
Nc1nc2oc1=2,6,0,,0,
Nc1nc[nH]n1,6,0,,0,
Nc1ncc[nH]1,6,0,,0,
Nc1ncco1,6,0,,0,
Nc1ncn[nH]1,6,0,,0,
Nc1ncno1,6,0,,0,
Nc1ncon1,6,0,,0,
Nc1nn(N)[nH]1,6,0,,0,
Nc1nn(N)o1,6,0,,0,
Nc1nn(O)[nH]1,6,0,,0,
Nc1nn(O)o1,6,0,,0,
Nc1nn2[nH]n12,6,0,,0,
Nc1nn2cc1-2,6,0,,0,
Nc1nn2n1C2,6,0,,0,
Nc1nn2nc1-2,6,0,,0,
Nc1nn2on12,6,0,,0,
Nc1nn[nH]n1,6,0,,0,
Nc1nnc[nH]1,6,0,,0,
Nc1nnco1,6,0,,0,
Nc1nnn[nH]1,6,0,,0,
Nc1nnno1,6,0,,0,
Nc1nnon1,6,0,,0,
Nc1non1N,6,0,,0,
Nc1non1O,6,0,,0,
Nc1o[nH]c1O,6,0,,0,
Nc1oc2cc1-2,6,0,,0,
Nc1oc2nc1-2,6,0,,0,
Nc1on2c1C2,6,0,,0,
Nc1on2c1N2,6,0,,0,
Nc1on2c1O2,6,0,,0,
Nc1ooc1N,6,0,,0,
Nc1ooc1O,6,0,,0,
Nn1[nH][nH][nH][nH]1,6,0,,0,
Nn1[nH][nH][nH]o1,6,0,,0,
Nn1[nH][nH]c1=O,6,0,,0,
Nn1[nH][nH]o[nH]1,6,0,,0,
Nn1[nH][nH]oo1,6,0,,0,
Nn1[nH]c(=O)[nH]1,6,0,,0,
Nn1[nH]c(=O)o1,6,0,,0,
Nn1[nH]c2c1=C=2,6,0,,0,
Nn1[nH]c2c1C2,6,0,,0,
Nn1[nH]c2c1N2,6,0,,0,
Nn1[nH]c2c1O2,6,0,,0,
Nn1[nH]cc1O,6,0,,0,
Nn1[nH]n1C=O,6,0,,0,
Nn1[nH]n1CO,6,0,,0,
Nn1[nH]n1N=O,6,0,,0,
Nn1[nH]n1NO,6,0,,0,
Nn1[nH]n1OO,6,0,,0,
Nn1[nH]n2[nH]n12,6,0,,0,
Nn1[nH]n2on12,6,0,,0,
Nn1[nH]nc1O,6,0,,0,
Nn1[nH]o[nH]o1,6,0,,0,
Nn1[nH]oc1=O,6,0,,0,
Nn1[nH]oo[nH]1,6,0,,0,
Nn1[nH]ooo1,6,0,,0,
Nn1c#cc#c1,6,0,,0,
Nn1c#ccc1,6,0,,0,
Nn1c#ccn1,6,0,,0,
Nn1c#cn1N,6,0,,0,
Nn1c#cn1O,6,0,,0,
Nn1c#cnc1,6,0,,0,
Nn1c#cnn1,6,0,,0,
Nn1c(=O)c1=O,6,0,,0,
Nn1c2[nH]c1=C=2,6,0,,0,
Nn1c2c#cc1=2,6,0,,0,
Nn1c2c(O)n1-2,6,0,,0,
Nn1c2c3c2c31,6,0,,0,
Nn1c2c3n1C23,6,0,,0,
Nn1c2c3n2n31,6,0,,0,
Nn1c2ccc1-2,6,0,,0,
Nn1c2ccc1=2,6,0,,0,
Nn1c2cn1C2,6,0,,0,
Nn1c2cn1[nH]2,6,0,,0,
Nn1c2cn1o2,6,0,,0,
Nn1c2cnc1-2,6,0,,0,
Nn1c2cnc1=2,6,0,,0,
Nn1c2n(N)c1=2,6,0,,0,
Nn1c2n(O)c1=2,6,0,,0,
Nn1c2nn1C2,6,0,,0,
Nn1c2nn1[nH]2,6,0,,0,
Nn1c2nn1o2,6,0,,0,
Nn1c2nnc1-2,6,0,,0,
Nn1c2nnc1=2,6,0,,0,
Nn1c2oc1=C=2,6,0,,0,
Nn1cc(O)[nH]1,6,0,,0,
Nn1cc(O)o1,6,0,,0,
Nn1cc2cc1-2,6,0,,0,
Nn1cc2n1C2,6,0,,0,
Nn1cc2n1N2,6,0,,0,
Nn1cc2n1O2,6,0,,0,
Nn1cc2nc1-2,6,0,,0,
Nn1cccc1,6,0,,0,
Nn1cccn1,6,0,,0,
Nn1ccn1N,6,0,,0,
Nn1ccn1O,6,0,,0,
Nn1ccnc1,6,0,,0,
Nn1ccnn1,6,0,,0,
Nn1cncn1,6,0,,0,
Nn1cnn1N,6,0,,0,
Nn1cnn1O,6,0,,0,
Nn1cnnc1,6,0,,0,
Nn1cnnn1,6,0,,0,
Nn1n(N)n1N,6,0,,0,
Nn1n(N)n1O,6,0,,0,
Nn1n(O)n1O,6,0,,0,
Nn1n2[nH][nH]n12,6,0,,0,
Nn1n2[nH]on12,6,0,,0,
Nn1n2c#cn12,6,0,,0,
Nn1n2c(=O)n12,6,0,,0,
Nn1n2ccn12,6,0,,0,
Nn1n2cnn12,6,0,,0,
Nn1n2n(N)n12,6,0,,0,
Nn1n2n(O)n12,6,0,,0,
Nn1n2n1C2O,6,0,,0,
Nn1n2n1CC2,6,0,,0,
Nn1n2n1NC2,6,0,,0,
Nn1n2n1OC2,6,0,,0,
Nn1n2n3n1n23,6,0,,0,
Nn1n2nnn12,6,0,,0,
Nn1n2oon12,6,0,,0,
Nn1nc(O)[nH]1,6,0,,0,
Nn1nc(O)o1,6,0,,0,
Nn1nc2cc1-2,6,0,,0,
Nn1nc2n1C2,6,0,,0,
Nn1nc2n1N2,6,0,,0,
Nn1nc2n1O2,6,0,,0,
Nn1nc2nc1-2,6,0,,0,
Nn1nccn1,6,0,,0,
Nn1ncn1O,6,0,,0,
Nn1ncnn1,6,0,,0,
Nn1nnn1N,6,0,,0,
Nn1nnn1O,6,0,,0,
Nn1nnnn1,6,0,,0,
Nn1o[nH][nH]o1,6,0,,0,
Nn1o[nH]c1=O,6,0,,0,
Nn1o[nH]oo1,6,0,,0,
Nn1oc(=O)o1,6,0,,0,
Nn1oc2c1=C=2,6,0,,0,
Nn1oc2c1C2,6,0,,0,
Nn1oc2c1N2,6,0,,0,
Nn1oc2c1O2,6,0,,0,
Nn1occ1O,6,0,,0,
Nn1on1C=O,6,0,,0,
Nn1on1CO,6,0,,0,
Nn1on1N=O,6,0,,0,
Nn1on1NO,6,0,,0,
Nn1on1OO,6,0,,0,
Nn1on2[nH]n12,6,0,,0,
Nn1on2on12,6,0,,0,
Nn1onc1O,6,0,,0,
Nn1ooc1=O,6,0,,0,
Nn1oooo1,6,0,,0,
O1C23C14C21OC341,6,0,,0,
O1C23C45C16C24C365,6,0,,0,
O1C23C4=C5C12C453,6,0,,0,
O1C23C4C15C2C435,6,0,,0,
O1C23C4C15N2C435,6,0,,0,
O1C23C4C5C12C453,6,0,,0,
O1C23C4N5C12C453,6,0,,0,
O1C23N4C15N2C435,6,0,,0,
O1C23N4N5C12C453,6,0,,0,
O1C23OC1(O2)O3,6,0,,0,
O1C23OC14C2=C34,6,0,,0,
O1C23OC14C2C34,6,0,,0,
O1C23OC14C2N34,6,0,,0,
O1C23OC14N2N34,6,0,,0,
O1C23OC24OC134,6,0,,0,
O1C2=C1C1OC21,6,0,,0,
O1C2=C1C21OO1,6,0,,0,
O1C2=C1N1OC21,6,0,,0,
O1C2=C3C14OC234,6,0,,0,
O1C2=C3C1C3O2,6,0,,0,
O1C2=C3C1OC23,6,0,,0,
O1C2=C3C1ON23,6,0,,0,
O1C2=C3C4=C1C234,6,0,,0,
O1C2=C3C4=C2C134,6,0,,0,
O1C2=C3C4=C3C124,6,0,,0,
O1C2=C3C4C1C234,6,0,,0,
O1C2=C3C4C2C134,6,0,,0,
O1C2=C3C4C3C124,6,0,,0,
O1C2=C3C4N1C234,6,0,,0,
O1C2=C3C4N2C134,6,0,,0,
O1C2=C3C4N3C124,6,0,,0,
O1C2=C3N4C1C234,6,0,,0,
O1C2=C3N4C2C134,6,0,,0,
O1C2=C3N4N1C234,6,0,,0,
O1C2=C3N4N3C124,6,0,,0,
O1C2=C3OC13O2,6,0,,0,
O1C2=C3OC1C23,6,0,,0,
O1C2=C3OC1N23,6,0,,0,
O1C2=C3OC2=C13,6,0,,0,
O1C2=C3OC2C13,6,0,,0,
O1C2=C3OC3C12,6,0,,0,
O1C2=C3ON1C23,6,0,,0,
O1C2=C3ON3C12,6,0,,0,
O1C2C13C1OC213,6,0,,0,
O1C2C13N1OC213,6,0,,0,
O1C2C1C1OC21,6,0,,0,
O1C2C1C21OO1,6,0,,0,
O1C2C1N1OC21,6,0,,0,
O1C2C1n1on12,6,0,,0,
O1C2C34C5C13C254,6,0,,0,
O1C2C34N5C13C254,6,0,,0,
O1C2C34OC23C14,6,0,,0,
O1C2C34OC23N14,6,0,,0,
O1C2C3=C4C1C342,6,0,,0,
O1C2C3=C4C2C134,6,0,,0,
O1C2C3=C4C3C142,6,0,,0,
O1C2C3=C4N1C342,6,0,,0,
O1C2C3=C4N2C134,6,0,,0,
O1C2C3=C4N3C142,6,0,,0,
O1C2C3C14OC234,6,0,,0,
O1C2C3C4=C3C142,6,0,,0,
O1C2C3C4C1C234,6,0,,0,
O1C2C3C4C2C134,6,0,,0,
O1C2C3C4C3C124,6,0,,0,
O1C2C3C4N1C234,6,0,,0,
O1C2C3C4N2C134,6,0,,0,
O1C2C3C4N3C124,6,0,,0,
O1C2C3N1ON23,6,0,,0,
O1C2C3N4C1C234,6,0,,0,
O1C2C3N4C2C134,6,0,,0,
O1C2C3N4N1C234,6,0,,0,
O1C2C3N4N2C134,6,0,,0,
O1C2C3N4N3C124,6,0,,0,
O1C2C3OC2C13,6,0,,0,
O1C2C3ON1C23,6,0,,0,
O1C2C3ON1N23,6,0,,0,
O1C2C3ON2C13,6,0,,0,
O1C2C3ON2N13,6,0,,0,
O1C2C3ON3N12,6,0,,0,
O1C2N1C1ON21,6,0,,0,
O1C2N1C21OO1,6,0,,0,
O1C2N1n1on12,6,0,,0,
O1C2N3C14OC234,6,0,,0,
O1C2N3C4=C3C142,6,0,,0,
O1C2N3C4C3C124,6,0,,0,
O1C2N3C4N1C243,6,0,,0,
O1C2N3C4N2C143,6,0,,0,
O1C2N3C4N3C124,6,0,,0,
O1C2N3N4C1C234,6,0,,0,
O1C2N3N4N1C234,6,0,,0,
O1C2N3N4N2C134,6,0,,0,
O1C2N3OC12O3,6,0,,0,
O1C2N3ON1N23,6,0,,0,
O1C2N3ON2C13,6,0,,0,
O1C2OC13OC23,6,0,,0,
O1C2OC13ON23,6,0,,0,
O1C2OC23OC13,6,0,,0,
O1C2OC23ON13,6,0,,0,
O1C2OC3C1C23,6,0,,0,
O1C2OC3C1N23,6,0,,0,
O1C2ON3C1C23,6,0,,0,
O1C2ON3C1N23,6,0,,0,
O1C2ON3C2N13,6,0,,0,
O1C2On3n1n32,6,0,,0,
O1C2c3on1c32,6,0,,0,
O1C2n3n4n3C124,6,0,,0,
O1N2C13N1OC213,6,0,,0,
O1N2C34C5C13C524,6,0,,0,
O1N2C34N5C13C254,6,0,,0,
O1N2C34OC23N14,6,0,,0,
O1N2C3=C4C2C143,6,0,,0,
O1N2C3=C4C3C142,6,0,,0,
O1N2C3=C4N1C342,6,0,,0,
O1N2C3=C4N3C142,6,0,,0,
O1N2C3C14OC324,6,0,,0,
O1N2C3C4=C3C142,6,0,,0,
O1N2C3C4C2C143,6,0,,0,
O1N2C3C4C3C142,6,0,,0,
O1N2C3C4N1C342,6,0,,0,
O1N2C3C4N2C134,6,0,,0,
O1N2C3C4N3C142,6,0,,0,
O1N2C3N4C2C134,6,0,,0,
O1N2C3N4N1C324,6,0,,0,
O1N2C3N4N2C134,6,0,,0,
O1N2C3N4N3C124,6,0,,0,
O1N2C3ON2N13,6,0,,0,
O1N2N3C14OC234,6,0,,0,
O1N2N3C4=C3C142,6,0,,0,
O1N2N3C4C3C142,6,0,,0,
O1N2N3C4N2C143,6,0,,0,
O1N2N3C4N3C142,6,0,,0,
O1N2N3N4N1C234,6,0,,0,
O1N2N3N4N2C134,6,0,,0,
O1N2OC13ON23,6,0,,0,
O1N2OC23ON13,6,0,,0,
O1N2ON3C2N13,6,0,,0,
O1N2n3n4n3C124,6,0,,0,
O1OC12n1on12,6,0,,0,
O1OC1=C1OO1,6,0,,0,
O1OC1C1OO1,6,0,,0,
O1OC1n1oo1,6,0,,0,
O1OC2(O1)OO2,6,0,,0,
O1OC23C4=C2C143,6,0,,0,
O1OC23C4C2C143,6,0,,0,
O1OC23C4N2C143,6,0,,0,
O1OC23N4N2C143,6,0,,0,
O1OC23OC12O3,6,0,,0,
O1OC23OC2=C13,6,0,,0,
O1OC23OC2C13,6,0,,0,
O1OC23OC2N13,6,0,,0,
O1OC23ON2C13,6,0,,0,
O1OC23ON2N13,6,0,,0,
O1OC2=C3C1=C23,6,0,,0,
O1OC2C3=C1C32,6,0,,0,
O1OC2C3=C1N32,6,0,,0,
O1OC2C3=C2C13,6,0,,0,
O1OC2C3C1C23,6,0,,0,
O1OC2C3C1N23,6,0,,0,
O1OC2N3C1N23,6,0,,0,
O1OC2OC1O2,6,0,,0,
O1OC2OC2O1,6,0,,0,
O1OC2ON2O1,6,0,,0,
O1OC2OOC12,6,0,,0,
O1ON2C3=C1C32,6,0,,0,
O1ON2C3=C2C13,6,0,,0,
O1ON2C3C1C32,6,0,,0,
O1ON2C3C1N32,6,0,,0,
O1ON2C3C2N13,6,0,,0,
O1ON2OC1O2,6,0,,0,
O1ON2OOC12,6,0,,0,
O1ON2OON12,6,0,,0,
O1OOOOO1,6,0,,0,
O1On2n3n2C13,6,0,,0,
O1c2c3n4n2C134,6,0,,0,
O1c2c3on2C13,6,0,,0,
O1c2on3c2C13,6,0,,0,
O1n2c3c4n2C134,6,0,,0,
O=C(CO)CO,6,0,,0,
O=C(CO)NO,6,0,,0,
O=C(CO)OO,6,0,,0,
O=C(NO)NO,6,0,,0,
O=C(NO)OO,6,0,,0,
O=C(O)C#CO,6,0,,0,
O=C(O)C(=O)O,6,0,,0,
O=C(O)C(O)O,6,0,,0,
O=C(O)C1=C=C1,6,0,,0,
O=C(O)C1=C=N1,6,0,,0,
O=C(O)C1=CC1,6,0,,0,
O=C(O)C1=CN1,6,0,,0,
O=C(O)C1=CO1,6,0,,0,
O=C(O)C1=NC1,6,0,,0,
O=C(O)C1=NN1,6,0,,0,
O=C(O)C1=NO1,6,0,,0,
O=C(O)C1C#C1,6,0,,0,
O=C(O)C1C=C1,6,0,,0,
O=C(O)C1C=N1,6,0,,0,
O=C(O)C1CC1,6,0,,0,
O=C(O)C1CN1,6,0,,0,
O=C(O)C1CO1,6,0,,0,
O=C(O)C1N=N1,6,0,,0,
O=C(O)C1NN1,6,0,,0,
O=C(O)C1NO1,6,0,,0,
O=C(O)C1OO1,6,0,,0,
O=C(O)C=CO,6,0,,0,
O=C(O)C=NO,6,0,,0,
O=C(O)CCO,6,0,,0,
O=C(O)CNO,6,0,,0,
O=C(O)COO,6,0,,0,
O=C(O)N(O)O,6,0,,0,
O=C(O)N1C#C1,6,0,,0,
O=C(O)N1C=C1,6,0,,0,
O=C(O)N1C=N1,6,0,,0,
O=C(O)N1CC1,6,0,,0,
O=C(O)N1CN1,6,0,,0,
O=C(O)N1CO1,6,0,,0,
O=C(O)N1N=N1,6,0,,0,
O=C(O)N=CO,6,0,,0,
O=C(O)N=NO,6,0,,0,
O=C(O)NCO,6,0,,0,
O=C(O)NNO,6,0,,0,
O=C(O)NOO,6,0,,0,
O=C(O)OCO,6,0,,0,
O=C(O)ONO,6,0,,0,
O=C(O)OOO,6,0,,0,
O=C(O)n1[nH][nH]1,6,0,,0,
O=C(O)n1[nH]o1,6,0,,0,
O=C(O)n1oo1,6,0,,0,
O=C(OO)OO,6,0,,0,
O=C1C#CC#C1,6,0,,0,
O=C1C#CC1O,6,0,,0,
O=C1C#CC=C1,6,0,,0,
O=C1C#CC=N1,6,0,,0,
O=C1C#CCC1,6,0,,0,
O=C1C#CCN1,6,0,,0,
O=C1C#CCO1,6,0,,0,
O=C1C#CN1O,6,0,,0,
O=C1C#CN=C1,6,0,,0,
O=C1C#CN=N1,6,0,,0,
O=C1C#CNC1,6,0,,0,
O=C1C#COC1,6,0,,0,
O=C1C(=O)C1=O,6,0,,0,
O=C1C(=O)C1O,6,0,,0,
O=C1C(O)C1O,6,0,,0,
O=C1C(O)N1O,6,0,,0,
O=C1C23C4=C2C143,6,0,,0,
O=C1C23C4C2C143,6,0,,0,
O=C1C23C4N2C143,6,0,,0,
O=C1C23CC12C3,6,0,,0,
O=C1C23CC12N3,6,0,,0,
O=C1C23CC12O3,6,0,,0,
O=C1C23N4N2C143,6,0,,0,
O=C1C23NC12N3,6,0,,0,
O=C1C23NC12O3,6,0,,0,
O=C1C23OC12O3,6,0,,0,
O=C1C2=C(O)C12,6,0,,0,
O=C1C2=C(O)N12,6,0,,0,
O=C1C2=C3C1=C23,6,0,,0,
O=C1C2=C3C1C23,6,0,,0,
O=C1C2=C3C1N23,6,0,,0,
O=C1C2=C3C2N13,6,0,,0,
O=C1C2=C3CC132,6,0,,0,
O=C1C2=C3NC132,6,0,,0,
O=C1C2=C3OC132,6,0,,0,
O=C1C2=C=C1C2,6,0,,0,
O=C1C2=C=C1N2,6,0,,0,
O=C1C2=C=C1O2,6,0,,0,
O=C1C2=C=CC12,6,0,,0,
O=C1C2=C=CN12,6,0,,0,
O=C1C2=C=NC12,6,0,,0,
O=C1C2=C=NN12,6,0,,0,
O=C1C2=CC12O,6,0,,0,
O=C1C2=CC1=C2,6,0,,0,
O=C1C2=CC1=N2,6,0,,0,
O=C1C2=CC1C2,6,0,,0,
O=C1C2=CC1N2,6,0,,0,
O=C1C2=CC1O2,6,0,,0,
O=C1C2=CCC12,6,0,,0,
O=C1C2=CCN12,6,0,,0,
O=C1C2=CN1C2,6,0,,0,
O=C1C2=CNC12,6,0,,0,
O=C1C2=COC12,6,0,,0,
O=C1C2=NC12O,6,0,,0,
O=C1C2=NC1=N2,6,0,,0,
O=C1C2=NC1C2,6,0,,0,
O=C1C2=NC1N2,6,0,,0,
O=C1C2=NC1O2,6,0,,0,
O=C1C2=NCC12,6,0,,0,
O=C1C2=NCN12,6,0,,0,
O=C1C2=NN1C2,6,0,,0,
O=C1C2=NNC12,6,0,,0,
O=C1C2=NOC12,6,0,,0,
O=C1C2C#CC12,6,0,,0,
O=C1C2C#CN12,6,0,,0,
O=C1C2C(=O)C12,6,0,,0,
O=C1C2C(=O)N12,6,0,,0,
O=C1C2C(O)C12,6,0,,0,
O=C1C2C(O)N12,6,0,,0,
O=C1C2C1N2O,6,0,,0,
O=C1C2C3=C2C13,6,0,,0,
O=C1C2C3=C2N13,6,0,,0,
O=C1C2C3=CC132,6,0,,0,
O=C1C2C3=NC132,6,0,,0,
O=C1C2C3C1C23,6,0,,0,
O=C1C2C3C1N23,6,0,,0,
O=C1C2C3C2N13,6,0,,0,
O=C1C2C3CC132,6,0,,0,
O=C1C2C3N1N23,6,0,,0,
O=C1C2C3NC132,6,0,,0,
O=C1C2C3OC132,6,0,,0,
O=C1C2C=CC12,6,0,,0,
O=C1C2C=CN12,6,0,,0,
O=C1C2C=NC12,6,0,,0,
O=C1C2C=NN12,6,0,,0,
O=C1C2CC12O,6,0,,0,
O=C1C2CC1C2,6,0,,0,
O=C1C2CC1N2,6,0,,0,
O=C1C2CC1O2,6,0,,0,
O=C1C2CCC12,6,0,,0,
O=C1C2CCN12,6,0,,0,
O=C1C2CN1C2,6,0,,0,
O=C1C2CN1N2,6,0,,0,
O=C1C2CN1O2,6,0,,0,
O=C1C2CNC12,6,0,,0,
O=C1C2CNN12,6,0,,0,
O=C1C2COC12,6,0,,0,
O=C1C2CON12,6,0,,0,
O=C1C2N(O)N12,6,0,,0,
O=C1C2N3C1N23,6,0,,0,
O=C1C2N3CC123,6,0,,0,
O=C1C2N3NC123,6,0,,0,
O=C1C2N3OC123,6,0,,0,
O=C1C2N=CN12,6,0,,0,
O=C1C2N=NC12,6,0,,0,
O=C1C2N=NN12,6,0,,0,
O=C1C2NC12O,6,0,,0,
O=C1C2NC1N2,6,0,,0,
O=C1C2NC1O2,6,0,,0,
O=C1C2NCN12,6,0,,0,
O=C1C2NN1N2,6,0,,0,
O=C1C2NN1O2,6,0,,0,
O=C1C2NNC12,6,0,,0,
O=C1C2NNN12,6,0,,0,
O=C1C2NOC12,6,0,,0,
O=C1C2NON12,6,0,,0,
O=C1C2OC12O,6,0,,0,
O=C1C2OC1O2,6,0,,0,
O=C1C2OCN12,6,0,,0,
O=C1C2ON1O2,6,0,,0,
O=C1C2ONN12,6,0,,0,
O=C1C2OOC12,6,0,,0,
O=C1C2OON12,6,0,,0,
O=C1C2n3n1n32,6,0,,0,
O=C1C=C(O)C1,6,0,,0,
O=C1C=C(O)N1,6,0,,0,
O=C1C=C(O)O1,6,0,,0,
O=C1C=C2C=C12,6,0,,0,
O=C1C=C2CC12,6,0,,0,
O=C1C=C2CN12,6,0,,0,
O=C1C=C2N=C12,6,0,,0,
O=C1C=C2NC12,6,0,,0,
O=C1C=C2OC12,6,0,,0,
O=C1C=C=C1O,6,0,,0,
O=C1C=C=C=C1,6,0,,0,
O=C1C=C=C=N1,6,0,,0,
O=C1C=C=CC1,6,0,,0,
O=C1C=C=CN1,6,0,,0,
O=C1C=C=CO1,6,0,,0,
O=C1C=C=NC1,6,0,,0,
O=C1C=C=NN1,6,0,,0,
O=C1C=C=NO1,6,0,,0,
O=C1C=CC1O,6,0,,0,
O=C1C=CC=C1,6,0,,0,
O=C1C=CC=N1,6,0,,0,
O=C1C=CCC1,6,0,,0,
O=C1C=CCN1,6,0,,0,
O=C1C=CCO1,6,0,,0,
O=C1C=CN1O,6,0,,0,
O=C1C=CN=C1,6,0,,0,
O=C1C=CN=N1,6,0,,0,
O=C1C=CNC1,6,0,,0,
O=C1C=COC1,6,0,,0,
O=C1C=NC1O,6,0,,0,
O=C1C=NC=N1,6,0,,0,
O=C1C=NCC1,6,0,,0,
O=C1C=NCN1,6,0,,0,
O=C1C=NCO1,6,0,,0,
O=C1C=NN1O,6,0,,0,
O=C1C=NN=C1,6,0,,0,
O=C1C=NN=N1,6,0,,0,
O=C1C=NNC1,6,0,,0,
O=C1C=NOC1,6,0,,0,
O=C1CC#CC1,6,0,,0,
O=C1CC#CN1,6,0,,0,
O=C1CC#CO1,6,0,,0,
O=C1CC(=O)C1,6,0,,0,
O=C1CC(=O)N1,6,0,,0,
O=C1CC(=O)O1,6,0,,0,
O=C1CC(O)=N1,6,0,,0,
O=C1CC(O)C1,6,0,,0,
O=C1CC(O)N1,6,0,,0,
O=C1CC(O)O1,6,0,,0,
O=C1CC1(O)O,6,0,,0,
O=C1CC12C#C2,6,0,,0,
O=C1CC12C=C2,6,0,,0,
O=C1CC12C=N2,6,0,,0,
O=C1CC12CC2,6,0,,0,
O=C1CC12CN2,6,0,,0,
O=C1CC12CO2,6,0,,0,
O=C1CC12N=N2,6,0,,0,
O=C1CC12NN2,6,0,,0,
O=C1CC12NO2,6,0,,0,
O=C1CC12OO2,6,0,,0,
O=C1CC1=CO,6,0,,0,
O=C1CC1=NO,6,0,,0,
O=C1CC1CO,6,0,,0,
O=C1CC1NO,6,0,,0,
O=C1CC1OO,6,0,,0,
O=C1CC2=C1C2,6,0,,0,
O=C1CC2=C1N2,6,0,,0,
O=C1CC2=C1O2,6,0,,0,
O=C1CC2=C=C12,6,0,,0,
O=C1CC2=CC12,6,0,,0,
O=C1CC2=CN12,6,0,,0,
O=C1CC2=NC12,6,0,,0,
O=C1CC2=NN12,6,0,,0,
O=C1CC2C=C12,6,0,,0,
O=C1CC2CC12,6,0,,0,
O=C1CC2CN12,6,0,,0,
O=C1CC2N=C12,6,0,,0,
O=C1CC2NC12,6,0,,0,
O=C1CC2NN12,6,0,,0,
O=C1CC2OC12,6,0,,0,
O=C1CC2ON12,6,0,,0,
O=C1CC=C1O,6,0,,0,
O=C1CC=C=N1,6,0,,0,
O=C1CC=CC1,6,0,,0,
O=C1CC=CN1,6,0,,0,
O=C1CC=CO1,6,0,,0,
O=C1CC=NC1,6,0,,0,
O=C1CC=NN1,6,0,,0,
O=C1CC=NO1,6,0,,0,
O=C1CCC1=O,6,0,,0,
O=C1CCC1O,6,0,,0,
O=C1CCC=N1,6,0,,0,
O=C1CCCC1,6,0,,0,
O=C1CCCN1,6,0,,0,
O=C1CCCO1,6,0,,0,
O=C1CCN1O,6,0,,0,
O=C1CCN=N1,6,0,,0,
O=C1CCNC1,6,0,,0,
O=C1CCNN1,6,0,,0,
O=C1CCNO1,6,0,,0,
O=C1CCOC1,6,0,,0,
O=C1CCON1,6,0,,0,
O=C1CCOO1,6,0,,0,
O=C1CN(O)C1,6,0,,0,
O=C1CN(O)N1,6,0,,0,
O=C1CN(O)O1,6,0,,0,
O=C1CN1CO,6,0,,0,
O=C1CN1NO,6,0,,0,
O=C1CN1OO,6,0,,0,
O=C1CN2C=C12,6,0,,0,
O=C1CN2CC12,6,0,,0,
O=C1CN2CN12,6,0,,0,
O=C1CN2N=C12,6,0,,0,
O=C1CN2NC12,6,0,,0,
O=C1CN2OC12,6,0,,0,
O=C1CN=C1O,6,0,,0,
O=C1CN=C=N1,6,0,,0,
O=C1CN=CN1,6,0,,0,
O=C1CN=CO1,6,0,,0,
O=C1CN=NC1,6,0,,0,
O=C1CN=NN1,6,0,,0,
O=C1CN=NO1,6,0,,0,
O=C1CNC1=O,6,0,,0,
O=C1CNC1O,6,0,,0,
O=C1CNC=N1,6,0,,0,
O=C1CNCN1,6,0,,0,
O=C1CNCO1,6,0,,0,
O=C1CNN1O,6,0,,0,
O=C1CNN=N1,6,0,,0,
O=C1CNNC1,6,0,,0,
O=C1CNNN1,6,0,,0,
O=C1CNNO1,6,0,,0,
O=C1CNOC1,6,0,,0,
O=C1CNON1,6,0,,0,
O=C1CNOO1,6,0,,0,
O=C1COC1=O,6,0,,0,
O=C1COC1O,6,0,,0,
O=C1COC=N1,6,0,,0,
O=C1COCN1,6,0,,0,
O=C1COCO1,6,0,,0,
O=C1CON1O,6,0,,0,
O=C1CON=N1,6,0,,0,
O=C1CONN1,6,0,,0,
O=C1CONO1,6,0,,0,
O=C1COOC1,6,0,,0,
O=C1COON1,6,0,,0,
O=C1COOO1,6,0,,0,
O=C1Cn2[nH]n21,6,0,,0,
O=C1Cn2on21,6,0,,0,
O=C1N(O)N1O,6,0,,0,
O=C1N2C(=O)N12,6,0,,0,
O=C1N2C(O)N12,6,0,,0,
O=C1N2C3=CC132,6,0,,0,
O=C1N2C3=NC132,6,0,,0,
O=C1N2C3C2N13,6,0,,0,
O=C1N2C3CC132,6,0,,0,
O=C1N2C3NC132,6,0,,0,
O=C1N2C3OC132,6,0,,0,
O=C1N2CC12O,6,0,,0,
O=C1N2CCN12,6,0,,0,
O=C1N2CN1C2,6,0,,0,
O=C1N2CNN12,6,0,,0,
O=C1N2CON12,6,0,,0,
O=C1N2N3CC132,6,0,,0,
O=C1N2N3NC132,6,0,,0,
O=C1N2N3OC132,6,0,,0,
O=C1N2NC12O,6,0,,0,
O=C1N2NNN12,6,0,,0,
O=C1N2NON12,6,0,,0,
O=C1N2OC12O,6,0,,0,
O=C1N2OON12,6,0,,0,
O=C1N=C(O)N1,6,0,,0,
O=C1N=C(O)O1,6,0,,0,
O=C1N=C2C=C12,6,0,,0,
O=C1N=C2CC12,6,0,,0,
O=C1N=C2CN12,6,0,,0,
O=C1N=C2N=C12,6,0,,0,
O=C1N=C2NC12,6,0,,0,
O=C1N=C2OC12,6,0,,0,
O=C1N=C=C1O,6,0,,0,
O=C1N=C=C=N1,6,0,,0,
O=C1N=C=CN1,6,0,,0,
O=C1N=C=CO1,6,0,,0,
O=C1N=C=NN1,6,0,,0,
O=C1N=C=NO1,6,0,,0,
O=C1N=CC1O,6,0,,0,
O=C1N=CC=N1,6,0,,0,
O=C1N=CCN1,6,0,,0,
O=C1N=CCO1,6,0,,0,
O=C1N=CN1O,6,0,,0,
O=C1N=CN=N1,6,0,,0,
O=C1N=NC1O,6,0,,0,
O=C1N=NCN1,6,0,,0,
O=C1N=NCO1,6,0,,0,
O=C1N=NN1O,6,0,,0,
O=C1N=NN=N1,6,0,,0,
O=C1NC(=O)N1,6,0,,0,
O=C1NC(=O)O1,6,0,,0,
O=C1NC(O)N1,6,0,,0,
O=C1NC(O)O1,6,0,,0,
O=C1NC1(O)O,6,0,,0,
O=C1NC12C#C2,6,0,,0,
O=C1NC12C=C2,6,0,,0,
O=C1NC12C=N2,6,0,,0,
O=C1NC12CC2,6,0,,0,
O=C1NC12CN2,6,0,,0,
O=C1NC12CO2,6,0,,0,
O=C1NC12N=N2,6,0,,0,
O=C1NC12NN2,6,0,,0,
O=C1NC12NO2,6,0,,0,
O=C1NC12OO2,6,0,,0,
O=C1NC1=CO,6,0,,0,
O=C1NC1CO,6,0,,0,
O=C1NC1NO,6,0,,0,
O=C1NC1OO,6,0,,0,
O=C1NC2=C1C2,6,0,,0,
O=C1NC2=C=C12,6,0,,0,
O=C1NC2=CC12,6,0,,0,
O=C1NC2=NC12,6,0,,0,
O=C1NC2C=C12,6,0,,0,
O=C1NC2CC12,6,0,,0,
O=C1NC2CN12,6,0,,0,
O=C1NC2N=C12,6,0,,0,
O=C1NC2NC12,6,0,,0,
O=C1NC2NN12,6,0,,0,
O=C1NC2OC12,6,0,,0,
O=C1NC2ON12,6,0,,0,
O=C1NC=C1O,6,0,,0,
O=C1NCC1O,6,0,,0,
O=C1NCCN1,6,0,,0,
O=C1NCCO1,6,0,,0,
O=C1NCN1O,6,0,,0,
O=C1NCNN1,6,0,,0,
O=C1NCNO1,6,0,,0,
O=C1NCON1,6,0,,0,
O=C1NCOO1,6,0,,0,
O=C1NN1CO,6,0,,0,
O=C1NN1NO,6,0,,0,
O=C1NN1OO,6,0,,0,
O=C1NN2CC12,6,0,,0,
O=C1NN2NC12,6,0,,0,
O=C1NN2OC12,6,0,,0,
O=C1NN=C1O,6,0,,0,
O=C1NNC1=O,6,0,,0,
O=C1NNC1O,6,0,,0,
O=C1NNCO1,6,0,,0,
O=C1NNNN1,6,0,,0,
O=C1NNNO1,6,0,,0,
O=C1NNON1,6,0,,0,
O=C1NNOO1,6,0,,0,
O=C1NOC1=O,6,0,,0,
O=C1NOC1O,6,0,,0,
O=C1NOCO1,6,0,,0,
O=C1NONO1,6,0,,0,
O=C1NOON1,6,0,,0,
O=C1NOOO1,6,0,,0,
O=C1OC(=O)O1,6,0,,0,
O=C1OC(O)O1,6,0,,0,
O=C1OC1(O)O,6,0,,0,
O=C1OC12C#C2,6,0,,0,
O=C1OC12C=C2,6,0,,0,
O=C1OC12C=N2,6,0,,0,
O=C1OC12CC2,6,0,,0,
O=C1OC12CN2,6,0,,0,
O=C1OC12CO2,6,0,,0,
O=C1OC12N=N2,6,0,,0,
O=C1OC12NN2,6,0,,0,
O=C1OC12NO2,6,0,,0,
O=C1OC12OO2,6,0,,0,
O=C1OC1=CO,6,0,,0,
O=C1OC1CO,6,0,,0,
O=C1OC1NO,6,0,,0,
O=C1OC1OO,6,0,,0,
O=C1OC2=C1C2,6,0,,0,
O=C1OC2=C=C12,6,0,,0,
O=C1OC2=CC12,6,0,,0,
O=C1OC2=NC12,6,0,,0,
O=C1OC2C=C12,6,0,,0,
O=C1OC2CC12,6,0,,0,
O=C1OC2CN12,6,0,,0,
O=C1OC2N=C12,6,0,,0,
O=C1OC2NC12,6,0,,0,
O=C1OC2NN12,6,0,,0,
O=C1OC2OC12,6,0,,0,
O=C1OC2ON12,6,0,,0,
O=C1OC=C1O,6,0,,0,
O=C1OCC1O,6,0,,0,
O=C1OCCO1,6,0,,0,
O=C1OCN1O,6,0,,0,
O=C1OCNO1,6,0,,0,
O=C1OCOO1,6,0,,0,
O=C1ON1CO,6,0,,0,
O=C1ON1NO,6,0,,0,
O=C1ON1OO,6,0,,0,
O=C1ON2CC12,6,0,,0,
O=C1ON2NC12,6,0,,0,
O=C1ON2OC12,6,0,,0,
O=C1ON=C1O,6,0,,0,
O=C1ONC1O,6,0,,0,
O=C1ONNO1,6,0,,0,
O=C1ONOO1,6,0,,0,
O=C1OOC1=O,6,0,,0,
O=C1OOC1O,6,0,,0,
O=C1OOOO1,6,0,,0,
O=C1c2cn1[nH]2,6,0,,0,
O=C1c2cn1o2,6,0,,0,
O=C1c2nn1[nH]2,6,0,,0,
O=C1c2nn1o2,6,0,,0,
O=C=C(O)C=O,6,0,,0,
O=C=C(O)CO,6,0,,0,
O=C=C(O)N=O,6,0,,0,
O=C=C(O)NO,6,0,,0,
O=C=C(O)OO,6,0,,0,
O=C=C1C#CC1,6,0,,0,
O=C=C1C#CN1,6,0,,0,
O=C=C1C#CO1,6,0,,0,
O=C=C1C2=C1C2,6,0,,0,
O=C=C1C2=C1N2,6,0,,0,
O=C=C1C2=C1O2,6,0,,0,
O=C=C1C2=C=C12,6,0,,0,
O=C=C1C2=CC12,6,0,,0,
O=C=C1C2=CN12,6,0,,0,
O=C=C1C2=NC12,6,0,,0,
O=C=C1C2=NN12,6,0,,0,
O=C=C1C2CC12,6,0,,0,
O=C=C1C2CN12,6,0,,0,
O=C=C1C2NC12,6,0,,0,
O=C=C1C2NN12,6,0,,0,
O=C=C1C2OC12,6,0,,0,
O=C=C1C2ON12,6,0,,0,
O=C=C1C=C1O,6,0,,0,
O=C=C1C=C=C1,6,0,,0,
O=C=C1C=C=N1,6,0,,0,
O=C=C1C=CC1,6,0,,0,
O=C=C1C=CN1,6,0,,0,
O=C=C1C=CO1,6,0,,0,
O=C=C1C=NC1,6,0,,0,
O=C=C1C=NN1,6,0,,0,
O=C=C1C=NO1,6,0,,0,
O=C=C1CC1=O,6,0,,0,
O=C=C1CC1O,6,0,,0,
O=C=C1CC=N1,6,0,,0,
O=C=C1CCC1,6,0,,0,
O=C=C1CCN1,6,0,,0,
O=C=C1CCO1,6,0,,0,
O=C=C1CN1O,6,0,,0,
O=C=C1CN=N1,6,0,,0,
O=C=C1CNC1,6,0,,0,
O=C=C1CNN1,6,0,,0,
O=C=C1CNO1,6,0,,0,
O=C=C1COC1,6,0,,0,
O=C=C1CON1,6,0,,0,
O=C=C1COO1,6,0,,0,
O=C=C1N2CN12,6,0,,0,
O=C=C1N=C1O,6,0,,0,
O=C=C1N=C=N1,6,0,,0,
O=C=C1N=CN1,6,0,,0,
O=C=C1N=CO1,6,0,,0,
O=C=C1N=NN1,6,0,,0,
O=C=C1N=NO1,6,0,,0,
O=C=C1NC1=O,6,0,,0,
O=C=C1NC1O,6,0,,0,
O=C=C1NCN1,6,0,,0,
O=C=C1NCO1,6,0,,0,
O=C=C1NN1O,6,0,,0,
O=C=C1NNN1,6,0,,0,
O=C=C1NNO1,6,0,,0,
O=C=C1NON1,6,0,,0,
O=C=C1NOO1,6,0,,0,
O=C=C1OC1=O,6,0,,0,
O=C=C1OC1O,6,0,,0,
O=C=C1OCO1,6,0,,0,
O=C=C1ON1O,6,0,,0,
O=C=C1ONO1,6,0,,0,
O=C=C1OOO1,6,0,,0,
O=C=C1n2[nH]n21,6,0,,0,
O=C=C1n2on21,6,0,,0,
O=C=C=C(O)O,6,0,,0,
O=C=C=C1C#C1,6,0,,0,
O=C=C=C1C=C1,6,0,,0,
O=C=C=C1C=N1,6,0,,0,
O=C=C=C1CC1,6,0,,0,
O=C=C=C1CN1,6,0,,0,
O=C=C=C1CO1,6,0,,0,
O=C=C=C1N=N1,6,0,,0,
O=C=C=C1NN1,6,0,,0,
O=C=C=C1NO1,6,0,,0,
O=C=C=C1OO1,6,0,,0,
O=C=C=C=C=O,6,0,,0,
O=C=C=C=CO,6,0,,0,
O=C=C=C=NO,6,0,,0,
O=C=C=CC=O,6,0,,0,
O=C=C=CCO,6,0,,0,
O=C=C=CN=O,6,0,,0,
O=C=C=CNO,6,0,,0,
O=C=C=COO,6,0,,0,
O=C=C=NC=O,6,0,,0,
O=C=C=NCO,6,0,,0,
O=C=C=NN=O,6,0,,0,
O=C=C=NNO,6,0,,0,
O=C=C=NOO,6,0,,0,
O=C=CC#CO,6,0,,0,
O=C=CC(=O)O,6,0,,0,
O=C=CC(O)O,6,0,,0,
O=C=CC1=C=C1,6,0,,0,
O=C=CC1=C=N1,6,0,,0,
O=C=CC1=CC1,6,0,,0,
O=C=CC1=CN1,6,0,,0,
O=C=CC1=CO1,6,0,,0,
O=C=CC1=NC1,6,0,,0,
O=C=CC1=NN1,6,0,,0,
O=C=CC1=NO1,6,0,,0,
O=C=CC1C#C1,6,0,,0,
O=C=CC1C=C1,6,0,,0,
O=C=CC1C=N1,6,0,,0,
O=C=CC1CC1,6,0,,0,
O=C=CC1CN1,6,0,,0,
O=C=CC1CO1,6,0,,0,
O=C=CC1N=N1,6,0,,0,
O=C=CC1NN1,6,0,,0,
O=C=CC1NO1,6,0,,0,
O=C=CC1OO1,6,0,,0,
O=C=CC=C=O,6,0,,0,
O=C=CC=CO,6,0,,0,
O=C=CC=NO,6,0,,0,
O=C=CCC=O,6,0,,0,
O=C=CCCO,6,0,,0,
O=C=CCN=O,6,0,,0,
O=C=CCNO,6,0,,0,
O=C=CCOO,6,0,,0,
O=C=CN(O)O,6,0,,0,
O=C=CN1C#C1,6,0,,0,
O=C=CN1C=C1,6,0,,0,
O=C=CN1C=N1,6,0,,0,
O=C=CN1CC1,6,0,,0,
O=C=CN1CN1,6,0,,0,
O=C=CN1CO1,6,0,,0,
O=C=CN1N=N1,6,0,,0,
O=C=CN=C=O,6,0,,0,
O=C=CN=CO,6,0,,0,
O=C=CN=NO,6,0,,0,
O=C=CNC=O,6,0,,0,
O=C=CNCO,6,0,,0,
O=C=CNN=O,6,0,,0,
O=C=CNNO,6,0,,0,
O=C=CNOO,6,0,,0,
O=C=COC=O,6,0,,0,
O=C=COCO,6,0,,0,
O=C=CON=O,6,0,,0,
O=C=CONO,6,0,,0,
O=C=COOO,6,0,,0,
O=C=Cn1[nH][nH]1,6,0,,0,
O=C=Cn1[nH]o1,6,0,,0,
O=C=Cn1oo1,6,0,,0,
O=C=NC#CO,6,0,,0,
O=C=NC(=O)O,6,0,,0,
O=C=NC(O)O,6,0,,0,
O=C=NC1=C=C1,6,0,,0,
O=C=NC1=C=N1,6,0,,0,
O=C=NC1=CC1,6,0,,0,
O=C=NC1=CN1,6,0,,0,
O=C=NC1=CO1,6,0,,0,
O=C=NC1=NC1,6,0,,0,
O=C=NC1=NN1,6,0,,0,
O=C=NC1=NO1,6,0,,0,
O=C=NC1C#C1,6,0,,0,
O=C=NC1C=C1,6,0,,0,
O=C=NC1C=N1,6,0,,0,
O=C=NC1CC1,6,0,,0,
O=C=NC1CN1,6,0,,0,
O=C=NC1CO1,6,0,,0,
O=C=NC1N=N1,6,0,,0,
O=C=NC1NN1,6,0,,0,
O=C=NC1NO1,6,0,,0,
O=C=NC1OO1,6,0,,0,
O=C=NC=CO,6,0,,0,
O=C=NC=NO,6,0,,0,
O=C=NCC=O,6,0,,0,
O=C=NCCO,6,0,,0,
O=C=NCN=O,6,0,,0,
O=C=NCNO,6,0,,0,
O=C=NCOO,6,0,,0,
O=C=NN(O)O,6,0,,0,
O=C=NN1C#C1,6,0,,0,
O=C=NN1C=C1,6,0,,0,
O=C=NN1C=N1,6,0,,0,
O=C=NN1CC1,6,0,,0,
O=C=NN1CN1,6,0,,0,
O=C=NN1CO1,6,0,,0,
O=C=NN1N=N1,6,0,,0,
O=C=NN=C=O,6,0,,0,
O=C=NN=CO,6,0,,0,
O=C=NN=NO,6,0,,0,
O=C=NNC=O,6,0,,0,
O=C=NNCO,6,0,,0,
O=C=NNN=O,6,0,,0,
O=C=NNNO,6,0,,0,
O=C=NNOO,6,0,,0,
O=C=NOC=O,6,0,,0,
O=C=NOCO,6,0,,0,
O=C=NON=O,6,0,,0,
O=C=NONO,6,0,,0,
O=C=NOOO,6,0,,0,
O=C=Nn1[nH][nH]1,6,0,,0,
O=C=Nn1[nH]o1,6,0,,0,
O=C=Nn1oo1,6,0,,0,
O=CC#CC=O,6,0,,0,
O=CC#CCO,6,0,,0,
O=CC#CN=O,6,0,,0,
O=CC#CNO,6,0,,0,
O=CC#COO,6,0,,0,
O=CC(=O)C=O,6,0,,0,
O=CC(=O)CO,6,0,,0,
O=CC(=O)N=O,6,0,,0,
O=CC(=O)NO,6,0,,0,
O=CC(=O)OO,6,0,,0,
O=CC(O)(O)O,6,0,,0,
O=CC(O)=CO,6,0,,0,
O=CC(O)=NO,6,0,,0,
O=CC(O)C=O,6,0,,0,
O=CC(O)CO,6,0,,0,
O=CC(O)N=O,6,0,,0,
O=CC(O)NO,6,0,,0,
O=CC(O)OO,6,0,,0,
O=CC1(O)C#C1,6,0,,0,
O=CC1(O)C=C1,6,0,,0,
O=CC1(O)C=N1,6,0,,0,
O=CC1(O)CC1,6,0,,0,
O=CC1(O)CN1,6,0,,0,
O=CC1(O)CO1,6,0,,0,
O=CC1(O)N=N1,6,0,,0,
O=CC1(O)NN1,6,0,,0,
O=CC1(O)NO1,6,0,,0,
O=CC1(O)OO1,6,0,,0,
O=CC12C3=C1C32,6,0,,0,
O=CC12C3=C1N32,6,0,,0,
O=CC12C3C1C32,6,0,,0,
O=CC12C3C1N32,6,0,,0,
O=CC12C3N1N32,6,0,,0,
O=CC12C=C1C2,6,0,,0,
O=CC12C=C1N2,6,0,,0,
O=CC12C=C1O2,6,0,,0,
O=CC12CC1=N2,6,0,,0,
O=CC12CC1C2,6,0,,0,
O=CC12CC1N2,6,0,,0,
O=CC12CC1O2,6,0,,0,
O=CC12CN1C2,6,0,,0,
O=CC12CN1N2,6,0,,0,
O=CC12CN1O2,6,0,,0,
O=CC12N=C1N2,6,0,,0,
O=CC12N=C1O2,6,0,,0,
O=CC12NC1N2,6,0,,0,
O=CC12NC1O2,6,0,,0,
O=CC12NN1N2,6,0,,0,
O=CC12NN1O2,6,0,,0,
O=CC12OC1O2,6,0,,0,
O=CC12ON1O2,6,0,,0,
O=CC12n3n1n32,6,0,,0,
O=CC1=C(O)C1,6,0,,0,
O=CC1=C(O)N1,6,0,,0,
O=CC1=C(O)O1,6,0,,0,
O=CC1=C2C=C12,6,0,,0,
O=CC1=C2CC12,6,0,,0,
O=CC1=C2CN12,6,0,,0,
O=CC1=C2N=C12,6,0,,0,
O=CC1=C2NC12,6,0,,0,
O=CC1=C2OC12,6,0,,0,
O=CC1=C=C1O,6,0,,0,
O=CC1=C=C=C1,6,0,,0,
O=CC1=C=C=N1,6,0,,0,
O=CC1=C=CC1,6,0,,0,
O=CC1=C=CN1,6,0,,0,
O=CC1=C=CO1,6,0,,0,
O=CC1=C=NC1,6,0,,0,
O=CC1=C=NN1,6,0,,0,
O=CC1=C=NO1,6,0,,0,
O=CC1=CC#C1,6,0,,0,
O=CC1=CC1O,6,0,,0,
O=CC1=CC=C1,6,0,,0,
O=CC1=CC=N1,6,0,,0,
O=CC1=CCC1,6,0,,0,
O=CC1=CCN1,6,0,,0,
O=CC1=CCO1,6,0,,0,
O=CC1=CN1O,6,0,,0,
O=CC1=CN=C1,6,0,,0,
O=CC1=CN=N1,6,0,,0,
O=CC1=CNC1,6,0,,0,
O=CC1=COC1,6,0,,0,
O=CC1=NC#C1,6,0,,0,
O=CC1=NC1O,6,0,,0,
O=CC1=NC=C1,6,0,,0,
O=CC1=NC=N1,6,0,,0,
O=CC1=NCC1,6,0,,0,
O=CC1=NCN1,6,0,,0,
O=CC1=NCO1,6,0,,0,
O=CC1=NN1O,6,0,,0,
O=CC1=NN=C1,6,0,,0,
O=CC1=NN=N1,6,0,,0,
O=CC1=NNC1,6,0,,0,
O=CC1=NOC1,6,0,,0,
O=CC1C#CC1,6,0,,0,
O=CC1C#CN1,6,0,,0,
O=CC1C#CO1,6,0,,0,
O=CC1C2=C1C2,6,0,,0,
O=CC1C2=C1N2,6,0,,0,
O=CC1C2=C1O2,6,0,,0,
O=CC1C2=C=C21,6,0,,0,
O=CC1C2=CC21,6,0,,0,
O=CC1C2=CN21,6,0,,0,
O=CC1C2=NC21,6,0,,0,
O=CC1C2=NN21,6,0,,0,
O=CC1C2CC12,6,0,,0,
O=CC1C2CN12,6,0,,0,
O=CC1C2NC12,6,0,,0,
O=CC1C2NN12,6,0,,0,
O=CC1C2OC12,6,0,,0,
O=CC1C2ON12,6,0,,0,
O=CC1C=C1O,6,0,,0,
O=CC1C=C=C1,6,0,,0,
O=CC1C=C=N1,6,0,,0,
O=CC1C=CC1,6,0,,0,
O=CC1C=CN1,6,0,,0,
O=CC1C=CO1,6,0,,0,
O=CC1C=NC1,6,0,,0,
O=CC1C=NN1,6,0,,0,
O=CC1C=NO1,6,0,,0,
O=CC1CC1=O,6,0,,0,
O=CC1CC1O,6,0,,0,
O=CC1CC=N1,6,0,,0,
O=CC1CCC1,6,0,,0,
O=CC1CCN1,6,0,,0,
O=CC1CCO1,6,0,,0,
O=CC1CN1O,6,0,,0,
O=CC1CN=N1,6,0,,0,
O=CC1CNC1,6,0,,0,
O=CC1CNN1,6,0,,0,
O=CC1CNO1,6,0,,0,
O=CC1COC1,6,0,,0,
O=CC1CON1,6,0,,0,
O=CC1COO1,6,0,,0,
O=CC1N2CN12,6,0,,0,
O=CC1N=C1O,6,0,,0,
O=CC1N=C=N1,6,0,,0,
O=CC1N=CN1,6,0,,0,
O=CC1N=CO1,6,0,,0,
O=CC1N=NN1,6,0,,0,
O=CC1N=NO1,6,0,,0,
O=CC1NC1=O,6,0,,0,
O=CC1NC1O,6,0,,0,
O=CC1NCN1,6,0,,0,
O=CC1NCO1,6,0,,0,
O=CC1NN1O,6,0,,0,
O=CC1NNN1,6,0,,0,
O=CC1NNO1,6,0,,0,
O=CC1NON1,6,0,,0,
O=CC1NOO1,6,0,,0,
O=CC1OC1=O,6,0,,0,
O=CC1OC1O,6,0,,0,
O=CC1OCO1,6,0,,0,
O=CC1ON1O,6,0,,0,
O=CC1ONO1,6,0,,0,
O=CC1OOO1,6,0,,0,
O=CC1n2[nH]n21,6,0,,0,
O=CC1n2on21,6,0,,0,
O=CC=C(O)O,6,0,,0,
O=CC=C1C#C1,6,0,,0,
O=CC=C1C=C1,6,0,,0,
O=CC=C1C=N1,6,0,,0,
O=CC=C1CC1,6,0,,0,
O=CC=C1CN1,6,0,,0,
O=CC=C1CO1,6,0,,0,
O=CC=C1N=N1,6,0,,0,
O=CC=C1NN1,6,0,,0,
O=CC=C1NO1,6,0,,0,
O=CC=C1OO1,6,0,,0,
O=CC=C=CO,6,0,,0,
O=CC=C=NO,6,0,,0,
O=CC=CC=O,6,0,,0,
O=CC=CCO,6,0,,0,
O=CC=CN=O,6,0,,0,
O=CC=CNO,6,0,,0,
O=CC=COO,6,0,,0,
O=CC=NC=O,6,0,,0,
O=CC=NCO,6,0,,0,
O=CC=NN=O,6,0,,0,
O=CC=NNO,6,0,,0,
O=CC=NOO,6,0,,0,
O=CCC#CO,6,0,,0,
O=CCC(=O)O,6,0,,0,
O=CCC(O)O,6,0,,0,
O=CCC1=C=C1,6,0,,0,
O=CCC1=C=N1,6,0,,0,
O=CCC1=CC1,6,0,,0,
O=CCC1=CN1,6,0,,0,
O=CCC1=CO1,6,0,,0,
O=CCC1=NC1,6,0,,0,
O=CCC1=NN1,6,0,,0,
O=CCC1=NO1,6,0,,0,
O=CCC1C#C1,6,0,,0,
O=CCC1C=C1,6,0,,0,
O=CCC1C=N1,6,0,,0,
O=CCC1CC1,6,0,,0,
O=CCC1CN1,6,0,,0,
O=CCC1CO1,6,0,,0,
O=CCC1N=N1,6,0,,0,
O=CCC1NN1,6,0,,0,
O=CCC1NO1,6,0,,0,
O=CCC1OO1,6,0,,0,
O=CCC=CO,6,0,,0,
O=CCC=NO,6,0,,0,
O=CCCC=O,6,0,,0,
O=CCCCO,6,0,,0,
O=CCCN=O,6,0,,0,
O=CCCNO,6,0,,0,
O=CCCOO,6,0,,0,
O=CCN(O)O,6,0,,0,
O=CCN1C#C1,6,0,,0,
O=CCN1C=C1,6,0,,0,
O=CCN1C=N1,6,0,,0,
O=CCN1CC1,6,0,,0,
O=CCN1CN1,6,0,,0,
O=CCN1CO1,6,0,,0,
O=CCN1N=N1,6,0,,0,
O=CCN=CO,6,0,,0,
O=CCN=NO,6,0,,0,
O=CCNC=O,6,0,,0,
O=CCNCO,6,0,,0,
O=CCNN=O,6,0,,0,
O=CCNNO,6,0,,0,
O=CCNOO,6,0,,0,
O=CCOC=O,6,0,,0,
O=CCOCO,6,0,,0,
O=CCON=O,6,0,,0,
O=CCONO,6,0,,0,
O=CCOOO,6,0,,0,
O=CCn1[nH][nH]1,6,0,,0,
O=CCn1[nH]o1,6,0,,0,
O=CCn1oo1,6,0,,0,
O=CN(O)C=O,6,0,,0,
O=CN(O)CO,6,0,,0,
O=CN(O)N=O,6,0,,0,
O=CN(O)NO,6,0,,0,
O=CN(O)OO,6,0,,0,
O=CN1C#CC1,6,0,,0,
O=CN1C2=C1C2,6,0,,0,
O=CN1C2=C=C21,6,0,,0,
O=CN1C2=CC21,6,0,,0,
O=CN1C2=NC21,6,0,,0,
O=CN1C2CC21,6,0,,0,
O=CN1C2CN21,6,0,,0,
O=CN1C2NC21,6,0,,0,
O=CN1C2NN21,6,0,,0,
O=CN1C2OC21,6,0,,0,
O=CN1C2ON21,6,0,,0,
O=CN1C=C1O,6,0,,0,
O=CN1C=C=C1,6,0,,0,
O=CN1C=C=N1,6,0,,0,
O=CN1C=CC1,6,0,,0,
O=CN1C=NC1,6,0,,0,
O=CN1CC1=O,6,0,,0,
O=CN1CC1O,6,0,,0,
O=CN1CC=N1,6,0,,0,
O=CN1CCC1,6,0,,0,
O=CN1CCN1,6,0,,0,
O=CN1CCO1,6,0,,0,
O=CN1CN1O,6,0,,0,
O=CN1CN=N1,6,0,,0,
O=CN1CNC1,6,0,,0,
O=CN1CNN1,6,0,,0,
O=CN1CNO1,6,0,,0,
O=CN1COC1,6,0,,0,
O=CN1CON1,6,0,,0,
O=CN1COO1,6,0,,0,
O=CN1N=C1O,6,0,,0,
O=CN1N=C=N1,6,0,,0,
O=CN1NC1=O,6,0,,0,
O=CN1NC1O,6,0,,0,
O=CN1NCN1,6,0,,0,
O=CN1NCO1,6,0,,0,
O=CN1NNN1,6,0,,0,
O=CN1NNO1,6,0,,0,
O=CN1NON1,6,0,,0,
O=CN1NOO1,6,0,,0,
O=CN1OC1=O,6,0,,0,
O=CN1OC1O,6,0,,0,
O=CN1OCO1,6,0,,0,
O=CN1ONO1,6,0,,0,
O=CN1OOO1,6,0,,0,
O=CN=C(O)O,6,0,,0,
O=CN=C1CC1,6,0,,0,
O=CN=C1CN1,6,0,,0,
O=CN=C1CO1,6,0,,0,
O=CN=C1NN1,6,0,,0,
O=CN=C1NO1,6,0,,0,
O=CN=C1OO1,6,0,,0,
O=CN=C=CO,6,0,,0,
O=CN=C=NO,6,0,,0,
O=CN=CCO,6,0,,0,
O=CN=CN=O,6,0,,0,
O=CN=CNO,6,0,,0,
O=CN=COO,6,0,,0,
O=CN=NC=O,6,0,,0,
O=CN=NCO,6,0,,0,
O=CN=NN=O,6,0,,0,
O=CN=NNO,6,0,,0,
O=CN=NOO,6,0,,0,
O=CN=c1c#c1,6,0,,0,
O=CN=c1cc1,6,0,,0,
O=CN=c1cn1,6,0,,0,
O=CN=c1nn1,6,0,,0,
O=CNC#CO,6,0,,0,
O=CNC(=O)O,6,0,,0,
O=CNC(O)O,6,0,,0,
O=CNC1=C=C1,6,0,,0,
O=CNC1=C=N1,6,0,,0,
O=CNC1=CC1,6,0,,0,
O=CNC1=CN1,6,0,,0,
O=CNC1=CO1,6,0,,0,
O=CNC1=NC1,6,0,,0,
O=CNC1=NN1,6,0,,0,
O=CNC1=NO1,6,0,,0,
O=CNC1C#C1,6,0,,0,
O=CNC1C=C1,6,0,,0,
O=CNC1C=N1,6,0,,0,
O=CNC1CC1,6,0,,0,
O=CNC1CN1,6,0,,0,
O=CNC1CO1,6,0,,0,
O=CNC1N=N1,6,0,,0,
O=CNC1NN1,6,0,,0,
O=CNC1NO1,6,0,,0,
O=CNC1OO1,6,0,,0,
O=CNC=CO,6,0,,0,
O=CNC=NO,6,0,,0,
O=CNCCO,6,0,,0,
O=CNCN=O,6,0,,0,
O=CNCNO,6,0,,0,
O=CNCOO,6,0,,0,
O=CNN(O)O,6,0,,0,
O=CNN1C#C1,6,0,,0,
O=CNN1C=C1,6,0,,0,
O=CNN1C=N1,6,0,,0,
O=CNN1CC1,6,0,,0,
O=CNN1CN1,6,0,,0,
O=CNN1CO1,6,0,,0,
O=CNN1N=N1,6,0,,0,
O=CNN=CO,6,0,,0,
O=CNN=NO,6,0,,0,
O=CNNC=O,6,0,,0,
O=CNNCO,6,0,,0,
O=CNNN=O,6,0,,0,
O=CNNNO,6,0,,0,
O=CNNOO,6,0,,0,
O=CNOC=O,6,0,,0,
O=CNOCO,6,0,,0,
O=CNON=O,6,0,,0,
O=CNONO,6,0,,0,
O=CNOOO,6,0,,0,
O=CNn1[nH][nH]1,6,0,,0,
O=CNn1[nH]o1,6,0,,0,
O=CNn1oo1,6,0,,0,
O=COC#CO,6,0,,0,
O=COC(=O)O,6,0,,0,
O=COC(O)O,6,0,,0,
O=COC1=C=C1,6,0,,0,
O=COC1=C=N1,6,0,,0,
O=COC1=CC1,6,0,,0,
O=COC1=CN1,6,0,,0,
O=COC1=CO1,6,0,,0,
O=COC1=NC1,6,0,,0,
O=COC1=NN1,6,0,,0,
O=COC1=NO1,6,0,,0,
O=COC1C#C1,6,0,,0,
O=COC1C=C1,6,0,,0,
O=COC1C=N1,6,0,,0,
O=COC1CC1,6,0,,0,
O=COC1CN1,6,0,,0,
O=COC1CO1,6,0,,0,
O=COC1N=N1,6,0,,0,
O=COC1NN1,6,0,,0,
O=COC1NO1,6,0,,0,
O=COC1OO1,6,0,,0,
O=COC=CO,6,0,,0,
O=COC=NO,6,0,,0,
O=COCCO,6,0,,0,
O=COCN=O,6,0,,0,
O=COCNO,6,0,,0,
O=COCOO,6,0,,0,
O=CON(O)O,6,0,,0,
O=CON1C#C1,6,0,,0,
O=CON1C=C1,6,0,,0,
O=CON1C=N1,6,0,,0,
O=CON1CC1,6,0,,0,
O=CON1CN1,6,0,,0,
O=CON1CO1,6,0,,0,
O=CON1N=N1,6,0,,0,
O=CON=CO,6,0,,0,
O=CON=NO,6,0,,0,
O=CONCO,6,0,,0,
O=CONN=O,6,0,,0,
O=CONNO,6,0,,0,
O=CONOO,6,0,,0,
O=COOC=O,6,0,,0,
O=COOCO,6,0,,0,
O=COON=O,6,0,,0,
O=COONO,6,0,,0,
O=COOOO,6,0,,0,
O=COn1[nH][nH]1,6,0,,0,
O=COn1[nH]o1,6,0,,0,
O=COn1oo1,6,0,,0,
O=Cc1c2[nH]n1-2,6,0,,0,
O=Cc1c2on1-2,6,0,,0,
O=Cc1c[nH][nH]1,6,0,,0,
O=Cc1c[nH]o1,6,0,,0,
O=Cc1cc1=O,6,0,,0,
O=Cc1co[nH]1,6,0,,0,
O=Cc1coo1,6,0,,0,
O=Cc1n[nH][nH]1,6,0,,0,
O=Cc1n[nH]o1,6,0,,0,
O=Cc1nc1=O,6,0,,0,
O=Cc1no[nH]1,6,0,,0,
O=Cc1noo1,6,0,,0,
O=Cn1[nH]n1O,6,0,,0,
O=Cn1c#c[nH]1,6,0,,0,
O=Cn1c#co1,6,0,,0,
O=Cn1c2[nH]c1=2,6,0,,0,
O=Cn1c2cn1-2,6,0,,0,
O=Cn1c2nn1-2,6,0,,0,
O=Cn1c2oc1=2,6,0,,0,
O=Cn1cc[nH]1,6,0,,0,
O=Cn1cco1,6,0,,0,
O=Cn1cn[nH]1,6,0,,0,
O=Cn1cno1,6,0,,0,
O=Cn1n2[nH]n12,6,0,,0,
O=Cn1n2n1C2,6,0,,0,
O=Cn1n2on12,6,0,,0,
O=Cn1nc[nH]1,6,0,,0,
O=Cn1nco1,6,0,,0,
O=Cn1nn[nH]1,6,0,,0,
O=Cn1nno1,6,0,,0,
O=Cn1on1O,6,0,,0,
O=NC#CCO,6,0,,0,
O=NC#CN=O,6,0,,0,
O=NC#CNO,6,0,,0,
O=NC#COO,6,0,,0,
O=NC(=O)CO,6,0,,0,
O=NC(=O)N=O,6,0,,0,
O=NC(=O)NO,6,0,,0,
O=NC(=O)OO,6,0,,0,
O=NC(O)(O)O,6,0,,0,
O=NC(O)=CO,6,0,,0,
O=NC(O)=NO,6,0,,0,
O=NC(O)CO,6,0,,0,
O=NC(O)N=O,6,0,,0,
O=NC(O)NO,6,0,,0,
O=NC(O)OO,6,0,,0,
O=NC1(O)C#C1,6,0,,0,
O=NC1(O)C=C1,6,0,,0,
O=NC1(O)C=N1,6,0,,0,
O=NC1(O)CC1,6,0,,0,
O=NC1(O)CN1,6,0,,0,
O=NC1(O)CO1,6,0,,0,
O=NC1(O)N=N1,6,0,,0,
O=NC1(O)NN1,6,0,,0,
O=NC1(O)NO1,6,0,,0,
O=NC1(O)OO1,6,0,,0,
O=NC12C3=C1C32,6,0,,0,
O=NC12C3=C1N32,6,0,,0,
O=NC12C3C1C32,6,0,,0,
O=NC12C3C1N32,6,0,,0,
O=NC12C3N1N32,6,0,,0,
O=NC12C=C1C2,6,0,,0,
O=NC12C=C1N2,6,0,,0,
O=NC12C=C1O2,6,0,,0,
O=NC12CC1=N2,6,0,,0,
O=NC12CC1C2,6,0,,0,
O=NC12CC1N2,6,0,,0,
O=NC12CC1O2,6,0,,0,
O=NC12CN1C2,6,0,,0,
O=NC12CN1N2,6,0,,0,
O=NC12CN1O2,6,0,,0,
O=NC12N=C1N2,6,0,,0,
O=NC12N=C1O2,6,0,,0,
O=NC12NC1N2,6,0,,0,
O=NC12NC1O2,6,0,,0,
O=NC12NN1N2,6,0,,0,
O=NC12NN1O2,6,0,,0,
O=NC12OC1O2,6,0,,0,
O=NC12ON1O2,6,0,,0,
O=NC12n3n1n32,6,0,,0,
O=NC1=C(O)C1,6,0,,0,
O=NC1=C(O)N1,6,0,,0,
O=NC1=C(O)O1,6,0,,0,
O=NC1=C2C=C21,6,0,,0,
O=NC1=C2CC21,6,0,,0,
O=NC1=C2CN21,6,0,,0,
O=NC1=C2N=C12,6,0,,0,
O=NC1=C2NC12,6,0,,0,
O=NC1=C2OC12,6,0,,0,
O=NC1=C=C1O,6,0,,0,
O=NC1=C=C=C1,6,0,,0,
O=NC1=C=C=N1,6,0,,0,
O=NC1=C=CC1,6,0,,0,
O=NC1=C=CN1,6,0,,0,
O=NC1=C=CO1,6,0,,0,
O=NC1=C=NC1,6,0,,0,
O=NC1=C=NN1,6,0,,0,
O=NC1=C=NO1,6,0,,0,
O=NC1=CC#C1,6,0,,0,
O=NC1=CC1O,6,0,,0,
O=NC1=CC=C1,6,0,,0,
O=NC1=CC=N1,6,0,,0,
O=NC1=CCC1,6,0,,0,
O=NC1=CCN1,6,0,,0,
O=NC1=CCO1,6,0,,0,
O=NC1=CN1O,6,0,,0,
O=NC1=CN=C1,6,0,,0,
O=NC1=CN=N1,6,0,,0,
O=NC1=CNC1,6,0,,0,
O=NC1=COC1,6,0,,0,
O=NC1=NC#C1,6,0,,0,
O=NC1=NC1O,6,0,,0,
O=NC1=NC=C1,6,0,,0,
O=NC1=NC=N1,6,0,,0,
O=NC1=NCC1,6,0,,0,
O=NC1=NCN1,6,0,,0,
O=NC1=NCO1,6,0,,0,
O=NC1=NN1O,6,0,,0,
O=NC1=NN=C1,6,0,,0,
O=NC1=NN=N1,6,0,,0,
O=NC1=NNC1,6,0,,0,
O=NC1=NOC1,6,0,,0,
O=NC1C#CC1,6,0,,0,
O=NC1C#CN1,6,0,,0,
O=NC1C#CO1,6,0,,0,
O=NC1C2=C1C2,6,0,,0,
O=NC1C2=C1N2,6,0,,0,
O=NC1C2=C1O2,6,0,,0,
O=NC1C2=C=C21,6,0,,0,
O=NC1C2=CC21,6,0,,0,
O=NC1C2=CN21,6,0,,0,
O=NC1C2=NC21,6,0,,0,
O=NC1C2=NN21,6,0,,0,
O=NC1C2CC21,6,0,,0,
O=NC1C2CN21,6,0,,0,
O=NC1C2NC12,6,0,,0,
O=NC1C2NN12,6,0,,0,
O=NC1C2OC12,6,0,,0,
O=NC1C2ON12,6,0,,0,
O=NC1C=C1O,6,0,,0,
O=NC1C=C=C1,6,0,,0,
O=NC1C=C=N1,6,0,,0,
O=NC1C=CC1,6,0,,0,
O=NC1C=CN1,6,0,,0,
O=NC1C=CO1,6,0,,0,
O=NC1C=NC1,6,0,,0,
O=NC1C=NN1,6,0,,0,
O=NC1C=NO1,6,0,,0,
O=NC1CC1=O,6,0,,0,
O=NC1CC1O,6,0,,0,
O=NC1CC=N1,6,0,,0,
O=NC1CCC1,6,0,,0,
O=NC1CCN1,6,0,,0,
O=NC1CCO1,6,0,,0,
O=NC1CN1O,6,0,,0,
O=NC1CN=N1,6,0,,0,
O=NC1CNC1,6,0,,0,
O=NC1CNN1,6,0,,0,
O=NC1CNO1,6,0,,0,
O=NC1COC1,6,0,,0,
O=NC1CON1,6,0,,0,
O=NC1COO1,6,0,,0,
O=NC1N2CN12,6,0,,0,
O=NC1N=C1O,6,0,,0,
O=NC1N=C=N1,6,0,,0,
O=NC1N=CN1,6,0,,0,
O=NC1N=CO1,6,0,,0,
O=NC1N=NN1,6,0,,0,
O=NC1N=NO1,6,0,,0,
O=NC1NC1=O,6,0,,0,
O=NC1NC1O,6,0,,0,
O=NC1NCN1,6,0,,0,
O=NC1NCO1,6,0,,0,
O=NC1NN1O,6,0,,0,
O=NC1NNN1,6,0,,0,
O=NC1NNO1,6,0,,0,
O=NC1NON1,6,0,,0,
O=NC1NOO1,6,0,,0,
O=NC1OC1=O,6,0,,0,
O=NC1OC1O,6,0,,0,
O=NC1OCO1,6,0,,0,
O=NC1ON1O,6,0,,0,
O=NC1ONO1,6,0,,0,
O=NC1OOO1,6,0,,0,
O=NC1n2[nH]n21,6,0,,0,
O=NC1n2on21,6,0,,0,
O=NC=C(O)O,6,0,,0,
O=NC=C1C#C1,6,0,,0,
O=NC=C1C=C1,6,0,,0,
O=NC=C1C=N1,6,0,,0,
O=NC=C1CC1,6,0,,0,
O=NC=C1CN1,6,0,,0,
O=NC=C1CO1,6,0,,0,
O=NC=C1N=N1,6,0,,0,
O=NC=C1NN1,6,0,,0,
O=NC=C1NO1,6,0,,0,
O=NC=C1OO1,6,0,,0,
O=NC=C=CO,6,0,,0,
O=NC=C=NO,6,0,,0,
O=NC=CCO,6,0,,0,
O=NC=CN=O,6,0,,0,
O=NC=CNO,6,0,,0,
O=NC=COO,6,0,,0,
O=NC=NCO,6,0,,0,
O=NC=NN=O,6,0,,0,
O=NC=NNO,6,0,,0,
O=NC=NOO,6,0,,0,
O=NCC#CO,6,0,,0,
O=NCC(=O)O,6,0,,0,
O=NCC(O)O,6,0,,0,
O=NCC1=C=C1,6,0,,0,
O=NCC1=C=N1,6,0,,0,
O=NCC1=CC1,6,0,,0,
O=NCC1=CN1,6,0,,0,
O=NCC1=CO1,6,0,,0,
O=NCC1=NC1,6,0,,0,
O=NCC1=NN1,6,0,,0,
O=NCC1=NO1,6,0,,0,
O=NCC1C#C1,6,0,,0,
O=NCC1C=C1,6,0,,0,
O=NCC1C=N1,6,0,,0,
O=NCC1CC1,6,0,,0,
O=NCC1CN1,6,0,,0,
O=NCC1CO1,6,0,,0,
O=NCC1N=N1,6,0,,0,
O=NCC1NN1,6,0,,0,
O=NCC1NO1,6,0,,0,
O=NCC1OO1,6,0,,0,
O=NCC=CO,6,0,,0,
O=NCC=NO,6,0,,0,
O=NCCCO,6,0,,0,
O=NCCN=O,6,0,,0,
O=NCCNO,6,0,,0,
O=NCCOO,6,0,,0,
O=NCN(O)O,6,0,,0,
O=NCN1C#C1,6,0,,0,
O=NCN1C=C1,6,0,,0,
O=NCN1C=N1,6,0,,0,
O=NCN1CC1,6,0,,0,
O=NCN1CN1,6,0,,0,
O=NCN1CO1,6,0,,0,
O=NCN1N=N1,6,0,,0,
O=NCN=CO,6,0,,0,
O=NCN=NO,6,0,,0,
O=NCNCO,6,0,,0,
O=NCNN=O,6,0,,0,
O=NCNNO,6,0,,0,
O=NCNOO,6,0,,0,
O=NCOCO,6,0,,0,
O=NCON=O,6,0,,0,
O=NCONO,6,0,,0,
O=NCOOO,6,0,,0,
O=NCn1[nH][nH]1,6,0,,0,
O=NCn1[nH]o1,6,0,,0,
O=NCn1oo1,6,0,,0,
O=NN(O)CO,6,0,,0,
O=NN(O)N=O,6,0,,0,
O=NN(O)NO,6,0,,0,
O=NN(O)OO,6,0,,0,
O=NN1C#CC1,6,0,,0,
O=NN1C2=C1C2,6,0,,0,
O=NN1C2=C=C21,6,0,,0,
O=NN1C2=CC21,6,0,,0,
O=NN1C2=NC21,6,0,,0,
O=NN1C2CC21,6,0,,0,
O=NN1C2CN21,6,0,,0,
O=NN1C2NC21,6,0,,0,
O=NN1C2NN21,6,0,,0,
O=NN1C2OC21,6,0,,0,
O=NN1C2ON21,6,0,,0,
O=NN1C=C1O,6,0,,0,
O=NN1C=C=C1,6,0,,0,
O=NN1C=C=N1,6,0,,0,
O=NN1C=CC1,6,0,,0,
O=NN1C=NC1,6,0,,0,
O=NN1CC1=O,6,0,,0,
O=NN1CC1O,6,0,,0,
O=NN1CC=N1,6,0,,0,
O=NN1CCC1,6,0,,0,
O=NN1CCN1,6,0,,0,
O=NN1CCO1,6,0,,0,
O=NN1CN1O,6,0,,0,
O=NN1CN=N1,6,0,,0,
O=NN1CNC1,6,0,,0,
O=NN1CNN1,6,0,,0,
O=NN1CNO1,6,0,,0,
O=NN1COC1,6,0,,0,
O=NN1CON1,6,0,,0,
O=NN1COO1,6,0,,0,
O=NN1N=C1O,6,0,,0,
O=NN1N=C=N1,6,0,,0,
O=NN1NC1=O,6,0,,0,
O=NN1NC1O,6,0,,0,
O=NN1NCN1,6,0,,0,
O=NN1NCO1,6,0,,0,
O=NN1NNN1,6,0,,0,
O=NN1NNO1,6,0,,0,
O=NN1NON1,6,0,,0,
O=NN1NOO1,6,0,,0,
O=NN1OC1=O,6,0,,0,
O=NN1OC1O,6,0,,0,
O=NN1OCO1,6,0,,0,
O=NN1ONO1,6,0,,0,
O=NN1OOO1,6,0,,0,
O=NN=C(O)O,6,0,,0,
O=NN=C1CC1,6,0,,0,
O=NN=C1CN1,6,0,,0,
O=NN=C1CO1,6,0,,0,
O=NN=C1NN1,6,0,,0,
O=NN=C1NO1,6,0,,0,
O=NN=C1OO1,6,0,,0,
O=NN=C=CO,6,0,,0,
O=NN=C=NO,6,0,,0,
O=NN=CCO,6,0,,0,
O=NN=CNO,6,0,,0,
O=NN=COO,6,0,,0,
O=NN=NCO,6,0,,0,
O=NN=NN=O,6,0,,0,
O=NN=NNO,6,0,,0,
O=NN=NOO,6,0,,0,
O=NN=c1c#c1,6,0,,0,
O=NN=c1cc1,6,0,,0,
O=NN=c1cn1,6,0,,0,
O=NN=c1nn1,6,0,,0,
O=NNC#CO,6,0,,0,
O=NNC(=O)O,6,0,,0,
O=NNC(O)O,6,0,,0,
O=NNC1=C=C1,6,0,,0,
O=NNC1=C=N1,6,0,,0,
O=NNC1=CC1,6,0,,0,
O=NNC1=CN1,6,0,,0,
O=NNC1=CO1,6,0,,0,
O=NNC1=NC1,6,0,,0,
O=NNC1=NN1,6,0,,0,
O=NNC1=NO1,6,0,,0,
O=NNC1C#C1,6,0,,0,
O=NNC1C=C1,6,0,,0,
O=NNC1C=N1,6,0,,0,
O=NNC1CC1,6,0,,0,
O=NNC1CN1,6,0,,0,
O=NNC1CO1,6,0,,0,
O=NNC1N=N1,6,0,,0,
O=NNC1NN1,6,0,,0,
O=NNC1NO1,6,0,,0,
O=NNC1OO1,6,0,,0,
O=NNC=CO,6,0,,0,
O=NNC=NO,6,0,,0,
O=NNCCO,6,0,,0,
O=NNCNO,6,0,,0,
O=NNCOO,6,0,,0,
O=NNN(O)O,6,0,,0,
O=NNN1C#C1,6,0,,0,
O=NNN1C=C1,6,0,,0,
O=NNN1C=N1,6,0,,0,
O=NNN1CC1,6,0,,0,
O=NNN1CN1,6,0,,0,
O=NNN1CO1,6,0,,0,
O=NNN1N=N1,6,0,,0,
O=NNN=CO,6,0,,0,
O=NNN=NO,6,0,,0,
O=NNNCO,6,0,,0,
O=NNNN=O,6,0,,0,
O=NNNNO,6,0,,0,
O=NNNOO,6,0,,0,
O=NNOCO,6,0,,0,
O=NNON=O,6,0,,0,
O=NNONO,6,0,,0,
O=NNOOO,6,0,,0,
O=NNn1[nH][nH]1,6,0,,0,
O=NNn1[nH]o1,6,0,,0,
O=NNn1oo1,6,0,,0,
O=NOC#CO,6,0,,0,
O=NOC(=O)O,6,0,,0,
O=NOC(O)O,6,0,,0,
O=NOC1=C=C1,6,0,,0,
O=NOC1=C=N1,6,0,,0,
O=NOC1=CC1,6,0,,0,
O=NOC1=CN1,6,0,,0,
O=NOC1=CO1,6,0,,0,
O=NOC1=NC1,6,0,,0,
O=NOC1=NN1,6,0,,0,
O=NOC1=NO1,6,0,,0,
O=NOC1C#C1,6,0,,0,
O=NOC1C=C1,6,0,,0,
O=NOC1C=N1,6,0,,0,
O=NOC1CC1,6,0,,0,
O=NOC1CN1,6,0,,0,
O=NOC1CO1,6,0,,0,
O=NOC1N=N1,6,0,,0,
O=NOC1NN1,6,0,,0,
O=NOC1NO1,6,0,,0,
O=NOC1OO1,6,0,,0,
O=NOC=CO,6,0,,0,
O=NOC=NO,6,0,,0,
O=NOCCO,6,0,,0,
O=NOCNO,6,0,,0,
O=NOCOO,6,0,,0,
O=NON(O)O,6,0,,0,
O=NON1C#C1,6,0,,0,
O=NON1C=C1,6,0,,0,
O=NON1C=N1,6,0,,0,
O=NON1CC1,6,0,,0,
O=NON1CN1,6,0,,0,
O=NON1CO1,6,0,,0,
O=NON1N=N1,6,0,,0,
O=NON=CO,6,0,,0,
O=NON=NO,6,0,,0,
O=NONCO,6,0,,0,
O=NONNO,6,0,,0,
O=NONOO,6,0,,0,
O=NOOCO,6,0,,0,
O=NOON=O,6,0,,0,
O=NOONO,6,0,,0,
O=NOOOO,6,0,,0,
O=NOn1[nH][nH]1,6,0,,0,
O=NOn1[nH]o1,6,0,,0,
O=NOn1oo1,6,0,,0,
O=Nc1c2[nH]n1-2,6,0,,0,
O=Nc1c2on1-2,6,0,,0,
O=Nc1c[nH][nH]1,6,0,,0,
O=Nc1c[nH]o1,6,0,,0,
O=Nc1cc1=O,6,0,,0,
O=Nc1co[nH]1,6,0,,0,
O=Nc1coo1,6,0,,0,
O=Nc1n[nH][nH]1,6,0,,0,
O=Nc1n[nH]o1,6,0,,0,
O=Nc1nc1=O,6,0,,0,
O=Nc1no[nH]1,6,0,,0,
O=Nc1noo1,6,0,,0,
O=Nn1[nH]n1O,6,0,,0,
O=Nn1c#c[nH]1,6,0,,0,
O=Nn1c#co1,6,0,,0,
O=Nn1c2[nH]c1=2,6,0,,0,
O=Nn1c2cn1-2,6,0,,0,
O=Nn1c2nn1-2,6,0,,0,
O=Nn1c2oc1=2,6,0,,0,
O=Nn1cc[nH]1,6,0,,0,
O=Nn1cco1,6,0,,0,
O=Nn1cn[nH]1,6,0,,0,
O=Nn1cno1,6,0,,0,
O=Nn1n2[nH]n12,6,0,,0,
O=Nn1n2n1C2,6,0,,0,
O=Nn1n2on12,6,0,,0,
O=Nn1nc[nH]1,6,0,,0,
O=Nn1nco1,6,0,,0,
O=Nn1nn[nH]1,6,0,,0,
O=Nn1nno1,6,0,,0,
O=Nn1on1O,6,0,,0,
O=c1[nH][nH]n1O,6,0,,0,
O=c1[nH]c#c[nH]1,6,0,,0,
O=c1[nH]c#co1,6,0,,0,
O=c1[nH]c1=NO,6,0,,0,
O=c1[nH]c2[nH]c1=2,6,0,,0,
O=c1[nH]c2cn1-2,6,0,,0,
O=c1[nH]c2nn1-2,6,0,,0,
O=c1[nH]c2oc1=2,6,0,,0,
O=c1[nH]cc[nH]1,6,0,,0,
O=c1[nH]cco1,6,0,,0,
O=c1[nH]cn[nH]1,6,0,,0,
O=c1[nH]cno1,6,0,,0,
O=c1[nH]n(O)[nH]1,6,0,,0,
O=c1[nH]n(O)o1,6,0,,0,
O=c1[nH]n2[nH]n12,6,0,,0,
O=c1[nH]n2cc1-2,6,0,,0,
O=c1[nH]n2n1C2,6,0,,0,
O=c1[nH]n2nc1-2,6,0,,0,
O=c1[nH]n2on12,6,0,,0,
O=c1[nH]nco1,6,0,,0,
O=c1[nH]nn[nH]1,6,0,,0,
O=c1[nH]nno1,6,0,,0,
O=c1[nH]on1O,6,0,,0,
O=c1c#c[nH][nH]1,6,0,,0,
O=c1c#c[nH]o1,6,0,,0,
O=c1c#cc1=O,6,0,,0,
O=c1c#co[nH]1,6,0,,0,
O=c1c#coo1,6,0,,0,
O=c1c(=O)n1O,6,0,,0,
O=c1c(O)c1O,6,0,,0,
O=c1c2[nH][nH]c12,6,0,,0,
O=c1c2[nH]oc12,6,0,,0,
O=c1c2c(=O)c12,6,0,,0,
O=c1c2c1=C=C=2,6,0,,0,
O=c1c2c1=CC=2,6,0,,0,
O=c1c2c1=NC=2,6,0,,0,
O=c1c2c1=NN=2,6,0,,0,
O=c1c2c1C#C2,6,0,,0,
O=c1c2c1C2O,6,0,,0,
O=c1c2c1C=C2,6,0,,0,
O=c1c2c1CC2,6,0,,0,
O=c1c2c1N2O,6,0,,0,
O=c1c2c1N=C2,6,0,,0,
O=c1c2c1N=N2,6,0,,0,
O=c1c2c1NC2,6,0,,0,
O=c1c2c1OC2,6,0,,0,
O=c1c2c3n1n23,6,0,,0,
O=c1c2c[nH]n12,6,0,,0,
O=c1c2con12,6,0,,0,
O=c1c2n[nH]n12,6,0,,0,
O=c1c2non12,6,0,,0,
O=c1c2ooc12,6,0,,0,
O=c1cc1CO,6,0,,0,
O=c1cc1NO,6,0,,0,
O=c1cc1OO,6,0,,0,
O=c1cc2[nH]n1-2,6,0,,0,
O=c1cc2on1-2,6,0,,0,
O=c1cc[nH][nH]1,6,0,,0,
O=c1cc[nH]o1,6,0,,0,
O=c1ccc1=O,6,0,,0,
O=c1cco[nH]1,6,0,,0,
O=c1ccoo1,6,0,,0,
O=c1cn[nH][nH]1,6,0,,0,
O=c1cn[nH]o1,6,0,,0,
O=c1cnc1=O,6,0,,0,
O=c1cno[nH]1,6,0,,0,
O=c1cnoo1,6,0,,0,
O=c1n2[nH]n1C2,6,0,,0,
O=c1n2[nH]n1[nH]2,6,0,,0,
O=c1n2[nH]n1o2,6,0,,0,
O=c1n2c#cn12,6,0,,0,
O=c1n2c3c2n13,6,0,,0,
O=c1n2ccn12,6,0,,0,
O=c1n2cnn12,6,0,,0,
O=c1n2n(O)n12,6,0,,0,
O=c1n2n3n1C23,6,0,,0,
O=c1n2n3n1n23,6,0,,0,
O=c1n2nnn12,6,0,,0,
O=c1n2on1C2,6,0,,0,
O=c1n2on1o2,6,0,,0,
O=c1nc1CO,6,0,,0,
O=c1nc1NO,6,0,,0,
O=c1nc1OO,6,0,,0,
O=c1nc2[nH]n1-2,6,0,,0,
O=c1nc2on1-2,6,0,,0,
O=c1nc[nH][nH]1,6,0,,0,
O=c1nc[nH]o1,6,0,,0,
O=c1nco[nH]1,6,0,,0,
O=c1ncoo1,6,0,,0,
O=c1nn[nH][nH]1,6,0,,0,
O=c1nn[nH]o1,6,0,,0,
O=c1nnc1=O,6,0,,0,
O=c1nno[nH]1,6,0,,0,
O=c1nnoo1,6,0,,0,
O=c1o[nH]n1O,6,0,,0,
O=c1oc#co1,6,0,,0,
O=c1oc1=NO,6,0,,0,
O=c1oc2[nH]c1=2,6,0,,0,
O=c1oc2cn1-2,6,0,,0,
O=c1oc2nn1-2,6,0,,0,
O=c1oc2oc1=2,6,0,,0,
O=c1occo1,6,0,,0,
O=c1ocno1,6,0,,0,
O=c1on(O)o1,6,0,,0,
O=c1on2[nH]n12,6,0,,0,
O=c1on2cc1-2,6,0,,0,
O=c1on2n1C2,6,0,,0,
O=c1on2nc1-2,6,0,,0,
O=c1on2on12,6,0,,0,
O=c1onno1,6,0,,0,
O=c1oon1O,6,0,,0,
OC#CC#CO,6,0,,0,
OC#CC(O)O,6,0,,0,
OC#CC1=C=C1,6,0,,0,
OC#CC1=C=N1,6,0,,0,
OC#CC1=CC1,6,0,,0,
OC#CC1=CN1,6,0,,0,
OC#CC1=CO1,6,0,,0,
OC#CC1=NC1,6,0,,0,
OC#CC1=NN1,6,0,,0,
OC#CC1=NO1,6,0,,0,
OC#CC1C#C1,6,0,,0,
OC#CC1C=C1,6,0,,0,
OC#CC1C=N1,6,0,,0,
OC#CC1CC1,6,0,,0,
OC#CC1CN1,6,0,,0,
OC#CC1CO1,6,0,,0,
OC#CC1N=N1,6,0,,0,
OC#CC1NN1,6,0,,0,
OC#CC1NO1,6,0,,0,
OC#CC1OO1,6,0,,0,
OC#CC=CO,6,0,,0,
OC#CC=NO,6,0,,0,
OC#CCCO,6,0,,0,
OC#CCNO,6,0,,0,
OC#CCOO,6,0,,0,
OC#CN(O)O,6,0,,0,
OC#CN1C#C1,6,0,,0,
OC#CN1C=C1,6,0,,0,
OC#CN1C=N1,6,0,,0,
OC#CN1CC1,6,0,,0,
OC#CN1CN1,6,0,,0,
OC#CN1CO1,6,0,,0,
OC#CN1N=N1,6,0,,0,
OC#CN=CO,6,0,,0,
OC#CN=NO,6,0,,0,
OC#CNCO,6,0,,0,
OC#CNNO,6,0,,0,
OC#CNOO,6,0,,0,
OC#COCO,6,0,,0,
OC#CONO,6,0,,0,
OC#COOO,6,0,,0,
OC#Cn1[nH][nH]1,6,0,,0,
OC#Cn1[nH]o1,6,0,,0,
OC#Cn1oo1,6,0,,0,
OC(O)=C(O)O,6,0,,0,
OC(O)=C1C#C1,6,0,,0,
OC(O)=C1C=C1,6,0,,0,
OC(O)=C1C=N1,6,0,,0,
OC(O)=C1CC1,6,0,,0,
OC(O)=C1CN1,6,0,,0,
OC(O)=C1CO1,6,0,,0,
OC(O)=C1N=N1,6,0,,0,
OC(O)=C1NN1,6,0,,0,
OC(O)=C1NO1,6,0,,0,
OC(O)=C1OO1,6,0,,0,
OC(O)C(O)O,6,0,,0,
OC(O)C1=C=C1,6,0,,0,
OC(O)C1=C=N1,6,0,,0,
OC(O)C1=CC1,6,0,,0,
OC(O)C1=CN1,6,0,,0,
OC(O)C1=CO1,6,0,,0,
OC(O)C1=NC1,6,0,,0,
OC(O)C1=NN1,6,0,,0,
OC(O)C1=NO1,6,0,,0,
OC(O)C1C#C1,6,0,,0,
OC(O)C1C=C1,6,0,,0,
OC(O)C1C=N1,6,0,,0,
OC(O)C1CC1,6,0,,0,
OC(O)C1CN1,6,0,,0,
OC(O)C1CO1,6,0,,0,
OC(O)C1N=N1,6,0,,0,
OC(O)C1NN1,6,0,,0,
OC(O)C1NO1,6,0,,0,
OC(O)C1OO1,6,0,,0,
OC(O)N(O)O,6,0,,0,
OC(O)N1C#C1,6,0,,0,
OC(O)N1C=C1,6,0,,0,
OC(O)N1C=N1,6,0,,0,
OC(O)N1CC1,6,0,,0,
OC(O)N1CN1,6,0,,0,
OC(O)N1CO1,6,0,,0,
OC(O)N1N=N1,6,0,,0,
OC(O)n1[nH][nH]1,6,0,,0,
OC(O)n1[nH]o1,6,0,,0,
OC(O)n1oo1,6,0,,0,
OC1(O)C#CC1,6,0,,0,
OC1(O)C#CN1,6,0,,0,
OC1(O)C#CO1,6,0,,0,
OC1(O)C2=C1C2,6,0,,0,
OC1(O)C2=C1N2,6,0,,0,
OC1(O)C2=C1O2,6,0,,0,
OC1(O)C2=C=C21,6,0,,0,
OC1(O)C2=CC21,6,0,,0,
OC1(O)C2=CN21,6,0,,0,
OC1(O)C2=NC21,6,0,,0,
OC1(O)C2=NN21,6,0,,0,
OC1(O)C2CC21,6,0,,0,
OC1(O)C2CN21,6,0,,0,
OC1(O)C2NC21,6,0,,0,
OC1(O)C2NN21,6,0,,0,
OC1(O)C2OC21,6,0,,0,
OC1(O)C2ON21,6,0,,0,
OC1(O)C=C=C1,6,0,,0,
OC1(O)C=C=N1,6,0,,0,
OC1(O)C=CC1,6,0,,0,
OC1(O)C=CN1,6,0,,0,
OC1(O)C=CO1,6,0,,0,
OC1(O)C=NC1,6,0,,0,
OC1(O)C=NN1,6,0,,0,
OC1(O)C=NO1,6,0,,0,
OC1(O)CC=N1,6,0,,0,
OC1(O)CCC1,6,0,,0,
OC1(O)CCN1,6,0,,0,
OC1(O)CCO1,6,0,,0,
OC1(O)CN=N1,6,0,,0,
OC1(O)CNC1,6,0,,0,
OC1(O)CNN1,6,0,,0,
OC1(O)CNO1,6,0,,0,
OC1(O)COC1,6,0,,0,
OC1(O)CON1,6,0,,0,
OC1(O)COO1,6,0,,0,
OC1(O)N2CN21,6,0,,0,
OC1(O)N=C=N1,6,0,,0,
OC1(O)N=CN1,6,0,,0,
OC1(O)N=CO1,6,0,,0,
OC1(O)N=NN1,6,0,,0,
OC1(O)N=NO1,6,0,,0,
OC1(O)NCN1,6,0,,0,
OC1(O)NCO1,6,0,,0,
OC1(O)NNN1,6,0,,0,
OC1(O)NNO1,6,0,,0,
OC1(O)NON1,6,0,,0,
OC1(O)NOO1,6,0,,0,
OC1(O)OCO1,6,0,,0,
OC1(O)ONO1,6,0,,0,
OC1(O)OOO1,6,0,,0,
OC1(O)n2[nH]n21,6,0,,0,
OC1(O)n2on21,6,0,,0,
OC12C#CC1=C2,6,0,,0,
OC12C#CC1=N2,6,0,,0,
OC12C#CC1C2,6,0,,0,
OC12C#CC1N2,6,0,,0,
OC12C#CC1O2,6,0,,0,
OC12C#CN1C2,6,0,,0,
OC12C#CN1N2,6,0,,0,
OC12C#CN1O2,6,0,,0,
OC12C34C5C13C524,6,0,,0,
OC12C34N5C13C524,6,0,,0,
OC12C3=C1C2C3,6,0,,0,
OC12C3=C1C2N3,6,0,,0,
OC12C3=C1C2O3,6,0,,0,
OC12C3=C1C32O,6,0,,0,
OC12C3=C1N2C3,6,0,,0,
OC12C3=C4C1C432,6,0,,0,
OC12C3=C4N1C432,6,0,,0,
OC12C3=C=C1C32,6,0,,0,
OC12C3=C=C1N32,6,0,,0,
OC12C3=CC1=C32,6,0,,0,
OC12C3=CC1C32,6,0,,0,
OC12C3=CC1N32,6,0,,0,
OC12C3=CN1C32,6,0,,0,
OC12C3=NC1=C32,6,0,,0,
OC12C3=NC1C32,6,0,,0,
OC12C3=NC1N32,6,0,,0,
OC12C3=NN1C32,6,0,,0,
OC12C3C14CC324,6,0,,0,
OC12C3C14NC324,6,0,,0,
OC12C3C14OC324,6,0,,0,
OC12C3C1C32O,6,0,,0,
OC12C3C4C1C432,6,0,,0,
OC12C3C4N1C432,6,0,,0,
OC12C3CC1C32,6,0,,0,
OC12C3CC1N32,6,0,,0,
OC12C3CN1C32,6,0,,0,
OC12C3CN1N32,6,0,,0,
OC12C3N1C32O,6,0,,0,
OC12C3N1CN32,6,0,,0,
OC12C3N1NN32,6,0,,0,
OC12C3N1ON32,6,0,,0,
OC12C3N4C1C342,6,0,,0,
OC12C3N4N1C342,6,0,,0,
OC12C3NC1C32,6,0,,0,
OC12C3NC1N32,6,0,,0,
OC12C3NN1C32,6,0,,0,
OC12C3NN1N32,6,0,,0,
OC12C3OC1C32,6,0,,0,
OC12C3OC1N32,6,0,,0,
OC12C3ON1C32,6,0,,0,
OC12C3ON1N32,6,0,,0,
OC12C=C(C1)C2,6,0,,0,
OC12C=C(C1)N2,6,0,,0,
OC12C=C(C1)O2,6,0,,0,
OC12C=C(N1)N2,6,0,,0,
OC12C=C(N1)O2,6,0,,0,
OC12C=C(O1)O2,6,0,,0,
OC12C=C1C=N2,6,0,,0,
OC12C=C1CC2,6,0,,0,
OC12C=C1CN2,6,0,,0,
OC12C=C1CO2,6,0,,0,
OC12C=C1N=N2,6,0,,0,
OC12C=C1NC2,6,0,,0,
OC12C=C1NN2,6,0,,0,
OC12C=C1NO2,6,0,,0,
OC12C=C1OC2,6,0,,0,
OC12C=C1ON2,6,0,,0,
OC12C=C1OO2,6,0,,0,
OC12C=C3C1=C32,6,0,,0,
OC12C=C3C1C32,6,0,,0,
OC12C=C3C1N32,6,0,,0,
OC12C=C3N1N32,6,0,,0,
OC12C=C=C1C2,6,0,,0,
OC12C=C=C1N2,6,0,,0,
OC12C=C=C1O2,6,0,,0,
OC12C=CC1=C2,6,0,,0,
OC12C=CC1=N2,6,0,,0,
OC12C=CC1C2,6,0,,0,
OC12C=CC1N2,6,0,,0,
OC12C=CC1O2,6,0,,0,
OC12C=CN1C2,6,0,,0,
OC12C=CN1N2,6,0,,0,
OC12C=CN1O2,6,0,,0,
OC12C=NC1=C2,6,0,,0,
OC12C=NC1=N2,6,0,,0,
OC12C=NC1C2,6,0,,0,
OC12C=NC1N2,6,0,,0,
OC12C=NC1O2,6,0,,0,
OC12C=NN1C2,6,0,,0,
OC12C=NN1N2,6,0,,0,
OC12C=NN1O2,6,0,,0,
OC12CC(=N1)C2,6,0,,0,
OC12CC(=N1)N2,6,0,,0,
OC12CC(=N1)O2,6,0,,0,
OC12CC(C1)C2,6,0,,0,
OC12CC(C1)N2,6,0,,0,
OC12CC(C1)O2,6,0,,0,
OC12CC(N1)N2,6,0,,0,
OC12CC(N1)O2,6,0,,0,
OC12CC(O1)O2,6,0,,0,
OC12CC1(O)C2,6,0,,0,
OC12CC1(O)N2,6,0,,0,
OC12CC1(O)O2,6,0,,0,
OC12CC13C=C23,6,0,,0,
OC12CC13CC23,6,0,,0,
OC12CC13CN23,6,0,,0,
OC12CC13N=C23,6,0,,0,
OC12CC13NC23,6,0,,0,
OC12CC13NN23,6,0,,0,
OC12CC13OC23,6,0,,0,
OC12CC13ON23,6,0,,0,
OC12CC1=C=N2,6,0,,0,
OC12CC1=CN2,6,0,,0,
OC12CC1=CO2,6,0,,0,
OC12CC1=NN2,6,0,,0,
OC12CC1=NO2,6,0,,0,
OC12CC1C=N2,6,0,,0,
OC12CC1CN2,6,0,,0,
OC12CC1CO2,6,0,,0,
OC12CC1N=N2,6,0,,0,
OC12CC1NN2,6,0,,0,
OC12CC1NO2,6,0,,0,
OC12CC1ON2,6,0,,0,
OC12CC1OO2,6,0,,0,
OC12CC3=C1C32,6,0,,0,
OC12CC3=C1N32,6,0,,0,
OC12CC3C1=C32,6,0,,0,
OC12CC3C1C32,6,0,,0,
OC12CC3C1N32,6,0,,0,
OC12CC3N1N32,6,0,,0,
OC12CC=C1C2,6,0,,0,
OC12CC=C1N2,6,0,,0,
OC12CC=C1O2,6,0,,0,
OC12CCC1=N2,6,0,,0,
OC12CCC1C2,6,0,,0,
OC12CCC1N2,6,0,,0,
OC12CCC1O2,6,0,,0,
OC12CCN1C2,6,0,,0,
OC12CCN1N2,6,0,,0,
OC12CCN1O2,6,0,,0,
OC12CN(C1)C2,6,0,,0,
OC12CN(C1)N2,6,0,,0,
OC12CN(C1)O2,6,0,,0,
OC12CN(N1)N2,6,0,,0,
OC12CN(N1)O2,6,0,,0,
OC12CN(O1)O2,6,0,,0,
OC12CN1C=N2,6,0,,0,
OC12CN1CN2,6,0,,0,
OC12CN1CO2,6,0,,0,
OC12CN1N=N2,6,0,,0,
OC12CN1NN2,6,0,,0,
OC12CN1NO2,6,0,,0,
OC12CN1ON2,6,0,,0,
OC12CN1OO2,6,0,,0,
OC12CN3C1=C32,6,0,,0,
OC12CN3C1C32,6,0,,0,
OC12CN3C1N32,6,0,,0,
OC12CN=C1C2,6,0,,0,
OC12CN=C1N2,6,0,,0,
OC12CN=C1O2,6,0,,0,
OC12CNC1=N2,6,0,,0,
OC12CNC1C2,6,0,,0,
OC12CNC1N2,6,0,,0,
OC12CNC1O2,6,0,,0,
OC12CNN1C2,6,0,,0,
OC12CNN1N2,6,0,,0,
OC12CNN1O2,6,0,,0,
OC12COC1=N2,6,0,,0,
OC12COC1C2,6,0,,0,
OC12COC1N2,6,0,,0,
OC12COC1O2,6,0,,0,
OC12CON1C2,6,0,,0,
OC12CON1N2,6,0,,0,
OC12CON1O2,6,0,,0,
OC12Cn3n1n32,6,0,,0,
OC12N3C14CC324,6,0,,0,
OC12N3C14NC324,6,0,,0,
OC12N3C14OC324,6,0,,0,
OC12N3C4N1C432,6,0,,0,
OC12N3CN1N32,6,0,,0,
OC12N3N1C32O,6,0,,0,
OC12N3N4N1C432,6,0,,0,
OC12N3NN1N32,6,0,,0,
OC12N3ON1N32,6,0,,0,
OC12N=C(N1)N2,6,0,,0,
OC12N=C(N1)O2,6,0,,0,
OC12N=C(O1)O2,6,0,,0,
OC12N=C1CN2,6,0,,0,
OC12N=C1CO2,6,0,,0,
OC12N=C1NN2,6,0,,0,
OC12N=C1NO2,6,0,,0,
OC12N=C1ON2,6,0,,0,
OC12N=C1OO2,6,0,,0,
OC12N=C3C1=C32,6,0,,0,
OC12N=C3C1C32,6,0,,0,
OC12N=C3C1N32,6,0,,0,
OC12N=C3N1N32,6,0,,0,
OC12N=C=C1N2,6,0,,0,
OC12N=C=C1O2,6,0,,0,
OC12N=CC1=N2,6,0,,0,
OC12N=CC1N2,6,0,,0,
OC12N=CC1O2,6,0,,0,
OC12N=CN1N2,6,0,,0,
OC12N=CN1O2,6,0,,0,
OC12N=NC1=N2,6,0,,0,
OC12N=NC1N2,6,0,,0,
OC12N=NC1O2,6,0,,0,
OC12N=NN1N2,6,0,,0,
OC12N=NN1O2,6,0,,0,
OC12NC(N1)N2,6,0,,0,
OC12NC(N1)O2,6,0,,0,
OC12NC(O1)O2,6,0,,0,
OC12NC1(O)N2,6,0,,0,
OC12NC1(O)O2,6,0,,0,
OC12NC13C=C23,6,0,,0,
OC12NC13CC23,6,0,,0,
OC12NC13CN23,6,0,,0,
OC12NC13N=C23,6,0,,0,
OC12NC13NC23,6,0,,0,
OC12NC13NN23,6,0,,0,
OC12NC13OC23,6,0,,0,
OC12NC13ON23,6,0,,0,
OC12NC1=CO2,6,0,,0,
OC12NC1=NO2,6,0,,0,
OC12NC1CO2,6,0,,0,
OC12NC1NO2,6,0,,0,
OC12NC1OO2,6,0,,0,
OC12NC3=C1C32,6,0,,0,
OC12NC3=C1N32,6,0,,0,
OC12NC3C1=C32,6,0,,0,
OC12NC3C1C32,6,0,,0,
OC12NC3C1N32,6,0,,0,
OC12NC3N1N32,6,0,,0,
OC12NC=C1N2,6,0,,0,
OC12NC=C1O2,6,0,,0,
OC12NCC1N2,6,0,,0,
OC12NCC1O2,6,0,,0,
OC12NCN1N2,6,0,,0,
OC12NCN1O2,6,0,,0,
OC12NN(N1)N2,6,0,,0,
OC12NN(N1)O2,6,0,,0,
OC12NN(O1)O2,6,0,,0,
OC12NN1CO2,6,0,,0,
OC12NN1NO2,6,0,,0,
OC12NN1OO2,6,0,,0,
OC12NN3C1=C32,6,0,,0,
OC12NN3C1C32,6,0,,0,
OC12NN3C1N32,6,0,,0,
OC12NN=C1N2,6,0,,0,
OC12NN=C1O2,6,0,,0,
OC12NNC1N2,6,0,,0,
OC12NNC1O2,6,0,,0,
OC12NNN1N2,6,0,,0,
OC12NNN1O2,6,0,,0,
OC12NOC1N2,6,0,,0,
OC12NOC1O2,6,0,,0,
OC12NON1N2,6,0,,0,
OC12NON1O2,6,0,,0,
OC12Nn3n1n32,6,0,,0,
OC12OC(O1)O2,6,0,,0,
OC12OC1(O)O2,6,0,,0,
OC12OC13C=C23,6,0,,0,
OC12OC13CC23,6,0,,0,
OC12OC13CN23,6,0,,0,
OC12OC13N=C23,6,0,,0,
OC12OC13NC23,6,0,,0,
OC12OC13NN23,6,0,,0,
OC12OC13OC23,6,0,,0,
OC12OC13ON23,6,0,,0,
OC12OC3=C1C32,6,0,,0,
OC12OC3=C1N32,6,0,,0,
OC12OC3C1=C32,6,0,,0,
OC12OC3C1C32,6,0,,0,
OC12OC3C1N32,6,0,,0,
OC12OC3N1N32,6,0,,0,
OC12OC=C1O2,6,0,,0,
OC12OCC1O2,6,0,,0,
OC12OCN1O2,6,0,,0,
OC12ON(O1)O2,6,0,,0,
OC12ON3C1=C32,6,0,,0,
OC12ON3C1C32,6,0,,0,
OC12ON3C1N32,6,0,,0,
OC12ON=C1O2,6,0,,0,
OC12ONC1O2,6,0,,0,
OC12ONN1O2,6,0,,0,
OC12OOC1O2,6,0,,0,
OC12OON1O2,6,0,,0,
OC12On3n1n32,6,0,,0,
OC12c3[nH]n1c32,6,0,,0,
OC12c3cn1n32,6,0,,0,
OC12c3nn1n32,6,0,,0,
OC12c3on1c32,6,0,,0,
OC1=C(O)C#C1,6,0,,0,
OC1=C(O)C1O,6,0,,0,
OC1=C(O)C=C1,6,0,,0,
OC1=C(O)CC1,6,0,,0,
OC1=C(O)N1O,6,0,,0,
OC1=C(O)N=C1,6,0,,0,
OC1=C(O)N=N1,6,0,,0,
OC1=C(O)NC1,6,0,,0,
OC1=C(O)OC1,6,0,,0,
OC1=C2C#CC12,6,0,,0,
OC1=C2C(O)=C12,6,0,,0,
OC1=C2C(O)C12,6,0,,0,
OC1=C2C(O)N12,6,0,,0,
OC1=C2C1N2O,6,0,,0,
OC1=C2C3=C1C23,6,0,,0,
OC1=C2C3=C2C13,6,0,,0,
OC1=C2C3=CC312,6,0,,0,
OC1=C2C3=NC312,6,0,,0,
OC1=C2C3C1C23,6,0,,0,
OC1=C2C3C1N23,6,0,,0,
OC1=C2C3C2N13,6,0,,0,
OC1=C2C3CC123,6,0,,0,
OC1=C2C3NC123,6,0,,0,
OC1=C2C3OC123,6,0,,0,
OC1=C2C=C1C2,6,0,,0,
OC1=C2C=C1N2,6,0,,0,
OC1=C2C=C1O2,6,0,,0,
OC1=C2C=C2C1,6,0,,0,
OC1=C2C=C=C12,6,0,,0,
OC1=C2C=CC12,6,0,,0,
OC1=C2C=NC12,6,0,,0,
OC1=C2CC12O,6,0,,0,
OC1=C2CC1=N2,6,0,,0,
OC1=C2CC1C2,6,0,,0,
OC1=C2CC1N2,6,0,,0,
OC1=C2CC1O2,6,0,,0,
OC1=C2CC2=C1,6,0,,0,
OC1=C2CC2=N1,6,0,,0,
OC1=C2CC2C1,6,0,,0,
OC1=C2CC2N1,6,0,,0,
OC1=C2CC2O1,6,0,,0,
OC1=C2CC=C12,6,0,,0,
OC1=C2CCC12,6,0,,0,
OC1=C2CCN12,6,0,,0,
OC1=C2CN1C2,6,0,,0,
OC1=C2CN2C1,6,0,,0,
OC1=C2CN=C12,6,0,,0,
OC1=C2CNC12,6,0,,0,
OC1=C2CNN12,6,0,,0,
OC1=C2COC12,6,0,,0,
OC1=C2CON12,6,0,,0,
OC1=C2N3C1N23,6,0,,0,
OC1=C2N3CC123,6,0,,0,
OC1=C2N3NC123,6,0,,0,
OC1=C2N3OC123,6,0,,0,
OC1=C2N=C1N2,6,0,,0,
OC1=C2N=C1O2,6,0,,0,
OC1=C2N=C2C1,6,0,,0,
OC1=C2N=C=C12,6,0,,0,
OC1=C2N=CC12,6,0,,0,
OC1=C2N=NC12,6,0,,0,
OC1=C2NC12O,6,0,,0,
OC1=C2NC1N2,6,0,,0,
OC1=C2NC1O2,6,0,,0,
OC1=C2NC2C1,6,0,,0,
OC1=C2NC2N1,6,0,,0,
OC1=C2NC2O1,6,0,,0,
OC1=C2NCC12,6,0,,0,
OC1=C2NCN12,6,0,,0,
OC1=C2NN2C1,6,0,,0,
OC1=C2NNC12,6,0,,0,
OC1=C2NNN12,6,0,,0,
OC1=C2NOC12,6,0,,0,
OC1=C2NON12,6,0,,0,
OC1=C2OC12O,6,0,,0,
OC1=C2OC1O2,6,0,,0,
OC1=C2OC2C1,6,0,,0,
OC1=C2OC2N1,6,0,,0,
OC1=C2OC2O1,6,0,,0,
OC1=C2OCC12,6,0,,0,
OC1=C2OCN12,6,0,,0,
OC1=C2ON2C1,6,0,,0,
OC1=C2ONC12,6,0,,0,
OC1=C2ONN12,6,0,,0,
OC1=C2OOC12,6,0,,0,
OC1=C2OON12,6,0,,0,
OC1=C=C(O)C1,6,0,,0,
OC1=C=C(O)N1,6,0,,0,
OC1=C=C(O)O1,6,0,,0,
OC1=C=C2C=C12,6,0,,0,
OC1=C=C2CC12,6,0,,0,
OC1=C=C2CN12,6,0,,0,
OC1=C=C2N=C12,6,0,,0,
OC1=C=C2NC12,6,0,,0,
OC1=C=C2NN12,6,0,,0,
OC1=C=C2OC12,6,0,,0,
OC1=C=C2ON12,6,0,,0,
OC1=C=C=C1O,6,0,,0,
OC1=C=C=C=C1,6,0,,0,
OC1=C=C=C=N1,6,0,,0,
OC1=C=C=CC1,6,0,,0,
OC1=C=C=CN1,6,0,,0,
OC1=C=C=CO1,6,0,,0,
OC1=C=C=NC1,6,0,,0,
OC1=C=C=NN1,6,0,,0,
OC1=C=C=NO1,6,0,,0,
OC1=C=CC#C1,6,0,,0,
OC1=C=CC1O,6,0,,0,
OC1=C=CC=C1,6,0,,0,
OC1=C=CC=N1,6,0,,0,
OC1=C=CCC1,6,0,,0,
OC1=C=CCN1,6,0,,0,
OC1=C=CCO1,6,0,,0,
OC1=C=CN1O,6,0,,0,
OC1=C=CN=C1,6,0,,0,
OC1=C=CN=N1,6,0,,0,
OC1=C=CNC1,6,0,,0,
OC1=C=CNN1,6,0,,0,
OC1=C=CNO1,6,0,,0,
OC1=C=COC1,6,0,,0,
OC1=C=CON1,6,0,,0,
OC1=C=COO1,6,0,,0,
OC1=C=NC#C1,6,0,,0,
OC1=C=NC1O,6,0,,0,
OC1=C=NC=C1,6,0,,0,
OC1=C=NC=N1,6,0,,0,
OC1=C=NCC1,6,0,,0,
OC1=C=NCN1,6,0,,0,
OC1=C=NCO1,6,0,,0,
OC1=C=NN1O,6,0,,0,
OC1=C=NN=C1,6,0,,0,
OC1=C=NN=N1,6,0,,0,
OC1=C=NNC1,6,0,,0,
OC1=C=NNN1,6,0,,0,
OC1=C=NNO1,6,0,,0,
OC1=C=NOC1,6,0,,0,
OC1=C=NON1,6,0,,0,
OC1=C=NOO1,6,0,,0,
OC1=CC#CC1,6,0,,0,
OC1=CC(O)=C1,6,0,,0,
OC1=CC(O)=N1,6,0,,0,
OC1=CC(O)C1,6,0,,0,
OC1=CC(O)N1,6,0,,0,
OC1=CC(O)O1,6,0,,0,
OC1=CC1(O)O,6,0,,0,
OC1=CC12C#C2,6,0,,0,
OC1=CC12C=C2,6,0,,0,
OC1=CC12C=N2,6,0,,0,
OC1=CC12CC2,6,0,,0,
OC1=CC12CN2,6,0,,0,
OC1=CC12CO2,6,0,,0,
OC1=CC12N=N2,6,0,,0,
OC1=CC12NN2,6,0,,0,
OC1=CC12NO2,6,0,,0,
OC1=CC12OO2,6,0,,0,
OC1=CC2=C1C2,6,0,,0,
OC1=CC2=C=C21,6,0,,0,
OC1=CC2=CC12,6,0,,0,
OC1=CC2=NC12,6,0,,0,
OC1=CC2C=C12,6,0,,0,
OC1=CC2CC12,6,0,,0,
OC1=CC2CN12,6,0,,0,
OC1=CC2N=C12,6,0,,0,
OC1=CC2NC12,6,0,,0,
OC1=CC2NN12,6,0,,0,
OC1=CC2OC12,6,0,,0,
OC1=CC2ON12,6,0,,0,
OC1=CC=C1O,6,0,,0,
OC1=CC=C=C1,6,0,,0,
OC1=CC=C=N1,6,0,,0,
OC1=CC=CC1,6,0,,0,
OC1=CC=NC1,6,0,,0,
OC1=CCC#C1,6,0,,0,
OC1=CCC1O,6,0,,0,
OC1=CCC=C1,6,0,,0,
OC1=CCC=N1,6,0,,0,
OC1=CCCC1,6,0,,0,
OC1=CCCN1,6,0,,0,
OC1=CCCO1,6,0,,0,
OC1=CCN1O,6,0,,0,
OC1=CCN=C1,6,0,,0,
OC1=CCN=N1,6,0,,0,
OC1=CCNC1,6,0,,0,
OC1=CCNN1,6,0,,0,
OC1=CCNO1,6,0,,0,
OC1=CCOC1,6,0,,0,
OC1=CCON1,6,0,,0,
OC1=CCOO1,6,0,,0,
OC1=CN(O)C1,6,0,,0,
OC1=CN2CC12,6,0,,0,
OC1=CN2NC12,6,0,,0,
OC1=CN2OC12,6,0,,0,
OC1=CN=C1O,6,0,,0,
OC1=CN=C=C1,6,0,,0,
OC1=CN=C=N1,6,0,,0,
OC1=CN=CC1,6,0,,0,
OC1=CN=NC1,6,0,,0,
OC1=CNC1O,6,0,,0,
OC1=CNCC1,6,0,,0,
OC1=CNCN1,6,0,,0,
OC1=CNCO1,6,0,,0,
OC1=CNNC1,6,0,,0,
OC1=CNNN1,6,0,,0,
OC1=CNNO1,6,0,,0,
OC1=CNOC1,6,0,,0,
OC1=CNON1,6,0,,0,
OC1=CNOO1,6,0,,0,
OC1=COC1O,6,0,,0,
OC1=COCC1,6,0,,0,
OC1=COCN1,6,0,,0,
OC1=COCO1,6,0,,0,
OC1=CONC1,6,0,,0,
OC1=CONN1,6,0,,0,
OC1=CONO1,6,0,,0,
OC1=COOC1,6,0,,0,
OC1=COON1,6,0,,0,
OC1=COOO1,6,0,,0,
OC1=NC#CC1,6,0,,0,
OC1=NC(O)=N1,6,0,,0,
OC1=NC(O)C1,6,0,,0,
OC1=NC(O)N1,6,0,,0,
OC1=NC(O)O1,6,0,,0,
OC1=NC1(O)O,6,0,,0,
OC1=NC12C#C2,6,0,,0,
OC1=NC12C=C2,6,0,,0,
OC1=NC12C=N2,6,0,,0,
OC1=NC12CC2,6,0,,0,
OC1=NC12CN2,6,0,,0,
OC1=NC12CO2,6,0,,0,
OC1=NC12N=N2,6,0,,0,
OC1=NC12NN2,6,0,,0,
OC1=NC12NO2,6,0,,0,
OC1=NC12OO2,6,0,,0,
OC1=NC2=C1C2,6,0,,0,
OC1=NC2=C=C21,6,0,,0,
OC1=NC2=CC21,6,0,,0,
OC1=NC2=NC12,6,0,,0,
OC1=NC2C=C12,6,0,,0,
OC1=NC2CC12,6,0,,0,
OC1=NC2CN12,6,0,,0,
OC1=NC2N=C12,6,0,,0,
OC1=NC2NC12,6,0,,0,
OC1=NC2NN12,6,0,,0,
OC1=NC2OC12,6,0,,0,
OC1=NC2ON12,6,0,,0,
OC1=NC=C=C1,6,0,,0,
OC1=NC=C=N1,6,0,,0,
OC1=NC=CC1,6,0,,0,
OC1=NC=NC1,6,0,,0,
OC1=NCC#C1,6,0,,0,
OC1=NCC1O,6,0,,0,
OC1=NCC=C1,6,0,,0,
OC1=NCC=N1,6,0,,0,
OC1=NCCC1,6,0,,0,
OC1=NCCN1,6,0,,0,
OC1=NCCO1,6,0,,0,
OC1=NCN1O,6,0,,0,
OC1=NCN=C1,6,0,,0,
OC1=NCN=N1,6,0,,0,
OC1=NCNC1,6,0,,0,
OC1=NCNN1,6,0,,0,
OC1=NCNO1,6,0,,0,
OC1=NCOC1,6,0,,0,
OC1=NCON1,6,0,,0,
OC1=NCOO1,6,0,,0,
OC1=NN(O)C1,6,0,,0,
OC1=NN2CC12,6,0,,0,
OC1=NN2NC12,6,0,,0,
OC1=NN2OC12,6,0,,0,
OC1=NN=C1O,6,0,,0,
OC1=NN=C=C1,6,0,,0,
OC1=NN=C=N1,6,0,,0,
OC1=NN=CC1,6,0,,0,
OC1=NN=NC1,6,0,,0,
OC1=NNC1O,6,0,,0,
OC1=NNCC1,6,0,,0,
OC1=NNCN1,6,0,,0,
OC1=NNCO1,6,0,,0,
OC1=NNNC1,6,0,,0,
OC1=NNNN1,6,0,,0,
OC1=NNNO1,6,0,,0,
OC1=NNOC1,6,0,,0,
OC1=NNON1,6,0,,0,
OC1=NNOO1,6,0,,0,
OC1=NOC1O,6,0,,0,
OC1=NOCC1,6,0,,0,
OC1=NOCN1,6,0,,0,
OC1=NOCO1,6,0,,0,
OC1=NONC1,6,0,,0,
OC1=NONN1,6,0,,0,
OC1=NONO1,6,0,,0,
OC1=NOOC1,6,0,,0,
OC1=NOON1,6,0,,0,
OC1=NOOO1,6,0,,0,
OC1C#CC#C1,6,0,,0,
OC1C#CC1O,6,0,,0,
OC1C#CC=C1,6,0,,0,
OC1C#CC=N1,6,0,,0,
OC1C#CCC1,6,0,,0,
OC1C#CCN1,6,0,,0,
OC1C#CCO1,6,0,,0,
OC1C#CN1O,6,0,,0,
OC1C#CN=C1,6,0,,0,
OC1C#CN=N1,6,0,,0,
OC1C#CNC1,6,0,,0,
OC1C#CNN1,6,0,,0,
OC1C#CNO1,6,0,,0,
OC1C#COC1,6,0,,0,
OC1C#CON1,6,0,,0,
OC1C#COO1,6,0,,0,
OC1C(O)C1O,6,0,,0,
OC1C(O)N1O,6,0,,0,
OC1C23C4=C2C413,6,0,,0,
OC1C23C4C2C143,6,0,,0,
OC1C23C4N2C143,6,0,,0,
OC1C23CC12C3,6,0,,0,
OC1C23CC12N3,6,0,,0,
OC1C23CC12O3,6,0,,0,
OC1C23N4N2C143,6,0,,0,
OC1C23NC12N3,6,0,,0,
OC1C23NC12O3,6,0,,0,
OC1C23OC12O3,6,0,,0,
OC1C2=C1C#C2,6,0,,0,
OC1C2=C1C2O,6,0,,0,
OC1C2=C1C=C2,6,0,,0,
OC1C2=C1CC2,6,0,,0,
OC1C2=C1N2O,6,0,,0,
OC1C2=C1N=C2,6,0,,0,
OC1C2=C1N=N2,6,0,,0,
OC1C2=C1NC2,6,0,,0,
OC1C2=C1OC2,6,0,,0,
OC1C2=C3C1N23,6,0,,0,
OC1C2=C3C2=C31,6,0,,0,
OC1C2=C3C2C31,6,0,,0,
OC1C2=C3C2N31,6,0,,0,
OC1C2=C3CC321,6,0,,0,
OC1C2=C3NC321,6,0,,0,
OC1C2=C3OC321,6,0,,0,
OC1C2=C=C1C2,6,0,,0,
OC1C2=C=C1N2,6,0,,0,
OC1C2=C=C1O2,6,0,,0,
OC1C2=C=C=C21,6,0,,0,
OC1C2=C=CC21,6,0,,0,
OC1C2=C=CN21,6,0,,0,
OC1C2=C=NC21,6,0,,0,
OC1C2=C=NN21,6,0,,0,
OC1C2=CC1=C2,6,0,,0,
OC1C2=CC1=N2,6,0,,0,
OC1C2=CC1C2,6,0,,0,
OC1C2=CC1N2,6,0,,0,
OC1C2=CC1O2,6,0,,0,
OC1C2=CC21O,6,0,,0,
OC1C2=CC=C21,6,0,,0,
OC1C2=CCC21,6,0,,0,
OC1C2=CCN21,6,0,,0,
OC1C2=CN1C2,6,0,,0,
OC1C2=CN=C21,6,0,,0,
OC1C2=CNC21,6,0,,0,
OC1C2=COC21,6,0,,0,
OC1C2=NC1=N2,6,0,,0,
OC1C2=NC1C2,6,0,,0,
OC1C2=NC1N2,6,0,,0,
OC1C2=NC1O2,6,0,,0,
OC1C2=NC21O,6,0,,0,
OC1C2=NCC21,6,0,,0,
OC1C2=NCN21,6,0,,0,
OC1C2=NN1C2,6,0,,0,
OC1C2=NN=C21,6,0,,0,
OC1C2=NNC21,6,0,,0,
OC1C2=NOC21,6,0,,0,
OC1C2C#CC12,6,0,,0,
OC1C2C#CN12,6,0,,0,
OC1C2C(O)C12,6,0,,0,
OC1C2C(O)N12,6,0,,0,
OC1C2C1N2O,6,0,,0,
OC1C2C3=C2C31,6,0,,0,
OC1C2C3=C2N31,6,0,,0,
OC1C2C3=CC312,6,0,,0,
OC1C2C3=NC312,6,0,,0,
OC1C2C3C1C23,6,0,,0,
OC1C2C3C1N23,6,0,,0,
OC1C2C3C2N13,6,0,,0,
OC1C2C3CC132,6,0,,0,
OC1C2C3N1N23,6,0,,0,
OC1C2C3NC132,6,0,,0,
OC1C2C3OC132,6,0,,0,
OC1C2C=CC12,6,0,,0,
OC1C2C=CN12,6,0,,0,
OC1C2C=NC12,6,0,,0,
OC1C2C=NN12,6,0,,0,
OC1C2CC12O,6,0,,0,
OC1C2CC1C2,6,0,,0,
OC1C2CC1N2,6,0,,0,
OC1C2CC1O2,6,0,,0,
OC1C2CCC12,6,0,,0,
OC1C2CCN12,6,0,,0,
OC1C2CN1C2,6,0,,0,
OC1C2CN1N2,6,0,,0,
OC1C2CN1O2,6,0,,0,
OC1C2CNC12,6,0,,0,
OC1C2CNN12,6,0,,0,
OC1C2COC12,6,0,,0,
OC1C2CON12,6,0,,0,
OC1C2N(O)N12,6,0,,0,
OC1C2N3C1N23,6,0,,0,
OC1C2N3CC123,6,0,,0,
OC1C2N3NC123,6,0,,0,
OC1C2N3OC123,6,0,,0,
OC1C2N=CN12,6,0,,0,
OC1C2N=NC12,6,0,,0,
OC1C2N=NN12,6,0,,0,
OC1C2NC12O,6,0,,0,
OC1C2NC1N2,6,0,,0,
OC1C2NC1O2,6,0,,0,
OC1C2NCN12,6,0,,0,
OC1C2NN1N2,6,0,,0,
OC1C2NN1O2,6,0,,0,
OC1C2NNC12,6,0,,0,
OC1C2NNN12,6,0,,0,
OC1C2NOC12,6,0,,0,
OC1C2NON12,6,0,,0,
OC1C2OC12O,6,0,,0,
OC1C2OC1O2,6,0,,0,
OC1C2OCN12,6,0,,0,
OC1C2ON1O2,6,0,,0,
OC1C2ONN12,6,0,,0,
OC1C2OOC12,6,0,,0,
OC1C2OON12,6,0,,0,
OC1C2n3n1n32,6,0,,0,
OC1C=C2C=C21,6,0,,0,
OC1C=C2CC21,6,0,,0,
OC1C=C2CN21,6,0,,0,
OC1C=C2N=C21,6,0,,0,
OC1C=C2NC21,6,0,,0,
OC1C=C2NN21,6,0,,0,
OC1C=C2OC21,6,0,,0,
OC1C=C2ON21,6,0,,0,
OC1C=C=C=C1,6,0,,0,
OC1C=C=C=N1,6,0,,0,
OC1C=C=CC1,6,0,,0,
OC1C=C=CN1,6,0,,0,
OC1C=C=CO1,6,0,,0,
OC1C=C=NC1,6,0,,0,
OC1C=C=NN1,6,0,,0,
OC1C=C=NO1,6,0,,0,
OC1C=CC1O,6,0,,0,
OC1C=CC=C1,6,0,,0,
OC1C=CC=N1,6,0,,0,
OC1C=CCC1,6,0,,0,
OC1C=CCN1,6,0,,0,
OC1C=CCO1,6,0,,0,
OC1C=CN1O,6,0,,0,
OC1C=CN=C1,6,0,,0,
OC1C=CN=N1,6,0,,0,
OC1C=CNC1,6,0,,0,
OC1C=CNN1,6,0,,0,
OC1C=CNO1,6,0,,0,
OC1C=COC1,6,0,,0,
OC1C=CON1,6,0,,0,
OC1C=COO1,6,0,,0,
OC1C=NC1O,6,0,,0,
OC1C=NC=N1,6,0,,0,
OC1C=NCC1,6,0,,0,
OC1C=NCN1,6,0,,0,
OC1C=NCO1,6,0,,0,
OC1C=NN1O,6,0,,0,
OC1C=NN=C1,6,0,,0,
OC1C=NN=N1,6,0,,0,
OC1C=NNC1,6,0,,0,
OC1C=NNN1,6,0,,0,
OC1C=NNO1,6,0,,0,
OC1C=NOC1,6,0,,0,
OC1C=NON1,6,0,,0,
OC1C=NOO1,6,0,,0,
OC1CC#CC1,6,0,,0,
OC1CC#CN1,6,0,,0,
OC1CC#CO1,6,0,,0,
OC1CC(O)C1,6,0,,0,
OC1CC(O)N1,6,0,,0,
OC1CC(O)O1,6,0,,0,
OC1CC1(O)O,6,0,,0,
OC1CC12C#C2,6,0,,0,
OC1CC12C=C2,6,0,,0,
OC1CC12C=N2,6,0,,0,
OC1CC12CC2,6,0,,0,
OC1CC12CN2,6,0,,0,
OC1CC12CO2,6,0,,0,
OC1CC12N=N2,6,0,,0,
OC1CC12NN2,6,0,,0,
OC1CC12NO2,6,0,,0,
OC1CC12OO2,6,0,,0,
OC1CC2=C1C2,6,0,,0,
OC1CC2=C1N2,6,0,,0,
OC1CC2=C1O2,6,0,,0,
OC1CC2=C=C21,6,0,,0,
OC1CC2=CC21,6,0,,0,
OC1CC2=CN21,6,0,,0,
OC1CC2=NC21,6,0,,0,
OC1CC2=NN21,6,0,,0,
OC1CC2C=C12,6,0,,0,
OC1CC2CC12,6,0,,0,
OC1CC2CN12,6,0,,0,
OC1CC2N=C12,6,0,,0,
OC1CC2NC12,6,0,,0,
OC1CC2NN12,6,0,,0,
OC1CC2OC12,6,0,,0,
OC1CC2ON12,6,0,,0,
OC1CC=C=N1,6,0,,0,
OC1CC=CC1,6,0,,0,
OC1CC=CN1,6,0,,0,
OC1CC=CO1,6,0,,0,
OC1CC=NC1,6,0,,0,
OC1CC=NN1,6,0,,0,
OC1CC=NO1,6,0,,0,
OC1CCC1O,6,0,,0,
OC1CCC=N1,6,0,,0,
OC1CCCC1,6,0,,0,
OC1CCCN1,6,0,,0,
OC1CCCO1,6,0,,0,
OC1CCN1O,6,0,,0,
OC1CCN=N1,6,0,,0,
OC1CCNC1,6,0,,0,
OC1CCNN1,6,0,,0,
OC1CCNO1,6,0,,0,
OC1CCOC1,6,0,,0,
OC1CCON1,6,0,,0,
OC1CCOO1,6,0,,0,
OC1CN(O)C1,6,0,,0,
OC1CN(O)N1,6,0,,0,
OC1CN(O)O1,6,0,,0,
OC1CN2C=C12,6,0,,0,
OC1CN2CC12,6,0,,0,
OC1CN2CN12,6,0,,0,
OC1CN2N=C12,6,0,,0,
OC1CN2NC12,6,0,,0,
OC1CN2OC12,6,0,,0,
OC1CN=C=N1,6,0,,0,
OC1CN=CN1,6,0,,0,
OC1CN=CO1,6,0,,0,
OC1CN=NC1,6,0,,0,
OC1CN=NN1,6,0,,0,
OC1CN=NO1,6,0,,0,
OC1CNC1O,6,0,,0,
OC1CNC=N1,6,0,,0,
OC1CNCN1,6,0,,0,
OC1CNCO1,6,0,,0,
OC1CNN1O,6,0,,0,
OC1CNN=N1,6,0,,0,
OC1CNNC1,6,0,,0,
OC1CNNN1,6,0,,0,
OC1CNNO1,6,0,,0,
OC1CNOC1,6,0,,0,
OC1CNON1,6,0,,0,
OC1CNOO1,6,0,,0,
OC1COC1O,6,0,,0,
OC1COC=N1,6,0,,0,
OC1COCN1,6,0,,0,
OC1COCO1,6,0,,0,
OC1CON1O,6,0,,0,
OC1CON=N1,6,0,,0,
OC1CONN1,6,0,,0,
OC1CONO1,6,0,,0,
OC1COOC1,6,0,,0,
OC1COON1,6,0,,0,
OC1COOO1,6,0,,0,
OC1Cn2[nH]n21,6,0,,0,
OC1Cn2on21,6,0,,0,
OC1N(O)N1O,6,0,,0,
OC1N2C(O)N12,6,0,,0,
OC1N2C3=CC312,6,0,,0,
OC1N2C3=NC312,6,0,,0,
OC1N2C3C2N13,6,0,,0,
OC1N2C3CC132,6,0,,0,
OC1N2C3N1N32,6,0,,0,
OC1N2C3NC132,6,0,,0,
OC1N2C3OC132,6,0,,0,
OC1N2CC12O,6,0,,0,
OC1N2CCN12,6,0,,0,
OC1N2CN1C2,6,0,,0,
OC1N2CN1N2,6,0,,0,
OC1N2CN1O2,6,0,,0,
OC1N2CNN12,6,0,,0,
OC1N2CON12,6,0,,0,
OC1N2N3CC132,6,0,,0,
OC1N2N3NC132,6,0,,0,
OC1N2N3OC132,6,0,,0,
OC1N2NC12O,6,0,,0,
OC1N2NN1N2,6,0,,0,
OC1N2NN1O2,6,0,,0,
OC1N2NNN12,6,0,,0,
OC1N2NON12,6,0,,0,
OC1N2OC12O,6,0,,0,
OC1N2ON1O2,6,0,,0,
OC1N2OON12,6,0,,0,
OC1N=C2C=C21,6,0,,0,
OC1N=C2CC21,6,0,,0,
OC1N=C2CN21,6,0,,0,
OC1N=C2N=C21,6,0,,0,
OC1N=C2NC21,6,0,,0,
OC1N=C2NN21,6,0,,0,
OC1N=C2OC21,6,0,,0,
OC1N=C2ON21,6,0,,0,
OC1N=C=C=N1,6,0,,0,
OC1N=C=CN1,6,0,,0,
OC1N=C=CO1,6,0,,0,
OC1N=C=NN1,6,0,,0,
OC1N=C=NO1,6,0,,0,
OC1N=CC=N1,6,0,,0,
OC1N=CCN1,6,0,,0,
OC1N=CCO1,6,0,,0,
OC1N=CN1O,6,0,,0,
OC1N=CN=N1,6,0,,0,
OC1N=CNN1,6,0,,0,
OC1N=CNO1,6,0,,0,
OC1N=CON1,6,0,,0,
OC1N=COO1,6,0,,0,
OC1N=NC1O,6,0,,0,
OC1N=NCN1,6,0,,0,
OC1N=NCO1,6,0,,0,
OC1N=NN1O,6,0,,0,
OC1N=NN=N1,6,0,,0,
OC1N=NNN1,6,0,,0,
OC1N=NNO1,6,0,,0,
OC1N=NON1,6,0,,0,
OC1N=NOO1,6,0,,0,
OC1NC#CN1,6,0,,0,
OC1NC#CO1,6,0,,0,
OC1NC(O)N1,6,0,,0,
OC1NC(O)O1,6,0,,0,
OC1NC1(O)O,6,0,,0,
OC1NC12C#C2,6,0,,0,
OC1NC12C=C2,6,0,,0,
OC1NC12C=N2,6,0,,0,
OC1NC12CC2,6,0,,0,
OC1NC12CN2,6,0,,0,
OC1NC12CO2,6,0,,0,
OC1NC12N=N2,6,0,,0,
OC1NC12NN2,6,0,,0,
OC1NC12NO2,6,0,,0,
OC1NC12OO2,6,0,,0,
OC1NC2=C1C2,6,0,,0,
OC1NC2=C1N2,6,0,,0,
OC1NC2=C1O2,6,0,,0,
OC1NC2=C=C21,6,0,,0,
OC1NC2=CC21,6,0,,0,
OC1NC2=CN21,6,0,,0,
OC1NC2=NC21,6,0,,0,
OC1NC2=NN21,6,0,,0,
OC1NC2C=C12,6,0,,0,
OC1NC2CC12,6,0,,0,
OC1NC2CN12,6,0,,0,
OC1NC2N=C12,6,0,,0,
OC1NC2NC12,6,0,,0,
OC1NC2NN12,6,0,,0,
OC1NC2OC12,6,0,,0,
OC1NC2ON12,6,0,,0,
OC1NC=CN1,6,0,,0,
OC1NC=CO1,6,0,,0,
OC1NC=NN1,6,0,,0,
OC1NC=NO1,6,0,,0,
OC1NCCN1,6,0,,0,
OC1NCCO1,6,0,,0,
OC1NCN1O,6,0,,0,
OC1NCNN1,6,0,,0,
OC1NCNO1,6,0,,0,
OC1NCON1,6,0,,0,
OC1NCOO1,6,0,,0,
OC1NN(O)N1,6,0,,0,
OC1NN(O)O1,6,0,,0,
OC1NN2C=C12,6,0,,0,
OC1NN2CC12,6,0,,0,
OC1NN2CN12,6,0,,0,
OC1NN2N=C12,6,0,,0,
OC1NN2NC12,6,0,,0,
OC1NN2OC12,6,0,,0,
OC1NN=CO1,6,0,,0,
OC1NN=NN1,6,0,,0,
OC1NN=NO1,6,0,,0,
OC1NNC1O,6,0,,0,
OC1NNCO1,6,0,,0,
OC1NNN1O,6,0,,0,
OC1NNNN1,6,0,,0,
OC1NNNO1,6,0,,0,
OC1NNON1,6,0,,0,
OC1NNOO1,6,0,,0,
OC1NOC1O,6,0,,0,
OC1NOCO1,6,0,,0,
OC1NON1O,6,0,,0,
OC1NONO1,6,0,,0,
OC1NOON1,6,0,,0,
OC1NOOO1,6,0,,0,
OC1Nn2[nH]n21,6,0,,0,
OC1Nn2on21,6,0,,0,
OC1OC#CO1,6,0,,0,
OC1OC(O)O1,6,0,,0,
OC1OC1(O)O,6,0,,0,
OC1OC12C#C2,6,0,,0,
OC1OC12C=C2,6,0,,0,
OC1OC12C=N2,6,0,,0,
OC1OC12CC2,6,0,,0,
OC1OC12CN2,6,0,,0,
OC1OC12CO2,6,0,,0,
OC1OC12N=N2,6,0,,0,
OC1OC12NN2,6,0,,0,
OC1OC12NO2,6,0,,0,
OC1OC12OO2,6,0,,0,
OC1OC2=C1C2,6,0,,0,
OC1OC2=C1N2,6,0,,0,
OC1OC2=C1O2,6,0,,0,
OC1OC2=C=C21,6,0,,0,
OC1OC2=CC21,6,0,,0,
OC1OC2=CN21,6,0,,0,
OC1OC2=NC21,6,0,,0,
OC1OC2=NN21,6,0,,0,
OC1OC2C=C12,6,0,,0,
OC1OC2CC12,6,0,,0,
OC1OC2CN12,6,0,,0,
OC1OC2N=C12,6,0,,0,
OC1OC2NC12,6,0,,0,
OC1OC2NN12,6,0,,0,
OC1OC2OC12,6,0,,0,
OC1OC2ON12,6,0,,0,
OC1OC=CO1,6,0,,0,
OC1OC=NO1,6,0,,0,
OC1OCCO1,6,0,,0,
OC1OCN1O,6,0,,0,
OC1OCNO1,6,0,,0,
OC1OCOO1,6,0,,0,
OC1ON(O)O1,6,0,,0,
OC1ON2C=C12,6,0,,0,
OC1ON2CC12,6,0,,0,
OC1ON2CN12,6,0,,0,
OC1ON2N=C12,6,0,,0,
OC1ON2NC12,6,0,,0,
OC1ON2OC12,6,0,,0,
OC1ON=NO1,6,0,,0,
OC1ONN1O,6,0,,0,
OC1ONNO1,6,0,,0,
OC1ONOO1,6,0,,0,
OC1OOC1O,6,0,,0,
OC1OON1O,6,0,,0,
OC1OOOO1,6,0,,0,
OC1On2[nH]n21,6,0,,0,
OC1On2on21,6,0,,0,
OC1c2[nH][nH]c21,6,0,,0,
OC1c2[nH]oc21,6,0,,0,
OC1c2c3n1n2-3,6,0,,0,
OC1c2c[nH]n21,6,0,,0,
OC1c2cn1[nH]2,6,0,,0,
OC1c2cn1o2,6,0,,0,
OC1c2con21,6,0,,0,
OC1c2n[nH]n21,6,0,,0,
OC1c2nn1[nH]2,6,0,,0,
OC1c2nn1o2,6,0,,0,
OC1c2non21,6,0,,0,
OC1c2ooc21,6,0,,0,
OC1n2c#cn21,6,0,,0,
OC1n2c3n1c2=3,6,0,,0,
OC1n2ccn21,6,0,,0,
OC1n2cnn21,6,0,,0,
OC1n2n(O)n21,6,0,,0,
OC1n2n3n1n23,6,0,,0,
OC1n2nnn21,6,0,,0,
OC=C(O)CO,6,0,,0,
OC=C(O)NO,6,0,,0,
OC=C(O)OO,6,0,,0,
OC=C1C#CC1,6,0,,0,
OC=C1C#CN1,6,0,,0,
OC=C1C#CO1,6,0,,0,
OC=C1C2=C1C2,6,0,,0,
OC=C1C2=C1N2,6,0,,0,
OC=C1C2=C1O2,6,0,,0,
OC=C1C2=C=C21,6,0,,0,
OC=C1C2=CC12,6,0,,0,
OC=C1C2=CN12,6,0,,0,
OC=C1C2=NC12,6,0,,0,
OC=C1C2=NN12,6,0,,0,
OC=C1C2CC12,6,0,,0,
OC=C1C2CN12,6,0,,0,
OC=C1C2NC12,6,0,,0,
OC=C1C2NN12,6,0,,0,
OC=C1C2OC12,6,0,,0,
OC=C1C2ON12,6,0,,0,
OC=C1C=C1O,6,0,,0,
OC=C1C=C=C1,6,0,,0,
OC=C1C=C=N1,6,0,,0,
OC=C1C=CC1,6,0,,0,
OC=C1C=CN1,6,0,,0,
OC=C1C=CO1,6,0,,0,
OC=C1C=NC1,6,0,,0,
OC=C1C=NN1,6,0,,0,
OC=C1C=NO1,6,0,,0,
OC=C1CC1O,6,0,,0,
OC=C1CC=N1,6,0,,0,
OC=C1CCC1,6,0,,0,
OC=C1CCN1,6,0,,0,
OC=C1CCO1,6,0,,0,
OC=C1CN1O,6,0,,0,
OC=C1CN=N1,6,0,,0,
OC=C1CNC1,6,0,,0,
OC=C1CNN1,6,0,,0,
OC=C1CNO1,6,0,,0,
OC=C1COC1,6,0,,0,
OC=C1CON1,6,0,,0,
OC=C1COO1,6,0,,0,
OC=C1N2CN12,6,0,,0,
OC=C1N=C1O,6,0,,0,
OC=C1N=C=N1,6,0,,0,
OC=C1N=CN1,6,0,,0,
OC=C1N=CO1,6,0,,0,
OC=C1N=NN1,6,0,,0,
OC=C1N=NO1,6,0,,0,
OC=C1NC1O,6,0,,0,
OC=C1NCN1,6,0,,0,
OC=C1NCO1,6,0,,0,
OC=C1NN1O,6,0,,0,
OC=C1NNN1,6,0,,0,
OC=C1NNO1,6,0,,0,
OC=C1NON1,6,0,,0,
OC=C1NOO1,6,0,,0,
OC=C1OC1O,6,0,,0,
OC=C1OCO1,6,0,,0,
OC=C1ON1O,6,0,,0,
OC=C1ONO1,6,0,,0,
OC=C1OOO1,6,0,,0,
OC=C1n2[nH]n21,6,0,,0,
OC=C1n2on21,6,0,,0,
OC=C=C(O)O,6,0,,0,
OC=C=C1C#C1,6,0,,0,
OC=C=C1C=C1,6,0,,0,
OC=C=C1C=N1,6,0,,0,
OC=C=C1CC1,6,0,,0,
OC=C=C1CN1,6,0,,0,
OC=C=C1CO1,6,0,,0,
OC=C=C1N=N1,6,0,,0,
OC=C=C1NN1,6,0,,0,
OC=C=C1NO1,6,0,,0,
OC=C=C1OO1,6,0,,0,
OC=C=C=CO,6,0,,0,
OC=C=C=NO,6,0,,0,
OC=C=CCO,6,0,,0,
OC=C=CNO,6,0,,0,
OC=C=COO,6,0,,0,
OC=C=NCO,6,0,,0,
OC=C=NNO,6,0,,0,
OC=C=NOO,6,0,,0,
OC=CC(O)O,6,0,,0,
OC=CC1=C=C1,6,0,,0,
OC=CC1=C=N1,6,0,,0,
OC=CC1=CC1,6,0,,0,
OC=CC1=CN1,6,0,,0,
OC=CC1=CO1,6,0,,0,
OC=CC1=NC1,6,0,,0,
OC=CC1=NN1,6,0,,0,
OC=CC1=NO1,6,0,,0,
OC=CC1C#C1,6,0,,0,
OC=CC1C=C1,6,0,,0,
OC=CC1C=N1,6,0,,0,
OC=CC1CC1,6,0,,0,
OC=CC1CN1,6,0,,0,
OC=CC1CO1,6,0,,0,
OC=CC1N=N1,6,0,,0,
OC=CC1NN1,6,0,,0,
OC=CC1NO1,6,0,,0,
OC=CC1OO1,6,0,,0,
OC=CC=CO,6,0,,0,
OC=CC=NO,6,0,,0,
OC=CCCO,6,0,,0,
OC=CCNO,6,0,,0,
OC=CCOO,6,0,,0,
OC=CN(O)O,6,0,,0,
OC=CN1C#C1,6,0,,0,
OC=CN1C=C1,6,0,,0,
OC=CN1C=N1,6,0,,0,
OC=CN1CC1,6,0,,0,
OC=CN1CN1,6,0,,0,
OC=CN1CO1,6,0,,0,
OC=CN1N=N1,6,0,,0,
OC=CN=CO,6,0,,0,
OC=CN=NO,6,0,,0,
OC=CNCO,6,0,,0,
OC=CNNO,6,0,,0,
OC=CNOO,6,0,,0,
OC=COCO,6,0,,0,
OC=CONO,6,0,,0,
OC=COOO,6,0,,0,
OC=Cn1[nH][nH]1,6,0,,0,
OC=Cn1[nH]o1,6,0,,0,
OC=Cn1oo1,6,0,,0,
OC=NC(O)O,6,0,,0,
OC=NC1=C=C1,6,0,,0,
OC=NC1=C=N1,6,0,,0,
OC=NC1=CC1,6,0,,0,
OC=NC1=CN1,6,0,,0,
OC=NC1=CO1,6,0,,0,
OC=NC1=NC1,6,0,,0,
OC=NC1=NN1,6,0,,0,
OC=NC1=NO1,6,0,,0,
OC=NC1C#C1,6,0,,0,
OC=NC1C=C1,6,0,,0,
OC=NC1C=N1,6,0,,0,
OC=NC1CC1,6,0,,0,
OC=NC1CN1,6,0,,0,
OC=NC1CO1,6,0,,0,
OC=NC1N=N1,6,0,,0,
OC=NC1NN1,6,0,,0,
OC=NC1NO1,6,0,,0,
OC=NC1OO1,6,0,,0,
OC=NC=NO,6,0,,0,
OC=NCCO,6,0,,0,
OC=NCNO,6,0,,0,
OC=NCOO,6,0,,0,
OC=NN(O)O,6,0,,0,
OC=NN1C#C1,6,0,,0,
OC=NN1C=C1,6,0,,0,
OC=NN1C=N1,6,0,,0,
OC=NN1CC1,6,0,,0,
OC=NN1CN1,6,0,,0,
OC=NN1CO1,6,0,,0,
OC=NN1N=N1,6,0,,0,
OC=NN=CO,6,0,,0,
OC=NN=NO,6,0,,0,
OC=NNCO,6,0,,0,
OC=NNNO,6,0,,0,
OC=NNOO,6,0,,0,
OC=NOCO,6,0,,0,
OC=NONO,6,0,,0,
OC=NOOO,6,0,,0,
OC=Nn1[nH][nH]1,6,0,,0,
OC=Nn1[nH]o1,6,0,,0,
OC=Nn1oo1,6,0,,0,
OCC#CCO,6,0,,0,
OCC#CNO,6,0,,0,
OCC#COO,6,0,,0,
OCC(O)(O)O,6,0,,0,
OCC(O)=NO,6,0,,0,
OCC(O)CO,6,0,,0,
OCC(O)NO,6,0,,0,
OCC(O)OO,6,0,,0,
OCC1(O)C#C1,6,0,,0,
OCC1(O)C=C1,6,0,,0,
OCC1(O)C=N1,6,0,,0,
OCC1(O)CC1,6,0,,0,
OCC1(O)CN1,6,0,,0,
OCC1(O)CO1,6,0,,0,
OCC1(O)N=N1,6,0,,0,
OCC1(O)NN1,6,0,,0,
OCC1(O)NO1,6,0,,0,
OCC1(O)OO1,6,0,,0,
OCC12C3=C1C32,6,0,,0,
OCC12C3=C1N32,6,0,,0,
OCC12C3C1C32,6,0,,0,
OCC12C3C1N32,6,0,,0,
OCC12C3N1N32,6,0,,0,
OCC12C=C1C2,6,0,,0,
OCC12C=C1N2,6,0,,0,
OCC12C=C1O2,6,0,,0,
OCC12CC1=N2,6,0,,0,
OCC12CC1C2,6,0,,0,
OCC12CC1N2,6,0,,0,
OCC12CC1O2,6,0,,0,
OCC12CN1C2,6,0,,0,
OCC12CN1N2,6,0,,0,
OCC12CN1O2,6,0,,0,
OCC12N=C1N2,6,0,,0,
OCC12N=C1O2,6,0,,0,
OCC12NC1N2,6,0,,0,
OCC12NC1O2,6,0,,0,
OCC12NN1N2,6,0,,0,
OCC12NN1O2,6,0,,0,
OCC12OC1O2,6,0,,0,
OCC12ON1O2,6,0,,0,
OCC12n3n1n32,6,0,,0,
OCC1=C(O)C1,6,0,,0,
OCC1=C(O)N1,6,0,,0,
OCC1=C(O)O1,6,0,,0,
OCC1=C2C=C21,6,0,,0,
OCC1=C2CC12,6,0,,0,
OCC1=C2CN12,6,0,,0,
OCC1=C2N=C12,6,0,,0,
OCC1=C2NC12,6,0,,0,
OCC1=C2OC12,6,0,,0,
OCC1=C=C1O,6,0,,0,
OCC1=C=C=C1,6,0,,0,
OCC1=C=C=N1,6,0,,0,
OCC1=C=CC1,6,0,,0,
OCC1=C=CN1,6,0,,0,
OCC1=C=CO1,6,0,,0,
OCC1=C=NC1,6,0,,0,
OCC1=C=NN1,6,0,,0,
OCC1=C=NO1,6,0,,0,
OCC1=CC#C1,6,0,,0,
OCC1=CC1O,6,0,,0,
OCC1=CC=C1,6,0,,0,
OCC1=CC=N1,6,0,,0,
OCC1=CCC1,6,0,,0,
OCC1=CCN1,6,0,,0,
OCC1=CCO1,6,0,,0,
OCC1=CN1O,6,0,,0,
OCC1=CN=C1,6,0,,0,
OCC1=CN=N1,6,0,,0,
OCC1=CNC1,6,0,,0,
OCC1=COC1,6,0,,0,
OCC1=NC#C1,6,0,,0,
OCC1=NC1O,6,0,,0,
OCC1=NC=C1,6,0,,0,
OCC1=NC=N1,6,0,,0,
OCC1=NCC1,6,0,,0,
OCC1=NCN1,6,0,,0,
OCC1=NCO1,6,0,,0,
OCC1=NN1O,6,0,,0,
OCC1=NN=C1,6,0,,0,
OCC1=NN=N1,6,0,,0,
OCC1=NNC1,6,0,,0,
OCC1=NOC1,6,0,,0,
OCC1C#CC1,6,0,,0,
OCC1C#CN1,6,0,,0,
OCC1C#CO1,6,0,,0,
OCC1C2=C1C2,6,0,,0,
OCC1C2=C1N2,6,0,,0,
OCC1C2=C1O2,6,0,,0,
OCC1C2=C=C21,6,0,,0,
OCC1C2=CC21,6,0,,0,
OCC1C2=CN21,6,0,,0,
OCC1C2=NC21,6,0,,0,
OCC1C2=NN21,6,0,,0,
OCC1C2CC12,6,0,,0,
OCC1C2CN12,6,0,,0,
OCC1C2NC12,6,0,,0,
OCC1C2NN12,6,0,,0,
OCC1C2OC12,6,0,,0,
OCC1C2ON12,6,0,,0,
OCC1C=C1O,6,0,,0,
OCC1C=C=C1,6,0,,0,
OCC1C=C=N1,6,0,,0,
OCC1C=CC1,6,0,,0,
OCC1C=CN1,6,0,,0,
OCC1C=CO1,6,0,,0,
OCC1C=NC1,6,0,,0,
OCC1C=NN1,6,0,,0,
OCC1C=NO1,6,0,,0,
OCC1CC1O,6,0,,0,
OCC1CC=N1,6,0,,0,
OCC1CCC1,6,0,,0,
OCC1CCN1,6,0,,0,
OCC1CCO1,6,0,,0,
OCC1CN1O,6,0,,0,
OCC1CN=N1,6,0,,0,
OCC1CNC1,6,0,,0,
OCC1CNN1,6,0,,0,
OCC1CNO1,6,0,,0,
OCC1COC1,6,0,,0,
OCC1CON1,6,0,,0,
OCC1COO1,6,0,,0,
OCC1N2CN12,6,0,,0,
OCC1N=C1O,6,0,,0,
OCC1N=C=N1,6,0,,0,
OCC1N=CN1,6,0,,0,
OCC1N=CO1,6,0,,0,
OCC1N=NN1,6,0,,0,
OCC1N=NO1,6,0,,0,
OCC1NC1O,6,0,,0,
OCC1NCN1,6,0,,0,
OCC1NCO1,6,0,,0,
OCC1NN1O,6,0,,0,
OCC1NNN1,6,0,,0,
OCC1NNO1,6,0,,0,
OCC1NON1,6,0,,0,
OCC1NOO1,6,0,,0,
OCC1OC1O,6,0,,0,
OCC1OCO1,6,0,,0,
OCC1ON1O,6,0,,0,
OCC1ONO1,6,0,,0,
OCC1OOO1,6,0,,0,
OCC1n2[nH]n21,6,0,,0,
OCC1n2on21,6,0,,0,
OCC=C(O)O,6,0,,0,
OCC=C1C#C1,6,0,,0,
OCC=C1C=C1,6,0,,0,
OCC=C1C=N1,6,0,,0,
OCC=C1CC1,6,0,,0,
OCC=C1CN1,6,0,,0,
OCC=C1CO1,6,0,,0,
OCC=C1N=N1,6,0,,0,
OCC=C1NN1,6,0,,0,
OCC=C1NO1,6,0,,0,
OCC=C1OO1,6,0,,0,
OCC=C=NO,6,0,,0,
OCC=CCO,6,0,,0,
OCC=CNO,6,0,,0,
OCC=COO,6,0,,0,
OCC=NCO,6,0,,0,
OCC=NNO,6,0,,0,
OCC=NOO,6,0,,0,
OCCC(O)O,6,0,,0,
OCCC1=C=C1,6,0,,0,
OCCC1=C=N1,6,0,,0,
OCCC1=CC1,6,0,,0,
OCCC1=CN1,6,0,,0,
OCCC1=CO1,6,0,,0,
OCCC1=NC1,6,0,,0,
OCCC1=NN1,6,0,,0,
OCCC1=NO1,6,0,,0,
OCCC1C#C1,6,0,,0,
OCCC1C=C1,6,0,,0,
OCCC1C=N1,6,0,,0,
OCCC1CC1,6,0,,0,
OCCC1CN1,6,0,,0,
OCCC1CO1,6,0,,0,
OCCC1N=N1,6,0,,0,
OCCC1NN1,6,0,,0,
OCCC1NO1,6,0,,0,
OCCC1OO1,6,0,,0,
OCCC=NO,6,0,,0,
OCCCCO,6,0,,0,
OCCCNO,6,0,,0,
OCCCOO,6,0,,0,
OCCN(O)O,6,0,,0,
OCCN1C#C1,6,0,,0,
OCCN1C=C1,6,0,,0,
OCCN1C=N1,6,0,,0,
OCCN1CC1,6,0,,0,
OCCN1CN1,6,0,,0,
OCCN1CO1,6,0,,0,
OCCN1N=N1,6,0,,0,
OCCN=NO,6,0,,0,
OCCNCO,6,0,,0,
OCCNNO,6,0,,0,
OCCNOO,6,0,,0,
OCCOCO,6,0,,0,
OCCONO,6,0,,0,
OCCOOO,6,0,,0,
OCCn1[nH][nH]1,6,0,,0,
OCCn1[nH]o1,6,0,,0,
OCCn1oo1,6,0,,0,
OCN(O)CO,6,0,,0,
OCN(O)NO,6,0,,0,
OCN(O)OO,6,0,,0,
OCN1C#CC1,6,0,,0,
OCN1C2=C1C2,6,0,,0,
OCN1C2=C=C21,6,0,,0,
OCN1C2=CC21,6,0,,0,
OCN1C2=NC21,6,0,,0,
OCN1C2CC21,6,0,,0,
OCN1C2CN21,6,0,,0,
OCN1C2NC21,6,0,,0,
OCN1C2NN21,6,0,,0,
OCN1C2OC21,6,0,,0,
OCN1C2ON21,6,0,,0,
OCN1C=C1O,6,0,,0,
OCN1C=C=C1,6,0,,0,
OCN1C=C=N1,6,0,,0,
OCN1C=CC1,6,0,,0,
OCN1C=NC1,6,0,,0,
OCN1CC1O,6,0,,0,
OCN1CC=N1,6,0,,0,
OCN1CCC1,6,0,,0,
OCN1CCN1,6,0,,0,
OCN1CCO1,6,0,,0,
OCN1CN1O,6,0,,0,
OCN1CN=N1,6,0,,0,
OCN1CNC1,6,0,,0,
OCN1CNN1,6,0,,0,
OCN1CNO1,6,0,,0,
OCN1COC1,6,0,,0,
OCN1CON1,6,0,,0,
OCN1COO1,6,0,,0,
OCN1N=C1O,6,0,,0,
OCN1N=C=N1,6,0,,0,
OCN1NC1O,6,0,,0,
OCN1NCN1,6,0,,0,
OCN1NCO1,6,0,,0,
OCN1NNN1,6,0,,0,
OCN1NNO1,6,0,,0,
OCN1NON1,6,0,,0,
OCN1NOO1,6,0,,0,
OCN1OC1O,6,0,,0,
OCN1OCO1,6,0,,0,
OCN1ONO1,6,0,,0,
OCN1OOO1,6,0,,0,
OCN=C(O)O,6,0,,0,
OCN=C1CC1,6,0,,0,
OCN=C1CN1,6,0,,0,
OCN=C1CO1,6,0,,0,
OCN=C1NN1,6,0,,0,
OCN=C1NO1,6,0,,0,
OCN=C1OO1,6,0,,0,
OCN=C=NO,6,0,,0,
OCN=CNO,6,0,,0,
OCN=COO,6,0,,0,
OCN=NCO,6,0,,0,
OCN=NNO,6,0,,0,
OCN=NOO,6,0,,0,
OCN=c1c#c1,6,0,,0,
OCN=c1cc1,6,0,,0,
OCN=c1cn1,6,0,,0,
OCN=c1nn1,6,0,,0,
OCNC(O)O,6,0,,0,
OCNC1=C=C1,6,0,,0,
OCNC1=C=N1,6,0,,0,
OCNC1=CC1,6,0,,0,
OCNC1=CN1,6,0,,0,
OCNC1=CO1,6,0,,0,
OCNC1=NC1,6,0,,0,
OCNC1=NN1,6,0,,0,
OCNC1=NO1,6,0,,0,
OCNC1C#C1,6,0,,0,
OCNC1C=C1,6,0,,0,
OCNC1C=N1,6,0,,0,
OCNC1CC1,6,0,,0,
OCNC1CN1,6,0,,0,
OCNC1CO1,6,0,,0,
OCNC1N=N1,6,0,,0,
OCNC1NN1,6,0,,0,
OCNC1NO1,6,0,,0,
OCNC1OO1,6,0,,0,
OCNC=NO,6,0,,0,
OCNCNO,6,0,,0,
OCNCOO,6,0,,0,
OCNN(O)O,6,0,,0,
OCNN1C#C1,6,0,,0,
OCNN1C=C1,6,0,,0,
OCNN1C=N1,6,0,,0,
OCNN1CC1,6,0,,0,
OCNN1CN1,6,0,,0,
OCNN1CO1,6,0,,0,
OCNN1N=N1,6,0,,0,
OCNN=NO,6,0,,0,
OCNNCO,6,0,,0,
OCNNNO,6,0,,0,
OCNNOO,6,0,,0,
OCNOCO,6,0,,0,
OCNONO,6,0,,0,
OCNOOO,6,0,,0,
OCNn1[nH][nH]1,6,0,,0,
OCNn1[nH]o1,6,0,,0,
OCNn1oo1,6,0,,0,
OCOC(O)O,6,0,,0,
OCOC1=C=C1,6,0,,0,
OCOC1=C=N1,6,0,,0,
OCOC1=CC1,6,0,,0,
OCOC1=CN1,6,0,,0,
OCOC1=CO1,6,0,,0,
OCOC1=NC1,6,0,,0,
OCOC1=NN1,6,0,,0,
OCOC1=NO1,6,0,,0,
OCOC1C#C1,6,0,,0,
OCOC1C=C1,6,0,,0,
OCOC1C=N1,6,0,,0,
OCOC1CC1,6,0,,0,
OCOC1CN1,6,0,,0,
OCOC1CO1,6,0,,0,
OCOC1N=N1,6,0,,0,
OCOC1NN1,6,0,,0,
OCOC1NO1,6,0,,0,
OCOC1OO1,6,0,,0,
OCOC=NO,6,0,,0,
OCOCNO,6,0,,0,
OCOCOO,6,0,,0,
OCON(O)O,6,0,,0,
OCON1C#C1,6,0,,0,
OCON1C=C1,6,0,,0,
OCON1C=N1,6,0,,0,
OCON1CC1,6,0,,0,
OCON1CN1,6,0,,0,
OCON1CO1,6,0,,0,
OCON1N=N1,6,0,,0,
OCON=NO,6,0,,0,
OCONNO,6,0,,0,
OCONOO,6,0,,0,
OCOOCO,6,0,,0,
OCOONO,6,0,,0,
OCOOOO,6,0,,0,
OCOn1[nH][nH]1,6,0,,0,
OCOn1[nH]o1,6,0,,0,
OCOn1oo1,6,0,,0,
OCc1c2[nH]n1-2,6,0,,0,
OCc1c2on1-2,6,0,,0,
OCc1c[nH][nH]1,6,0,,0,
OCc1c[nH]o1,6,0,,0,
OCc1co[nH]1,6,0,,0,
OCc1coo1,6,0,,0,
OCc1n[nH][nH]1,6,0,,0,
OCc1n[nH]o1,6,0,,0,
OCc1no[nH]1,6,0,,0,
OCc1noo1,6,0,,0,
OCn1[nH]n1O,6,0,,0,
OCn1c#c[nH]1,6,0,,0,
OCn1c#co1,6,0,,0,
OCn1c2[nH]c1=2,6,0,,0,
OCn1c2cn1-2,6,0,,0,
OCn1c2nn1-2,6,0,,0,
OCn1c2oc1=2,6,0,,0,
OCn1cc[nH]1,6,0,,0,
OCn1cco1,6,0,,0,
OCn1cn[nH]1,6,0,,0,
OCn1cno1,6,0,,0,
OCn1n2[nH]n12,6,0,,0,
OCn1n2n1C2,6,0,,0,
OCn1n2on12,6,0,,0,
OCn1nc[nH]1,6,0,,0,
OCn1nco1,6,0,,0,
OCn1nn[nH]1,6,0,,0,
OCn1nno1,6,0,,0,
OCn1on1O,6,0,,0,
ON(O)C1=C=C1,6,0,,0,
ON(O)C1=C=N1,6,0,,0,
ON(O)C1=CC1,6,0,,0,
ON(O)C1=CN1,6,0,,0,
ON(O)C1=CO1,6,0,,0,
ON(O)C1=NC1,6,0,,0,
ON(O)C1=NN1,6,0,,0,
ON(O)C1=NO1,6,0,,0,
ON(O)C1C#C1,6,0,,0,
ON(O)C1C=C1,6,0,,0,
ON(O)C1C=N1,6,0,,0,
ON(O)C1CC1,6,0,,0,
ON(O)C1CN1,6,0,,0,
ON(O)C1CO1,6,0,,0,
ON(O)C1N=N1,6,0,,0,
ON(O)C1NN1,6,0,,0,
ON(O)C1NO1,6,0,,0,
ON(O)C1OO1,6,0,,0,
ON(O)N(O)O,6,0,,0,
ON(O)N1C#C1,6,0,,0,
ON(O)N1C=C1,6,0,,0,
ON(O)N1C=N1,6,0,,0,
ON(O)N1CC1,6,0,,0,
ON(O)N1CN1,6,0,,0,
ON(O)N1CO1,6,0,,0,
ON(O)N1N=N1,6,0,,0,
ON(O)n1[nH][nH]1,6,0,,0,
ON(O)n1[nH]o1,6,0,,0,
ON(O)n1oo1,6,0,,0,
ON1C#CCC1,6,0,,0,
ON1C#CCN1,6,0,,0,
ON1C#CCO1,6,0,,0,
ON1C#CNC1,6,0,,0,
ON1C#CNN1,6,0,,0,
ON1C#CNO1,6,0,,0,
ON1C#COC1,6,0,,0,
ON1C#CON1,6,0,,0,
ON1C#COO1,6,0,,0,
ON1C23C4=C2C413,6,0,,0,
ON1C23C4C2C413,6,0,,0,
ON1C23C4N2C413,6,0,,0,
ON1C23CC12C3,6,0,,0,
ON1C23CC12N3,6,0,,0,
ON1C23CC12O3,6,0,,0,
ON1C23N4N2C143,6,0,,0,
ON1C23NC12N3,6,0,,0,
ON1C23NC12O3,6,0,,0,
ON1C23OC12O3,6,0,,0,
ON1C2=C1CC2,6,0,,0,
ON1C2=C1NC2,6,0,,0,
ON1C2=C1OC2,6,0,,0,
ON1C2=C3C1N32,6,0,,0,
ON1C2=C3C2C31,6,0,,0,
ON1C2=C3CC321,6,0,,0,
ON1C2=C3NC321,6,0,,0,
ON1C2=C3OC321,6,0,,0,
ON1C2=C=C1C2,6,0,,0,
ON1C2=C=C=C21,6,0,,0,
ON1C2=C=CC21,6,0,,0,
ON1C2=C=CN21,6,0,,0,
ON1C2=C=NC21,6,0,,0,
ON1C2=C=NN21,6,0,,0,
ON1C2=CC1=C2,6,0,,0,
ON1C2=CC1=N2,6,0,,0,
ON1C2=CC1C2,6,0,,0,
ON1C2=CC1N2,6,0,,0,
ON1C2=CC1O2,6,0,,0,
ON1C2=CC21O,6,0,,0,
ON1C2=CCC21,6,0,,0,
ON1C2=CCN21,6,0,,0,
ON1C2=CNC21,6,0,,0,
ON1C2=COC21,6,0,,0,
ON1C2=NC1=N2,6,0,,0,
ON1C2=NC1C2,6,0,,0,
ON1C2=NC1N2,6,0,,0,
ON1C2=NC1O2,6,0,,0,
ON1C2=NC21O,6,0,,0,
ON1C2=NCC21,6,0,,0,
ON1C2=NCN21,6,0,,0,
ON1C2=NNC21,6,0,,0,
ON1C2=NOC21,6,0,,0,
ON1C2C#CC21,6,0,,0,
ON1C2C#CN21,6,0,,0,
ON1C2C1N2O,6,0,,0,
ON1C2C3=C2C31,6,0,,0,
ON1C2C3=C2N31,6,0,,0,
ON1C2C3=CC321,6,0,,0,
ON1C2C3=NC321,6,0,,0,
ON1C2C3C1N32,6,0,,0,
ON1C2C3C2C31,6,0,,0,
ON1C2C3C2N31,6,0,,0,
ON1C2C3CC321,6,0,,0,
ON1C2C3N2N31,6,0,,0,
ON1C2C3NC321,6,0,,0,
ON1C2C3OC321,6,0,,0,
ON1C2C=CC21,6,0,,0,
ON1C2C=CN21,6,0,,0,
ON1C2C=NC21,6,0,,0,
ON1C2C=NN21,6,0,,0,
ON1C2CC1C2,6,0,,0,
ON1C2CC1N2,6,0,,0,
ON1C2CC1O2,6,0,,0,
ON1C2CC21O,6,0,,0,
ON1C2CCC21,6,0,,0,
ON1C2CCN21,6,0,,0,
ON1C2CN1C2,6,0,,0,
ON1C2CN1N2,6,0,,0,
ON1C2CN1O2,6,0,,0,
ON1C2CNC21,6,0,,0,
ON1C2CNN21,6,0,,0,
ON1C2COC21,6,0,,0,
ON1C2CON21,6,0,,0,
ON1C2N(O)N21,6,0,,0,
ON1C2N3C1N23,6,0,,0,
ON1C2N3CC213,6,0,,0,
ON1C2N3NC213,6,0,,0,
ON1C2N3OC213,6,0,,0,
ON1C2N=CN21,6,0,,0,
ON1C2N=NC21,6,0,,0,
ON1C2N=NN21,6,0,,0,
ON1C2NC1N2,6,0,,0,
ON1C2NC1O2,6,0,,0,
ON1C2NC21O,6,0,,0,
ON1C2NCN21,6,0,,0,
ON1C2NN1N2,6,0,,0,
ON1C2NN1O2,6,0,,0,
ON1C2NNC21,6,0,,0,
ON1C2NNN21,6,0,,0,
ON1C2NOC21,6,0,,0,
ON1C2NON21,6,0,,0,
ON1C2OC1O2,6,0,,0,
ON1C2OC21O,6,0,,0,
ON1C2OCN21,6,0,,0,
ON1C2ON1O2,6,0,,0,
ON1C2ONN21,6,0,,0,
ON1C2OOC21,6,0,,0,
ON1C2OON21,6,0,,0,
ON1C2n3n2n31,6,0,,0,
ON1C=C2CC21,6,0,,0,
ON1C=C2NC21,6,0,,0,
ON1C=C2OC21,6,0,,0,
ON1C=C=C=C1,6,0,,0,
ON1C=C=C=N1,6,0,,0,
ON1C=C=CC1,6,0,,0,
ON1C=C=CN1,6,0,,0,
ON1C=C=CO1,6,0,,0,
ON1C=C=NC1,6,0,,0,
ON1C=C=NN1,6,0,,0,
ON1C=C=NO1,6,0,,0,
ON1C=CCC1,6,0,,0,
ON1C=CCN1,6,0,,0,
ON1C=CCO1,6,0,,0,
ON1C=CNC1,6,0,,0,
ON1C=CNN1,6,0,,0,
ON1C=CNO1,6,0,,0,
ON1C=COC1,6,0,,0,
ON1C=CON1,6,0,,0,
ON1C=COO1,6,0,,0,
ON1C=NCC1,6,0,,0,
ON1C=NCN1,6,0,,0,
ON1C=NCO1,6,0,,0,
ON1C=NNC1,6,0,,0,
ON1C=NNN1,6,0,,0,
ON1C=NNO1,6,0,,0,
ON1C=NOC1,6,0,,0,
ON1C=NON1,6,0,,0,
ON1C=NOO1,6,0,,0,
ON1CC#CC1,6,0,,0,
ON1CC#CN1,6,0,,0,
ON1CC#CO1,6,0,,0,
ON1CC1(O)O,6,0,,0,
ON1CC12C#C2,6,0,,0,
ON1CC12C=C2,6,0,,0,
ON1CC12C=N2,6,0,,0,
ON1CC12CC2,6,0,,0,
ON1CC12CN2,6,0,,0,
ON1CC12CO2,6,0,,0,
ON1CC12N=N2,6,0,,0,
ON1CC12NN2,6,0,,0,
ON1CC12NO2,6,0,,0,
ON1CC12OO2,6,0,,0,
ON1CC2=C1C2,6,0,,0,
ON1CC2=C1N2,6,0,,0,
ON1CC2=C1O2,6,0,,0,
ON1CC2=C=C21,6,0,,0,
ON1CC2=CC21,6,0,,0,
ON1CC2=CN21,6,0,,0,
ON1CC2=NC21,6,0,,0,
ON1CC2=NN21,6,0,,0,
ON1CC2C=C21,6,0,,0,
ON1CC2CC21,6,0,,0,
ON1CC2CN21,6,0,,0,
ON1CC2N=C21,6,0,,0,
ON1CC2NC21,6,0,,0,
ON1CC2NN21,6,0,,0,
ON1CC2OC21,6,0,,0,
ON1CC2ON21,6,0,,0,
ON1CC=C=N1,6,0,,0,
ON1CC=CC1,6,0,,0,
ON1CC=CN1,6,0,,0,
ON1CC=CO1,6,0,,0,
ON1CC=NC1,6,0,,0,
ON1CC=NN1,6,0,,0,
ON1CC=NO1,6,0,,0,
ON1CCC=N1,6,0,,0,
ON1CCCC1,6,0,,0,
ON1CCCN1,6,0,,0,
ON1CCCO1,6,0,,0,
ON1CCN1O,6,0,,0,
ON1CCN=N1,6,0,,0,
ON1CCNC1,6,0,,0,
ON1CCNN1,6,0,,0,
ON1CCNO1,6,0,,0,
ON1CCOC1,6,0,,0,
ON1CCON1,6,0,,0,
ON1CCOO1,6,0,,0,
ON1CN(O)C1,6,0,,0,
ON1CN(O)N1,6,0,,0,
ON1CN(O)O1,6,0,,0,
ON1CN2C=C12,6,0,,0,
ON1CN2CC12,6,0,,0,
ON1CN2CN12,6,0,,0,
ON1CN2N=C12,6,0,,0,
ON1CN2NC12,6,0,,0,
ON1CN2OC12,6,0,,0,
ON1CN=C=N1,6,0,,0,
ON1CN=CN1,6,0,,0,
ON1CN=CO1,6,0,,0,
ON1CN=NC1,6,0,,0,
ON1CN=NN1,6,0,,0,
ON1CN=NO1,6,0,,0,
ON1CNC=N1,6,0,,0,
ON1CNCN1,6,0,,0,
ON1CNCO1,6,0,,0,
ON1CNN1O,6,0,,0,
ON1CNN=N1,6,0,,0,
ON1CNNC1,6,0,,0,
ON1CNNN1,6,0,,0,
ON1CNNO1,6,0,,0,
ON1CNOC1,6,0,,0,
ON1CNON1,6,0,,0,
ON1CNOO1,6,0,,0,
ON1COC=N1,6,0,,0,
ON1COCN1,6,0,,0,
ON1COCO1,6,0,,0,
ON1CON1O,6,0,,0,
ON1CON=N1,6,0,,0,
ON1CONN1,6,0,,0,
ON1CONO1,6,0,,0,
ON1COOC1,6,0,,0,
ON1COON1,6,0,,0,
ON1COOO1,6,0,,0,
ON1Cn2[nH]n21,6,0,,0,
ON1Cn2on21,6,0,,0,
ON1N2C3=CC312,6,0,,0,
ON1N2C3=NC312,6,0,,0,
ON1N2C3C2N31,6,0,,0,
ON1N2C3CC312,6,0,,0,
ON1N2C3N1N32,6,0,,0,
ON1N2C3NC312,6,0,,0,
ON1N2C3OC312,6,0,,0,
ON1N2CC12O,6,0,,0,
ON1N2CN1C2,6,0,,0,
ON1N2CN1N2,6,0,,0,
ON1N2CN1O2,6,0,,0,
ON1N2N3CC132,6,0,,0,
ON1N2N3NC132,6,0,,0,
ON1N2N3OC132,6,0,,0,
ON1N2NC12O,6,0,,0,
ON1N2NN1N2,6,0,,0,
ON1N2NN1O2,6,0,,0,
ON1N2OC12O,6,0,,0,
ON1N2ON1O2,6,0,,0,
ON1N=C2CC21,6,0,,0,
ON1N=C2NC21,6,0,,0,
ON1N=C2OC21,6,0,,0,
ON1N=C=C=N1,6,0,,0,
ON1N=C=CN1,6,0,,0,
ON1N=C=CO1,6,0,,0,
ON1N=C=NN1,6,0,,0,
ON1N=C=NO1,6,0,,0,
ON1N=CCN1,6,0,,0,
ON1N=CCO1,6,0,,0,
ON1N=CNN1,6,0,,0,
ON1N=CNO1,6,0,,0,
ON1N=CON1,6,0,,0,
ON1N=COO1,6,0,,0,
ON1N=NCN1,6,0,,0,
ON1N=NCO1,6,0,,0,
ON1N=NNN1,6,0,,0,
ON1N=NNO1,6,0,,0,
ON1N=NON1,6,0,,0,
ON1N=NOO1,6,0,,0,
ON1NC#CN1,6,0,,0,
ON1NC#CO1,6,0,,0,
ON1NC1(O)O,6,0,,0,
ON1NC12C#C2,6,0,,0,
ON1NC12C=C2,6,0,,0,
ON1NC12C=N2,6,0,,0,
ON1NC12CC2,6,0,,0,
ON1NC12CN2,6,0,,0,
ON1NC12CO2,6,0,,0,
ON1NC12N=N2,6,0,,0,
ON1NC12NN2,6,0,,0,
ON1NC12NO2,6,0,,0,
ON1NC12OO2,6,0,,0,
ON1NC2=CC21,6,0,,0,
ON1NC2=CN21,6,0,,0,
ON1NC2=NC21,6,0,,0,
ON1NC2=NN21,6,0,,0,
ON1NC2C=C21,6,0,,0,
ON1NC2CC21,6,0,,0,
ON1NC2CN21,6,0,,0,
ON1NC2N=C21,6,0,,0,
ON1NC2NC21,6,0,,0,
ON1NC2NN21,6,0,,0,
ON1NC2OC21,6,0,,0,
ON1NC2ON21,6,0,,0,
ON1NC=CN1,6,0,,0,
ON1NC=CO1,6,0,,0,
ON1NC=NN1,6,0,,0,
ON1NC=NO1,6,0,,0,
ON1NCCN1,6,0,,0,
ON1NCCO1,6,0,,0,
ON1NCNN1,6,0,,0,
ON1NCNO1,6,0,,0,
ON1NCON1,6,0,,0,
ON1NCOO1,6,0,,0,
ON1NN(O)N1,6,0,,0,
ON1NN(O)O1,6,0,,0,
ON1NN2C=C12,6,0,,0,
ON1NN2CC12,6,0,,0,
ON1NN2CN12,6,0,,0,
ON1NN2N=C12,6,0,,0,
ON1NN2NC12,6,0,,0,
ON1NN2OC12,6,0,,0,
ON1NN=CO1,6,0,,0,
ON1NN=NN1,6,0,,0,
ON1NN=NO1,6,0,,0,
ON1NNCO1,6,0,,0,
ON1NNN1O,6,0,,0,
ON1NOCO1,6,0,,0,
ON1NON1O,6,0,,0,
ON1OC#CO1,6,0,,0,
ON1OC1(O)O,6,0,,0,
ON1OC12C#C2,6,0,,0,
ON1OC12C=C2,6,0,,0,
ON1OC12C=N2,6,0,,0,
ON1OC12CC2,6,0,,0,
ON1OC12CN2,6,0,,0,
ON1OC12CO2,6,0,,0,
ON1OC12N=N2,6,0,,0,
ON1OC12NN2,6,0,,0,
ON1OC12NO2,6,0,,0,
ON1OC12OO2,6,0,,0,
ON1OC2=CC21,6,0,,0,
ON1OC2=CN21,6,0,,0,
ON1OC2=NC21,6,0,,0,
ON1OC2=NN21,6,0,,0,
ON1OC2C=C21,6,0,,0,
ON1OC2CC21,6,0,,0,
ON1OC2CN21,6,0,,0,
ON1OC2N=C21,6,0,,0,
ON1OC2NC21,6,0,,0,
ON1OC2NN21,6,0,,0,
ON1OC2OC21,6,0,,0,
ON1OC2ON21,6,0,,0,
ON1OC=CO1,6,0,,0,
ON1OC=NO1,6,0,,0,
ON1OCCO1,6,0,,0,
ON1OCNO1,6,0,,0,
ON1OCOO1,6,0,,0,
ON1ON(O)O1,6,0,,0,
ON1ON2C=C12,6,0,,0,
ON1ON2CC12,6,0,,0,
ON1ON2CN12,6,0,,0,
ON1ON2N=C12,6,0,,0,
ON1ON2NC12,6,0,,0,
ON1ON2OC12,6,0,,0,
ON1ON=NO1,6,0,,0,
ON1OON1O,6,0,,0,
ON1c2[nH][nH]c21,6,0,,0,
ON1c2[nH]oc21,6,0,,0,
ON1c2c[nH]n21,6,0,,0,
ON1c2con21,6,0,,0,
ON1c2n[nH]n21,6,0,,0,
ON1c2non21,6,0,,0,
ON1c2ooc21,6,0,,0,
ON1n2c3c2n31,6,0,,0,
ON=C(O)NO,6,0,,0,
ON=C(O)OO,6,0,,0,
ON=C1C#CC1,6,0,,0,
ON=C1C#CN1,6,0,,0,
ON=C1C#CO1,6,0,,0,
ON=C1C2=CC21,6,0,,0,
ON=C1C2=CN21,6,0,,0,
ON=C1C2=NC12,6,0,,0,
ON=C1C2=NN12,6,0,,0,
ON=C1C2CC12,6,0,,0,
ON=C1C2CN12,6,0,,0,
ON=C1C2NC12,6,0,,0,
ON=C1C2NN12,6,0,,0,
ON=C1C2OC12,6,0,,0,
ON=C1C2ON12,6,0,,0,
ON=C1C=C=C1,6,0,,0,
ON=C1C=C=N1,6,0,,0,
ON=C1C=CC1,6,0,,0,
ON=C1C=CN1,6,0,,0,
ON=C1C=CO1,6,0,,0,
ON=C1C=NC1,6,0,,0,
ON=C1C=NN1,6,0,,0,
ON=C1C=NO1,6,0,,0,
ON=C1CC1O,6,0,,0,
ON=C1CC=N1,6,0,,0,
ON=C1CCC1,6,0,,0,
ON=C1CCN1,6,0,,0,
ON=C1CCO1,6,0,,0,
ON=C1CN1O,6,0,,0,
ON=C1CN=N1,6,0,,0,
ON=C1CNC1,6,0,,0,
ON=C1CNN1,6,0,,0,
ON=C1CNO1,6,0,,0,
ON=C1COC1,6,0,,0,
ON=C1CON1,6,0,,0,
ON=C1COO1,6,0,,0,
ON=C1N2CN12,6,0,,0,
ON=C1N=C=N1,6,0,,0,
ON=C1N=CN1,6,0,,0,
ON=C1N=CO1,6,0,,0,
ON=C1N=NN1,6,0,,0,
ON=C1N=NO1,6,0,,0,
ON=C1NC1O,6,0,,0,
ON=C1NCN1,6,0,,0,
ON=C1NCO1,6,0,,0,
ON=C1NN1O,6,0,,0,
ON=C1OC1O,6,0,,0,
ON=C1OCO1,6,0,,0,
ON=C1ON1O,6,0,,0,
ON=C=C(O)O,6,0,,0,
ON=C=C1C#C1,6,0,,0,
ON=C=C1C=C1,6,0,,0,
ON=C=C1C=N1,6,0,,0,
ON=C=C1CC1,6,0,,0,
ON=C=C1CN1,6,0,,0,
ON=C=C1CO1,6,0,,0,
ON=C=C1N=N1,6,0,,0,
ON=C=C1NN1,6,0,,0,
ON=C=C1NO1,6,0,,0,
ON=C=C1OO1,6,0,,0,
ON=C=C=NO,6,0,,0,
ON=C=CNO,6,0,,0,
ON=C=COO,6,0,,0,
ON=C=NNO,6,0,,0,
ON=C=NOO,6,0,,0,
ON=CC(O)O,6,0,,0,
ON=CC1=C=C1,6,0,,0,
ON=CC1=C=N1,6,0,,0,
ON=CC1=CC1,6,0,,0,
ON=CC1=CN1,6,0,,0,
ON=CC1=CO1,6,0,,0,
ON=CC1=NC1,6,0,,0,
ON=CC1=NN1,6,0,,0,
ON=CC1=NO1,6,0,,0,
ON=CC1C#C1,6,0,,0,
ON=CC1C=C1,6,0,,0,
ON=CC1C=N1,6,0,,0,
ON=CC1CC1,6,0,,0,
ON=CC1CN1,6,0,,0,
ON=CC1CO1,6,0,,0,
ON=CC1N=N1,6,0,,0,
ON=CC1NN1,6,0,,0,
ON=CC1NO1,6,0,,0,
ON=CC1OO1,6,0,,0,
ON=CC=NO,6,0,,0,
ON=CCNO,6,0,,0,
ON=CCOO,6,0,,0,
ON=CN(O)O,6,0,,0,
ON=CN1C#C1,6,0,,0,
ON=CN1C=C1,6,0,,0,
ON=CN1C=N1,6,0,,0,
ON=CN1CC1,6,0,,0,
ON=CN1CN1,6,0,,0,
ON=CN1CO1,6,0,,0,
ON=CN1N=N1,6,0,,0,
ON=CN=NO,6,0,,0,
ON=CNNO,6,0,,0,
ON=CNOO,6,0,,0,
ON=CONO,6,0,,0,
ON=COOO,6,0,,0,
ON=Cn1[nH][nH]1,6,0,,0,
ON=Cn1[nH]o1,6,0,,0,
ON=Cn1oo1,6,0,,0,
ON=NC(O)O,6,0,,0,
ON=NC1=C=C1,6,0,,0,
ON=NC1=C=N1,6,0,,0,
ON=NC1=CC1,6,0,,0,
ON=NC1=CN1,6,0,,0,
ON=NC1=CO1,6,0,,0,
ON=NC1=NC1,6,0,,0,
ON=NC1=NN1,6,0,,0,
ON=NC1=NO1,6,0,,0,
ON=NC1C#C1,6,0,,0,
ON=NC1C=C1,6,0,,0,
ON=NC1C=N1,6,0,,0,
ON=NC1CC1,6,0,,0,
ON=NC1CN1,6,0,,0,
ON=NC1CO1,6,0,,0,
ON=NC1N=N1,6,0,,0,
ON=NC1NN1,6,0,,0,
ON=NC1NO1,6,0,,0,
ON=NC1OO1,6,0,,0,
ON=NCNO,6,0,,0,
ON=NCOO,6,0,,0,
ON=NN(O)O,6,0,,0,
ON=NN1C#C1,6,0,,0,
ON=NN1C=C1,6,0,,0,
ON=NN1C=N1,6,0,,0,
ON=NN1CC1,6,0,,0,
ON=NN1CN1,6,0,,0,
ON=NN1CO1,6,0,,0,
ON=NN1N=N1,6,0,,0,
ON=NN=NO,6,0,,0,
ON=NNNO,6,0,,0,
ON=NNOO,6,0,,0,
ON=NONO,6,0,,0,
ON=NOOO,6,0,,0,
ON=Nn1[nH][nH]1,6,0,,0,
ON=Nn1[nH]o1,6,0,,0,
ON=Nn1oo1,6,0,,0,
ON=c1[nH][nH][nH]1,6,0,,0,
ON=c1[nH][nH]o1,6,0,,0,
ON=c1[nH]o[nH]1,6,0,,0,
ON=c1[nH]oo1,6,0,,0,
ON=c1c2c1=C=2,6,0,,0,
ON=c1c2c1C2,6,0,,0,
ON=c1c2c1N2,6,0,,0,
ON=c1c2c1O2,6,0,,0,
ON=c1cc1O,6,0,,0,
ON=c1n2[nH]n12,6,0,,0,
ON=c1n2on12,6,0,,0,
ON=c1nc1O,6,0,,0,
ON=c1o[nH]o1,6,0,,0,
ON=c1ooo1,6,0,,0,
ONC#CNO,6,0,,0,
ONC#COO,6,0,,0,
ONC(O)(O)O,6,0,,0,
ONC(O)NO,6,0,,0,
ONC(O)OO,6,0,,0,
ONC1(O)C#C1,6,0,,0,
ONC1(O)C=C1,6,0,,0,
ONC1(O)C=N1,6,0,,0,
ONC1(O)CC1,6,0,,0,
ONC1(O)CN1,6,0,,0,
ONC1(O)CO1,6,0,,0,
ONC1(O)N=N1,6,0,,0,
ONC1(O)NN1,6,0,,0,
ONC1(O)NO1,6,0,,0,
ONC1(O)OO1,6,0,,0,
ONC12C3=C1C32,6,0,,0,
ONC12C3=C1N32,6,0,,0,
ONC12C3C1C32,6,0,,0,
ONC12C3C1N32,6,0,,0,
ONC12C3N1N32,6,0,,0,
ONC12C=C1C2,6,0,,0,
ONC12C=C1N2,6,0,,0,
ONC12C=C1O2,6,0,,0,
ONC12CC1=N2,6,0,,0,
ONC12CC1C2,6,0,,0,
ONC12CC1N2,6,0,,0,
ONC12CC1O2,6,0,,0,
ONC12CN1C2,6,0,,0,
ONC12CN1N2,6,0,,0,
ONC12CN1O2,6,0,,0,
ONC12N=C1N2,6,0,,0,
ONC12N=C1O2,6,0,,0,
ONC12NC1N2,6,0,,0,
ONC12NC1O2,6,0,,0,
ONC12NN1N2,6,0,,0,
ONC12NN1O2,6,0,,0,
ONC12OC1O2,6,0,,0,
ONC12ON1O2,6,0,,0,
ONC12n3n1n32,6,0,,0,
ONC1=C(O)C1,6,0,,0,
ONC1=C(O)N1,6,0,,0,
ONC1=C(O)O1,6,0,,0,
ONC1=C2C=C21,6,0,,0,
ONC1=C2CC21,6,0,,0,
ONC1=C2CN21,6,0,,0,
ONC1=C2N=C21,6,0,,0,
ONC1=C2NC12,6,0,,0,
ONC1=C2OC12,6,0,,0,
ONC1=C=C1O,6,0,,0,
ONC1=C=C=C1,6,0,,0,
ONC1=C=C=N1,6,0,,0,
ONC1=C=CC1,6,0,,0,
ONC1=C=CN1,6,0,,0,
ONC1=C=CO1,6,0,,0,
ONC1=C=NC1,6,0,,0,
ONC1=C=NN1,6,0,,0,
ONC1=C=NO1,6,0,,0,
ONC1=CC#C1,6,0,,0,
ONC1=CC1O,6,0,,0,
ONC1=CC=C1,6,0,,0,
ONC1=CC=N1,6,0,,0,
ONC1=CCC1,6,0,,0,
ONC1=CCN1,6,0,,0,
ONC1=CCO1,6,0,,0,
ONC1=CN1O,6,0,,0,
ONC1=CN=C1,6,0,,0,
ONC1=CN=N1,6,0,,0,
ONC1=CNC1,6,0,,0,
ONC1=COC1,6,0,,0,
ONC1=NC#C1,6,0,,0,
ONC1=NC1O,6,0,,0,
ONC1=NC=C1,6,0,,0,
ONC1=NC=N1,6,0,,0,
ONC1=NCC1,6,0,,0,
ONC1=NCN1,6,0,,0,
ONC1=NCO1,6,0,,0,
ONC1=NN1O,6,0,,0,
ONC1=NN=C1,6,0,,0,
ONC1=NN=N1,6,0,,0,
ONC1=NNC1,6,0,,0,
ONC1=NOC1,6,0,,0,
ONC1C#CC1,6,0,,0,
ONC1C#CN1,6,0,,0,
ONC1C#CO1,6,0,,0,
ONC1C2=C1C2,6,0,,0,
ONC1C2=C1N2,6,0,,0,
ONC1C2=C1O2,6,0,,0,
ONC1C2=C=C21,6,0,,0,
ONC1C2=CC21,6,0,,0,
ONC1C2=CN21,6,0,,0,
ONC1C2=NC21,6,0,,0,
ONC1C2=NN21,6,0,,0,
ONC1C2CC21,6,0,,0,
ONC1C2CN21,6,0,,0,
ONC1C2NC12,6,0,,0,
ONC1C2NN12,6,0,,0,
ONC1C2OC12,6,0,,0,
ONC1C2ON12,6,0,,0,
ONC1C=C1O,6,0,,0,
ONC1C=C=C1,6,0,,0,
ONC1C=C=N1,6,0,,0,
ONC1C=CC1,6,0,,0,
ONC1C=CN1,6,0,,0,
ONC1C=CO1,6,0,,0,
ONC1C=NC1,6,0,,0,
ONC1C=NN1,6,0,,0,
ONC1C=NO1,6,0,,0,
ONC1CC1O,6,0,,0,
ONC1CC=N1,6,0,,0,
ONC1CCC1,6,0,,0,
ONC1CCN1,6,0,,0,
ONC1CCO1,6,0,,0,
ONC1CN1O,6,0,,0,
ONC1CN=N1,6,0,,0,
ONC1CNC1,6,0,,0,
ONC1CNN1,6,0,,0,
ONC1CNO1,6,0,,0,
ONC1COC1,6,0,,0,
ONC1CON1,6,0,,0,
ONC1COO1,6,0,,0,
ONC1N2CN12,6,0,,0,
ONC1N=C1O,6,0,,0,
ONC1N=C=N1,6,0,,0,
ONC1N=CN1,6,0,,0,
ONC1N=CO1,6,0,,0,
ONC1N=NN1,6,0,,0,
ONC1N=NO1,6,0,,0,
ONC1NC1O,6,0,,0,
ONC1NCN1,6,0,,0,
ONC1NCO1,6,0,,0,
ONC1NN1O,6,0,,0,
ONC1NNN1,6,0,,0,
ONC1NNO1,6,0,,0,
ONC1NON1,6,0,,0,
ONC1NOO1,6,0,,0,
ONC1OC1O,6,0,,0,
ONC1OCO1,6,0,,0,
ONC1ON1O,6,0,,0,
ONC1ONO1,6,0,,0,
ONC1OOO1,6,0,,0,
ONC1n2[nH]n21,6,0,,0,
ONC1n2on21,6,0,,0,
ONC=C(O)O,6,0,,0,
ONC=C1C#C1,6,0,,0,
ONC=C1C=C1,6,0,,0,
ONC=C1C=N1,6,0,,0,
ONC=C1CC1,6,0,,0,
ONC=C1CN1,6,0,,0,
ONC=C1CO1,6,0,,0,
ONC=C1N=N1,6,0,,0,
ONC=C1NN1,6,0,,0,
ONC=C1NO1,6,0,,0,
ONC=C1OO1,6,0,,0,
ONC=CNO,6,0,,0,
ONC=COO,6,0,,0,
ONC=NNO,6,0,,0,
ONC=NOO,6,0,,0,
ONCC(O)O,6,0,,0,
ONCC1=C=C1,6,0,,0,
ONCC1=C=N1,6,0,,0,
ONCC1=CC1,6,0,,0,
ONCC1=CN1,6,0,,0,
ONCC1=CO1,6,0,,0,
ONCC1=NC1,6,0,,0,
ONCC1=NN1,6,0,,0,
ONCC1=NO1,6,0,,0,
ONCC1C#C1,6,0,,0,
ONCC1C=C1,6,0,,0,
ONCC1C=N1,6,0,,0,
ONCC1CC1,6,0,,0,
ONCC1CN1,6,0,,0,
ONCC1CO1,6,0,,0,
ONCC1N=N1,6,0,,0,
ONCC1NN1,6,0,,0,
ONCC1NO1,6,0,,0,
ONCC1OO1,6,0,,0,
ONCCNO,6,0,,0,
ONCCOO,6,0,,0,
ONCN(O)O,6,0,,0,
ONCN1C#C1,6,0,,0,
ONCN1C=C1,6,0,,0,
ONCN1C=N1,6,0,,0,
ONCN1CC1,6,0,,0,
ONCN1CN1,6,0,,0,
ONCN1CO1,6,0,,0,
ONCN1N=N1,6,0,,0,
ONCNNO,6,0,,0,
ONCNOO,6,0,,0,
ONCONO,6,0,,0,
ONCOOO,6,0,,0,
ONCn1[nH][nH]1,6,0,,0,
ONCn1[nH]o1,6,0,,0,
ONCn1oo1,6,0,,0,
ONN(O)NO,6,0,,0,
ONN(O)OO,6,0,,0,
ONN1C#CC1,6,0,,0,
ONN1C2=C1C2,6,0,,0,
ONN1C2=C=C21,6,0,,0,
ONN1C2=CC21,6,0,,0,
ONN1C2=NC21,6,0,,0,
ONN1C2CC21,6,0,,0,
ONN1C2CN21,6,0,,0,
ONN1C2NC21,6,0,,0,
ONN1C2NN21,6,0,,0,
ONN1C2OC21,6,0,,0,
ONN1C2ON21,6,0,,0,
ONN1C=C1O,6,0,,0,
ONN1C=C=C1,6,0,,0,
ONN1C=C=N1,6,0,,0,
ONN1C=CC1,6,0,,0,
ONN1C=NC1,6,0,,0,
ONN1CC1O,6,0,,0,
ONN1CC=N1,6,0,,0,
ONN1CCC1,6,0,,0,
ONN1CCN1,6,0,,0,
ONN1CCO1,6,0,,0,
ONN1CN1O,6,0,,0,
ONN1CN=N1,6,0,,0,
ONN1CNC1,6,0,,0,
ONN1CNN1,6,0,,0,
ONN1CNO1,6,0,,0,
ONN1COC1,6,0,,0,
ONN1CON1,6,0,,0,
ONN1COO1,6,0,,0,
ONN1N=C1O,6,0,,0,
ONN1N=C=N1,6,0,,0,
ONN1NC1O,6,0,,0,
ONN1NCN1,6,0,,0,
ONN1NCO1,6,0,,0,
ONN1NNN1,6,0,,0,
ONN1NNO1,6,0,,0,
ONN1NON1,6,0,,0,
ONN1NOO1,6,0,,0,
ONN1OC1O,6,0,,0,
ONN1OCO1,6,0,,0,
ONN1ONO1,6,0,,0,
ONN1OOO1,6,0,,0,
ONN=C(O)O,6,0,,0,
ONN=C1CC1,6,0,,0,
ONN=C1CN1,6,0,,0,
ONN=C1CO1,6,0,,0,
ONN=C1NN1,6,0,,0,
ONN=C1NO1,6,0,,0,
ONN=C1OO1,6,0,,0,
ONN=COO,6,0,,0,
ONN=NNO,6,0,,0,
ONN=NOO,6,0,,0,
ONN=c1c#c1,6,0,,0,
ONN=c1cc1,6,0,,0,
ONN=c1cn1,6,0,,0,
ONN=c1nn1,6,0,,0,
ONNC(O)O,6,0,,0,
ONNC1=C=C1,6,0,,0,
ONNC1=C=N1,6,0,,0,
ONNC1=CC1,6,0,,0,
ONNC1=CN1,6,0,,0,
ONNC1=CO1,6,0,,0,
ONNC1=NC1,6,0,,0,
ONNC1=NN1,6,0,,0,
ONNC1=NO1,6,0,,0,
ONNC1C#C1,6,0,,0,
ONNC1C=C1,6,0,,0,
ONNC1C=N1,6,0,,0,
ONNC1CC1,6,0,,0,
ONNC1CN1,6,0,,0,
ONNC1CO1,6,0,,0,
ONNC1N=N1,6,0,,0,
ONNC1NN1,6,0,,0,
ONNC1NO1,6,0,,0,
ONNC1OO1,6,0,,0,
ONNCOO,6,0,,0,
ONNN(O)O,6,0,,0,
ONNN1C#C1,6,0,,0,
ONNN1C=C1,6,0,,0,
ONNN1C=N1,6,0,,0,
ONNN1CC1,6,0,,0,
ONNN1CN1,6,0,,0,
ONNN1CO1,6,0,,0,
ONNN1N=N1,6,0,,0,
ONNNNO,6,0,,0,
ONNNOO,6,0,,0,
ONNONO,6,0,,0,
ONNOOO,6,0,,0,
ONNn1[nH][nH]1,6,0,,0,
ONNn1[nH]o1,6,0,,0,
ONNn1oo1,6,0,,0,
ONOC(O)O,6,0,,0,
ONOC1=C=C1,6,0,,0,
ONOC1=C=N1,6,0,,0,
ONOC1=CC1,6,0,,0,
ONOC1=CN1,6,0,,0,
ONOC1=CO1,6,0,,0,
ONOC1=NC1,6,0,,0,
ONOC1=NN1,6,0,,0,
ONOC1=NO1,6,0,,0,
ONOC1C#C1,6,0,,0,
ONOC1C=C1,6,0,,0,
ONOC1C=N1,6,0,,0,
ONOC1CC1,6,0,,0,
ONOC1CN1,6,0,,0,
ONOC1CO1,6,0,,0,
ONOC1N=N1,6,0,,0,
ONOC1NN1,6,0,,0,
ONOC1NO1,6,0,,0,
ONOC1OO1,6,0,,0,
ONOCOO,6,0,,0,
ONON(O)O,6,0,,0,
ONON1C#C1,6,0,,0,
ONON1C=C1,6,0,,0,
ONON1C=N1,6,0,,0,
ONON1CC1,6,0,,0,
ONON1CN1,6,0,,0,
ONON1CO1,6,0,,0,
ONON1N=N1,6,0,,0,
ONONOO,6,0,,0,
ONOONO,6,0,,0,
ONOOOO,6,0,,0,
ONOn1[nH][nH]1,6,0,,0,
ONOn1[nH]o1,6,0,,0,
ONOn1oo1,6,0,,0,
ONc1c2[nH]n1-2,6,0,,0,
ONc1c2on1-2,6,0,,0,
ONc1c[nH][nH]1,6,0,,0,
ONc1c[nH]o1,6,0,,0,
ONc1co[nH]1,6,0,,0,
ONc1coo1,6,0,,0,
ONc1n[nH][nH]1,6,0,,0,
ONc1n[nH]o1,6,0,,0,
ONc1no[nH]1,6,0,,0,
ONc1noo1,6,0,,0,
ONn1[nH]n1O,6,0,,0,
ONn1c#c[nH]1,6,0,,0,
ONn1c#co1,6,0,,0,
ONn1c2[nH]c1=2,6,0,,0,
ONn1c2cn1-2,6,0,,0,
ONn1c2nn1-2,6,0,,0,
ONn1c2oc1=2,6,0,,0,
ONn1cc[nH]1,6,0,,0,
ONn1cco1,6,0,,0,
ONn1cn[nH]1,6,0,,0,
ONn1cno1,6,0,,0,
ONn1n2[nH]n12,6,0,,0,
ONn1n2n1C2,6,0,,0,
ONn1n2on12,6,0,,0,
ONn1nc[nH]1,6,0,,0,
ONn1nco1,6,0,,0,
ONn1nn[nH]1,6,0,,0,
ONn1nno1,6,0,,0,
ONn1on1O,6,0,,0,
OOC#COO,6,0,,0,
OOC(O)(O)O,6,0,,0,
OOC(O)OO,6,0,,0,
OOC1(O)C#C1,6,0,,0,
OOC1(O)C=C1,6,0,,0,
OOC1(O)C=N1,6,0,,0,
OOC1(O)CC1,6,0,,0,
OOC1(O)CN1,6,0,,0,
OOC1(O)CO1,6,0,,0,
OOC1(O)N=N1,6,0,,0,
OOC1(O)NN1,6,0,,0,
OOC1(O)NO1,6,0,,0,
OOC1(O)OO1,6,0,,0,
OOC12C3=C1C32,6,0,,0,
OOC12C3=C1N32,6,0,,0,
OOC12C3C1C32,6,0,,0,
OOC12C3C1N32,6,0,,0,
OOC12C3N1N32,6,0,,0,
OOC12C=C1C2,6,0,,0,
OOC12C=C1N2,6,0,,0,
OOC12C=C1O2,6,0,,0,
OOC12CC1=N2,6,0,,0,
OOC12CC1C2,6,0,,0,
OOC12CC1N2,6,0,,0,
OOC12CC1O2,6,0,,0,
OOC12CN1C2,6,0,,0,
OOC12CN1N2,6,0,,0,
OOC12CN1O2,6,0,,0,
OOC12N=C1N2,6,0,,0,
OOC12N=C1O2,6,0,,0,
OOC12NC1N2,6,0,,0,
OOC12NC1O2,6,0,,0,
OOC12NN1N2,6,0,,0,
OOC12NN1O2,6,0,,0,
OOC12OC1O2,6,0,,0,
OOC12ON1O2,6,0,,0,
OOC12n3n1n32,6,0,,0,
OOC1=C(O)C1,6,0,,0,
OOC1=C(O)N1,6,0,,0,
OOC1=C(O)O1,6,0,,0,
OOC1=C2C=C21,6,0,,0,
OOC1=C2CC21,6,0,,0,
OOC1=C2CN21,6,0,,0,
OOC1=C2N=C21,6,0,,0,
OOC1=C2NC21,6,0,,0,
OOC1=C2OC12,6,0,,0,
OOC1=C=C1O,6,0,,0,
OOC1=C=C=C1,6,0,,0,
OOC1=C=C=N1,6,0,,0,
OOC1=C=CC1,6,0,,0,
OOC1=C=CN1,6,0,,0,
OOC1=C=CO1,6,0,,0,
OOC1=C=NC1,6,0,,0,
OOC1=C=NN1,6,0,,0,
OOC1=C=NO1,6,0,,0,
OOC1=CC#C1,6,0,,0,
OOC1=CC1O,6,0,,0,
OOC1=CC=C1,6,0,,0,
OOC1=CC=N1,6,0,,0,
OOC1=CCC1,6,0,,0,
OOC1=CCN1,6,0,,0,
OOC1=CCO1,6,0,,0,
OOC1=CN1O,6,0,,0,
OOC1=CN=C1,6,0,,0,
OOC1=CN=N1,6,0,,0,
OOC1=CNC1,6,0,,0,
OOC1=COC1,6,0,,0,
OOC1=NC#C1,6,0,,0,
OOC1=NC1O,6,0,,0,
OOC1=NC=C1,6,0,,0,
OOC1=NC=N1,6,0,,0,
OOC1=NCC1,6,0,,0,
OOC1=NCN1,6,0,,0,
OOC1=NCO1,6,0,,0,
OOC1=NN1O,6,0,,0,
OOC1=NN=C1,6,0,,0,
OOC1=NN=N1,6,0,,0,
OOC1=NNC1,6,0,,0,
OOC1=NOC1,6,0,,0,
OOC1C#CC1,6,0,,0,
OOC1C#CN1,6,0,,0,
OOC1C#CO1,6,0,,0,
OOC1C2=C1C2,6,0,,0,
OOC1C2=C1N2,6,0,,0,
OOC1C2=C1O2,6,0,,0,
OOC1C2=C=C21,6,0,,0,
OOC1C2=CC21,6,0,,0,
OOC1C2=CN21,6,0,,0,
OOC1C2=NC21,6,0,,0,
OOC1C2=NN21,6,0,,0,
OOC1C2CC21,6,0,,0,
OOC1C2CN21,6,0,,0,
OOC1C2NC21,6,0,,0,
OOC1C2NN21,6,0,,0,
OOC1C2OC12,6,0,,0,
OOC1C2ON12,6,0,,0,
OOC1C=C1O,6,0,,0,
OOC1C=C=C1,6,0,,0,
OOC1C=C=N1,6,0,,0,
OOC1C=CC1,6,0,,0,
OOC1C=CN1,6,0,,0,
OOC1C=CO1,6,0,,0,
OOC1C=NC1,6,0,,0,
OOC1C=NN1,6,0,,0,
OOC1C=NO1,6,0,,0,
OOC1CC1O,6,0,,0,
OOC1CC=N1,6,0,,0,
OOC1CCC1,6,0,,0,
OOC1CCN1,6,0,,0,
OOC1CCO1,6,0,,0,
OOC1CN1O,6,0,,0,
OOC1CN=N1,6,0,,0,
OOC1CNC1,6,0,,0,
OOC1CNN1,6,0,,0,
OOC1CNO1,6,0,,0,
OOC1COC1,6,0,,0,
OOC1CON1,6,0,,0,
OOC1COO1,6,0,,0,
OOC1N2CN12,6,0,,0,
OOC1N=C1O,6,0,,0,
OOC1N=C=N1,6,0,,0,
OOC1N=CN1,6,0,,0,
OOC1N=CO1,6,0,,0,
OOC1N=NN1,6,0,,0,
OOC1N=NO1,6,0,,0,
OOC1NC1O,6,0,,0,
OOC1NCN1,6,0,,0,
OOC1NCO1,6,0,,0,
OOC1NN1O,6,0,,0,
OOC1NNN1,6,0,,0,
OOC1NNO1,6,0,,0,
OOC1NON1,6,0,,0,
OOC1NOO1,6,0,,0,
OOC1OC1O,6,0,,0,
OOC1OCO1,6,0,,0,
OOC1ON1O,6,0,,0,
OOC1ONO1,6,0,,0,
OOC1OOO1,6,0,,0,
OOC1n2[nH]n21,6,0,,0,
OOC1n2on21,6,0,,0,
OOC=C(O)O,6,0,,0,
OOC=C1C#C1,6,0,,0,
OOC=C1C=C1,6,0,,0,
OOC=C1C=N1,6,0,,0,
OOC=C1CC1,6,0,,0,
OOC=C1CN1,6,0,,0,
OOC=C1CO1,6,0,,0,
OOC=C1N=N1,6,0,,0,
OOC=C1NN1,6,0,,0,
OOC=C1NO1,6,0,,0,
OOC=C1OO1,6,0,,0,
OOC=COO,6,0,,0,
OOC=NOO,6,0,,0,
OOCC(O)O,6,0,,0,
OOCC1=C=C1,6,0,,0,
OOCC1=C=N1,6,0,,0,
OOCC1=CC1,6,0,,0,
OOCC1=CN1,6,0,,0,
OOCC1=CO1,6,0,,0,
OOCC1=NC1,6,0,,0,
OOCC1=NN1,6,0,,0,
OOCC1=NO1,6,0,,0,
OOCC1C#C1,6,0,,0,
OOCC1C=C1,6,0,,0,
OOCC1C=N1,6,0,,0,
OOCC1CC1,6,0,,0,
OOCC1CN1,6,0,,0,
OOCC1CO1,6,0,,0,
OOCC1N=N1,6,0,,0,
OOCC1NN1,6,0,,0,
OOCC1NO1,6,0,,0,
OOCC1OO1,6,0,,0,
OOCCOO,6,0,,0,
OOCN(O)O,6,0,,0,
OOCN1C#C1,6,0,,0,
OOCN1C=C1,6,0,,0,
OOCN1C=N1,6,0,,0,
OOCN1CC1,6,0,,0,
OOCN1CN1,6,0,,0,
OOCN1CO1,6,0,,0,
OOCN1N=N1,6,0,,0,
OOCNOO,6,0,,0,
OOCOOO,6,0,,0,
OOCn1[nH][nH]1,6,0,,0,
OOCn1[nH]o1,6,0,,0,
OOCn1oo1,6,0,,0,
OON(O)OO,6,0,,0,
OON1C#CC1,6,0,,0,
OON1C2=C1C2,6,0,,0,
OON1C2=C=C21,6,0,,0,
OON1C2=CC21,6,0,,0,
OON1C2=NC21,6,0,,0,
OON1C2CC21,6,0,,0,
OON1C2CN21,6,0,,0,
OON1C2NC21,6,0,,0,
OON1C2NN21,6,0,,0,
OON1C2OC21,6,0,,0,
OON1C2ON21,6,0,,0,
OON1C=C1O,6,0,,0,
OON1C=C=C1,6,0,,0,
OON1C=C=N1,6,0,,0,
OON1C=CC1,6,0,,0,
OON1C=NC1,6,0,,0,
OON1CC1O,6,0,,0,
OON1CC=N1,6,0,,0,
OON1CCC1,6,0,,0,
OON1CCN1,6,0,,0,
OON1CCO1,6,0,,0,
OON1CN1O,6,0,,0,
OON1CN=N1,6,0,,0,
OON1CNC1,6,0,,0,
OON1CNN1,6,0,,0,
OON1CNO1,6,0,,0,
OON1COC1,6,0,,0,
OON1CON1,6,0,,0,
OON1COO1,6,0,,0,
OON1N=C1O,6,0,,0,
OON1N=C=N1,6,0,,0,
OON1NC1O,6,0,,0,
OON1NCN1,6,0,,0,
OON1NCO1,6,0,,0,
OON1NNN1,6,0,,0,
OON1NNO1,6,0,,0,
OON1NON1,6,0,,0,
OON1NOO1,6,0,,0,
OON1OC1O,6,0,,0,
OON1OCO1,6,0,,0,
OON1ONO1,6,0,,0,
OON1OOO1,6,0,,0,
OON=C(O)O,6,0,,0,
OON=C1CC1,6,0,,0,
OON=C1CN1,6,0,,0,
OON=C1CO1,6,0,,0,
OON=C1NN1,6,0,,0,
OON=C1NO1,6,0,,0,
OON=C1OO1,6,0,,0,
OON=NOO,6,0,,0,
OON=c1c#c1,6,0,,0,
OON=c1cc1,6,0,,0,
OON=c1cn1,6,0,,0,
OON=c1nn1,6,0,,0,
OONC(O)O,6,0,,0,
OONC1=C=C1,6,0,,0,
OONC1=C=N1,6,0,,0,
OONC1=CC1,6,0,,0,
OONC1=CN1,6,0,,0,
OONC1=CO1,6,0,,0,
OONC1=NC1,6,0,,0,
OONC1=NN1,6,0,,0,
OONC1=NO1,6,0,,0,
OONC1C#C1,6,0,,0,
OONC1C=C1,6,0,,0,
OONC1C=N1,6,0,,0,
OONC1CC1,6,0,,0,
OONC1CN1,6,0,,0,
OONC1CO1,6,0,,0,
OONC1N=N1,6,0,,0,
OONC1NN1,6,0,,0,
OONC1NO1,6,0,,0,
OONC1OO1,6,0,,0,
OONN(O)O,6,0,,0,
OONN1C#C1,6,0,,0,
OONN1C=C1,6,0,,0,
OONN1C=N1,6,0,,0,
OONN1CC1,6,0,,0,
OONN1CN1,6,0,,0,
OONN1CO1,6,0,,0,
OONN1N=N1,6,0,,0,
OONNOO,6,0,,0,
OONOOO,6,0,,0,
OONn1[nH][nH]1,6,0,,0,
OONn1[nH]o1,6,0,,0,
OONn1oo1,6,0,,0,
OOOC(O)O,6,0,,0,
OOOC1=C=C1,6,0,,0,
OOOC1=C=N1,6,0,,0,
OOOC1=CC1,6,0,,0,
OOOC1=CN1,6,0,,0,
OOOC1=CO1,6,0,,0,
OOOC1=NC1,6,0,,0,
OOOC1=NN1,6,0,,0,
OOOC1=NO1,6,0,,0,
OOOC1C#C1,6,0,,0,
OOOC1C=C1,6,0,,0,
OOOC1C=N1,6,0,,0,
OOOC1CC1,6,0,,0,
OOOC1CN1,6,0,,0,
OOOC1CO1,6,0,,0,
OOOC1N=N1,6,0,,0,
OOOC1NN1,6,0,,0,
OOOC1NO1,6,0,,0,
OOOC1OO1,6,0,,0,
OOON(O)O,6,0,,0,
OOON1C#C1,6,0,,0,
OOON1C=C1,6,0,,0,
OOON1C=N1,6,0,,0,
OOON1CC1,6,0,,0,
OOON1CN1,6,0,,0,
OOON1CO1,6,0,,0,
OOON1N=N1,6,0,,0,
OOOOOO,6,0,,0,
OOOn1[nH][nH]1,6,0,,0,
OOOn1[nH]o1,6,0,,0,
OOOn1oo1,6,0,,0,
OOc1c2[nH]n1-2,6,0,,0,
OOc1c2on1-2,6,0,,0,
OOc1c[nH][nH]1,6,0,,0,
OOc1c[nH]o1,6,0,,0,
OOc1co[nH]1,6,0,,0,
OOc1coo1,6,0,,0,
OOc1n[nH][nH]1,6,0,,0,
OOc1n[nH]o1,6,0,,0,
OOc1no[nH]1,6,0,,0,
OOc1noo1,6,0,,0,
OOn1[nH]n1O,6,0,,0,
OOn1c#c[nH]1,6,0,,0,
OOn1c#co1,6,0,,0,
OOn1c2[nH]c1=2,6,0,,0,
OOn1c2cn1-2,6,0,,0,
OOn1c2nn1-2,6,0,,0,
OOn1c2oc1=2,6,0,,0,
OOn1cc[nH]1,6,0,,0,
OOn1cco1,6,0,,0,
OOn1cn[nH]1,6,0,,0,
OOn1cno1,6,0,,0,
OOn1n2[nH]n12,6,0,,0,
OOn1n2n1C2,6,0,,0,
OOn1n2on12,6,0,,0,
OOn1nc[nH]1,6,0,,0,
OOn1nco1,6,0,,0,
OOn1nn[nH]1,6,0,,0,
OOn1nno1,6,0,,0,
OOn1on1O,6,0,,0,
Oc1[nH][nH]c1O,6,0,,0,
Oc1[nH]c2cc1-2,6,0,,0,
Oc1[nH]c2nc1-2,6,0,,0,
Oc1[nH]n2c1C2,6,0,,0,
Oc1[nH]n2c1N2,6,0,,0,
Oc1[nH]n2c1O2,6,0,,0,
Oc1[nH]oc1O,6,0,,0,
Oc1c#c[nH]c1,6,0,,0,
Oc1c#c[nH]n1,6,0,,0,
Oc1c#coc1,6,0,,0,
Oc1c#con1,6,0,,0,
Oc1c2[nH]n1C2,6,0,,0,
Oc1c2[nH]n1[nH]2,6,0,,0,
Oc1c2[nH]n1o2,6,0,,0,
Oc1c2c#cn1-2,6,0,,0,
Oc1c2c3c1n23,6,0,,0,
Oc1c2c3c2n13,6,0,,0,
Oc1c2c[nH]c1-2,6,0,,0,
Oc1c2ccn1-2,6,0,,0,
Oc1c2cnn1-2,6,0,,0,
Oc1c2coc1-2,6,0,,0,
Oc1c2n(O)n1-2,6,0,,0,
Oc1c2n3n1C23,6,0,,0,
Oc1c2n3n1n23,6,0,,0,
Oc1c2n[nH]c1-2,6,0,,0,
Oc1c2ncn1-2,6,0,,0,
Oc1c2nnn1-2,6,0,,0,
Oc1c2noc1-2,6,0,,0,
Oc1c2on1C2,6,0,,0,
Oc1c2on1o2,6,0,,0,
Oc1c[nH]cn1,6,0,,0,
Oc1c[nH]n1O,6,0,,0,
Oc1c[nH]nn1,6,0,,0,
Oc1cc#c[nH]1,6,0,,0,
Oc1cc#co1,6,0,,0,
Oc1cc2[nH]c1-2,6,0,,0,
Oc1cc2[nH]c1=2,6,0,,0,
Oc1cc2cn1-2,6,0,,0,
Oc1cc2nn1-2,6,0,,0,
Oc1cc2oc1-2,6,0,,0,
Oc1cc2oc1=2,6,0,,0,
Oc1cc[nH]c1,6,0,,0,
Oc1cc[nH]n1,6,0,,0,
Oc1ccc[nH]1,6,0,,0,
Oc1ccco1,6,0,,0,
Oc1ccn[nH]1,6,0,,0,
Oc1ccno1,6,0,,0,
Oc1ccoc1,6,0,,0,
Oc1ccon1,6,0,,0,
Oc1cn(O)[nH]1,6,0,,0,
Oc1cn(O)o1,6,0,,0,
Oc1cn2[nH]n12,6,0,,0,
Oc1cn2cc1-2,6,0,,0,
Oc1cn2n1C2,6,0,,0,
Oc1cn2nc1-2,6,0,,0,
Oc1cn2on12,6,0,,0,
Oc1cn[nH]c1,6,0,,0,
Oc1cn[nH]n1,6,0,,0,
Oc1cnc[nH]1,6,0,,0,
Oc1cnco1,6,0,,0,
Oc1cnn[nH]1,6,0,,0,
Oc1cnno1,6,0,,0,
Oc1cnoc1,6,0,,0,
Oc1cnon1,6,0,,0,
Oc1cocn1,6,0,,0,
Oc1con1O,6,0,,0,
Oc1conn1,6,0,,0,
Oc1n[nH]n1O,6,0,,0,
Oc1nc#c[nH]1,6,0,,0,
Oc1nc#co1,6,0,,0,
Oc1nc2[nH]c1-2,6,0,,0,
Oc1nc2[nH]c1=2,6,0,,0,
Oc1nc2cn1-2,6,0,,0,
Oc1nc2nn1-2,6,0,,0,
Oc1nc2oc1-2,6,0,,0,
Oc1nc2oc1=2,6,0,,0,
Oc1nc[nH]n1,6,0,,0,
Oc1ncc[nH]1,6,0,,0,
Oc1ncco1,6,0,,0,
Oc1ncn[nH]1,6,0,,0,
Oc1ncno1,6,0,,0,
Oc1ncon1,6,0,,0,
Oc1nn(O)[nH]1,6,0,,0,
Oc1nn(O)o1,6,0,,0,
Oc1nn2[nH]n12,6,0,,0,
Oc1nn2cc1-2,6,0,,0,
Oc1nn2n1C2,6,0,,0,
Oc1nn2nc1-2,6,0,,0,
Oc1nn2on12,6,0,,0,
Oc1nn[nH]n1,6,0,,0,
Oc1nnc[nH]1,6,0,,0,
Oc1nnco1,6,0,,0,
Oc1nnn[nH]1,6,0,,0,
Oc1nnno1,6,0,,0,
Oc1nnon1,6,0,,0,
Oc1non1O,6,0,,0,
Oc1oc2cc1-2,6,0,,0,
Oc1oc2nc1-2,6,0,,0,
Oc1on2c1C2,6,0,,0,
Oc1on2c1N2,6,0,,0,
Oc1on2c1O2,6,0,,0,
Oc1ooc1O,6,0,,0,
On1[nH][nH][nH][nH]1,6,0,,0,
On1[nH][nH][nH]o1,6,0,,0,
On1[nH][nH]o[nH]1,6,0,,0,
On1[nH][nH]oo1,6,0,,0,
On1[nH]c2c1=C=2,6,0,,0,
On1[nH]c2c1C2,6,0,,0,
On1[nH]c2c1N2,6,0,,0,
On1[nH]c2c1O2,6,0,,0,
On1[nH]n2[nH]n12,6,0,,0,
On1[nH]n2on12,6,0,,0,
On1[nH]o[nH]o1,6,0,,0,
On1[nH]oo[nH]1,6,0,,0,
On1[nH]ooo1,6,0,,0,
On1c#cc#c1,6,0,,0,
On1c#ccc1,6,0,,0,
On1c#ccn1,6,0,,0,
On1c#cn1O,6,0,,0,
On1c#cnc1,6,0,,0,
On1c#cnn1,6,0,,0,
On1c2[nH]c1=C=2,6,0,,0,
On1c2c#cc1=2,6,0,,0,
On1c2c3c2c31,6,0,,0,
On1c2c3n1C23,6,0,,0,
On1c2c3n2n31,6,0,,0,
On1c2ccc1-2,6,0,,0,
On1c2ccc1=2,6,0,,0,
On1c2cn1C2,6,0,,0,
On1c2cn1[nH]2,6,0,,0,
On1c2cn1o2,6,0,,0,
On1c2cnc1-2,6,0,,0,
On1c2cnc1=2,6,0,,0,
On1c2n(O)c1=2,6,0,,0,
On1c2nn1C2,6,0,,0,
On1c2nn1[nH]2,6,0,,0,
On1c2nn1o2,6,0,,0,
On1c2nnc1-2,6,0,,0,
On1c2nnc1=2,6,0,,0,
On1c2oc1=C=2,6,0,,0,
On1cc2cc1-2,6,0,,0,
On1cc2n1C2,6,0,,0,
On1cc2n1N2,6,0,,0,
On1cc2n1O2,6,0,,0,
On1cc2nc1-2,6,0,,0,
On1cccc1,6,0,,0,
On1cccn1,6,0,,0,
On1ccn1O,6,0,,0,
On1ccnc1,6,0,,0,
On1ccnn1,6,0,,0,
On1cncn1,6,0,,0,
On1cnn1O,6,0,,0,
On1cnnc1,6,0,,0,
On1cnnn1,6,0,,0,
On1n(O)n1O,6,0,,0,
On1n2[nH][nH]n12,6,0,,0,
On1n2[nH]on12,6,0,,0,
On1n2c#cn12,6,0,,0,
On1n2ccn12,6,0,,0,
On1n2cnn12,6,0,,0,
On1n2n(O)n12,6,0,,0,
On1n2n1CC2,6,0,,0,
On1n2n1NC2,6,0,,0,
On1n2n1OC2,6,0,,0,
On1n2n3n1n23,6,0,,0,
On1n2nnn12,6,0,,0,
On1n2oon12,6,0,,0,
On1nc2cc1-2,6,0,,0,
On1nc2n1C2,6,0,,0,
On1nc2n1N2,6,0,,0,
On1nc2n1O2,6,0,,0,
On1nc2nc1-2,6,0,,0,
On1nccn1,6,0,,0,
On1ncnn1,6,0,,0,
On1nnn1O,6,0,,0,
On1nnnn1,6,0,,0,
On1o[nH][nH]o1,6,0,,0,
On1o[nH]oo1,6,0,,0,
On1oc2c1=C=2,6,0,,0,
On1oc2c1C2,6,0,,0,
On1oc2c1N2,6,0,,0,
On1oc2c1O2,6,0,,0,
On1on2[nH]n12,6,0,,0,
On1on2on12,6,0,,0,
On1oooo1,6,0,,0,
[nH]1[nH]c2[nH][nH]c12,6,0,,0,
[nH]1[nH]c2[nH]c=2[nH]1,6,0,,0,
[nH]1[nH]c2[nH]c=2o1,6,0,,0,
[nH]1[nH]c2o[nH]c12,6,0,,0,
[nH]1[nH]c2oc=2[nH]1,6,0,,0,
[nH]1[nH]c2oc=2o1,6,0,,0,
[nH]1[nH]c2ooc12,6,0,,0,
[nH]1[nH]n1-n1oo1,6,0,,0,
[nH]1[nH]n1C1OO1,6,0,,0,
[nH]1[nH]n2[nH]n1[nH]2,6,0,,0,
[nH]1[nH]n2[nH]n1o2,6,0,,0,
[nH]1[nH]n2[nH]n2[nH]1,6,0,,0,
[nH]1[nH]n2[nH]n2o1,6,0,,0,
[nH]1[nH]n2c3c1n32,6,0,,0,
[nH]1[nH]n2c3c2n13,6,0,,0,
[nH]1[nH]n2n3n1C23,6,0,,0,
[nH]1[nH]n2n3n1n23,6,0,,0,
[nH]1[nH]n2on1o2,6,0,,0,
[nH]1[nH]n2on2[nH]1,6,0,,0,
[nH]1[nH]n2on2o1,6,0,,0,
[nH]1c2[nH]c3c1c23,6,0,,0,
[nH]1c2[nH]n3c2n1-3,6,0,,0,
[nH]1c2c1c1[nH]c21,6,0,,0,
[nH]1c2c1c1oc21,6,0,,0,
[nH]1c2c1n1[nH]n21,6,0,,0,
[nH]1c2c1n1on21,6,0,,0,
[nH]1c2c3[nH]n2n13,6,0,,0,
[nH]1c2c3[nH]n3n12,6,0,,0,
[nH]1c2c3n-2[nH]n13,6,0,,0,
[nH]1c2c3n-2on13,6,0,,0,
[nH]1c2c3n1C2O3,6,0,,0,
[nH]1c2c3n1C3O2,6,0,,0,
[nH]1c2c3n1OC23,6,0,,0,
[nH]1c2c3on2n13,6,0,,0,
[nH]1c2c3on3n12,6,0,,0,
[nH]1c2n3c=2[nH]n1-3,6,0,,0,
[nH]1c2n3c=2on1-3,6,0,,0,
[nH]1c2oc3c1c23,6,0,,0,
[nH]1c2on3c2n1-3,6,0,,0,
[nH]1c2oooc1=2,6,0,,0,
[nH]1n2[nH]n1oo2,6,0,,0,
[nH]1n2[nH]n3n1n23,6,0,,0,
[nH]1n2c3c-2on13,6,0,,0,
[nH]1n2c3oc3n12,6,0,,0,
[nH]1n2n1C1OC12,6,0,,0,
[nH]1n2n1C21OO1,6,0,,0,
[nH]1n2n1N1OC12,6,0,,0,
[nH]1n2n1n1on21,6,0,,0,
[nH]1n2n3[nH]n2n13,6,0,,0,
[nH]1n2n3on2n13,6,0,,0,
[nH]1n2on3n1n23,6,0,,0,
[nH]1n2oon1o2,6,0,,0,
[nH]1n2ooon12,6,0,,0,
[nH]1o[nH]c2[nH]c1=2,6,0,,0,
[nH]1o[nH]c2oc1=2,6,0,,0,
[nH]1o[nH]n2[nH]n12,6,0,,0,
[nH]1o[nH]n2on12,6,0,,0,
[nH]1oc2[nH]c=2o1,6,0,,0,
[nH]1oc2[nH]oc12,6,0,,0,
[nH]1oc2c3n1n23,6,0,,0,
[nH]1oc2o[nH]c12,6,0,,0,
[nH]1oc2oc=2o1,6,0,,0,
[nH]1oc2ooc12,6,0,,0,
[nH]1on1-n1oo1,6,0,,0,
[nH]1on1C1OO1,6,0,,0,
[nH]1on2[nH]n1[nH]2,6,0,,0,
[nH]1on2[nH]n1o2,6,0,,0,
[nH]1on2[nH]n2o1,6,0,,0,
[nH]1on2c3c1n32,6,0,,0,
[nH]1on2c3c2n13,6,0,,0,
[nH]1on2n3n1C23,6,0,,0,
[nH]1on2n3n1n23,6,0,,0,
[nH]1on2on1o2,6,0,,0,
[nH]1on2on2o1,6,0,,0,
[nH]1ooc2[nH]c1=2,6,0,,0,
[nH]1ooc2oc1=2,6,0,,0,
[nH]1oon2[nH]n12,6,0,,0,
[nH]1oon2on12,6,0,,0,
c12c3c-1n1c2C31,6,0,,0,
c12c3c1c1c2c31,6,0,,0,
c12c3c1n1c2n31,6,0,,0,
c12c3c4c1c3c24,6,0,,0,
c12c3c4c1n3n24,6,0,,0,
c12c3c4c1n4n23,6,0,,0,
c12c3c4n(c1-4)C23,6,0,,0,
c12c3c4n(c1=4)C23,6,0,,0,
c12c3c4n-1c2n4-3,6,0,,0,
c12c3c4n-3c1C24,6,0,,0,
c12c3n1n1n2n31,6,0,,0,
c12c3n4n(n14)C23,6,0,,0,
c12c3n4n1C2C34,6,0,,0,
c12c3n4n1C2N34,6,0,,0,
c12c3n4n1C3C24,6,0,,0,
c12c3n4n1C3N24,6,0,,0,
c12c3n4n1C4C23,6,0,,0,
c12c3n4n1C4N23,6,0,,0,
c12c3n4n1n2n34,6,0,,0,
c12c3n4n1n3C24,6,0,,0,
c12c3n4n1n3n24,6,0,,0,
c1[nH][nH][nH][nH]c#1,6,0,,0,
c1[nH][nH][nH]oc#1,6,0,,0,
c1[nH][nH]n2[nH]c1-2,6,0,,0,
c1[nH][nH]n2oc1-2,6,0,,0,
c1[nH][nH]o[nH]c#1,6,0,,0,
c1[nH][nH]ooc#1,6,0,,0,
c1[nH]c2c(c#1)C2,6,0,,0,
c1[nH]c2c(c#1)N2,6,0,,0,
c1[nH]c2c(c#1)O2,6,0,,0,
c1[nH]c2c3c1C23,6,0,,0,
c1[nH]c2c3c1N23,6,0,,0,
c1[nH]c2cc1C2,6,0,,0,
c1[nH]c2cc1N2,6,0,,0,
c1[nH]c2cc1O2,6,0,,0,
c1[nH]c2nc1C2,6,0,,0,
c1[nH]c2nc1N2,6,0,,0,
c1[nH]c2nc1O2,6,0,,0,
c1[nH]cc2c1C2,6,0,,0,
c1[nH]cc2c1N2,6,0,,0,
c1[nH]cc2c1O2,6,0,,0,
c1[nH]n2[nH][nH]c12,6,0,,0,
c1[nH]n2[nH]n2c#1,6,0,,0,
c1[nH]n2[nH]oc12,6,0,,0,
c1[nH]n2c1CC2,6,0,,0,
c1[nH]n2c1CN2,6,0,,0,
c1[nH]n2c1CO2,6,0,,0,
c1[nH]n2c1N=N2,6,0,,0,
c1[nH]n2c1NC2,6,0,,0,
c1[nH]n2c1OC2,6,0,,0,
c1[nH]n2n3c1n23,6,0,,0,
c1[nH]n2o[nH]c12,6,0,,0,
c1[nH]n2on2c#1,6,0,,0,
c1[nH]n2ooc12,6,0,,0,
c1[nH]nc2c1C2,6,0,,0,
c1[nH]nc2c1N2,6,0,,0,
c1[nH]nc2c1O2,6,0,,0,
c1[nH]o[nH]oc#1,6,0,,0,
c1[nH]on2[nH]c1-2,6,0,,0,
c1[nH]on2oc1-2,6,0,,0,
c1[nH]oo[nH]c#1,6,0,,0,
c1[nH]oooc#1,6,0,,0,
c1c#cc#cc#1,6,0,,0,
c1c#cccc#1,6,0,,0,
c1c#cncc#1,6,0,,0,
c1c#cnnc#1,6,0,,0,
c1c2[nH][nH][nH]n1-2,6,0,,0,
c1c2[nH][nH]on1-2,6,0,,0,
c1c2[nH]n1CC2,6,0,,0,
c1c2[nH]n1CN2,6,0,,0,
c1c2[nH]n1CO2,6,0,,0,
c1c2[nH]n1NC2,6,0,,0,
c1c2[nH]n1NN2,6,0,,0,
c1c2[nH]n1NO2,6,0,,0,
c1c2[nH]n1OC2,6,0,,0,
c1c2[nH]n1ON2,6,0,,0,
c1c2[nH]n1OO2,6,0,,0,
c1c2[nH]n3n1n23,6,0,,0,
c1c2[nH]o[nH]n1-2,6,0,,0,
c1c2[nH]oon1-2,6,0,,0,
c1c2c#cc=2c#1,6,0,,0,
c1c2c3[nH]c1n3-2,6,0,,0,
c1c2c3[nH]n1c3-2,6,0,,0,
c1c2c3[nH]n2c13,6,0,,0,
c1c2c3c(c#1)c23,6,0,,0,
c1c2c3c(n1-2)C3,6,0,,0,
c1c2c3c(n1-2)N3,6,0,,0,
c1c2c3c(n1-2)O3,6,0,,0,
c1c2c3c(n1-3)C2,6,0,,0,
c1c2c3c(n1-3)N2,6,0,,0,
c1c2c3c(n1-3)O2,6,0,,0,
c1c2c3c-2cc1=3,6,0,,0,
c1c2c3c-2n1C3,6,0,,0,
c1c2c3c-2nc1=3,6,0,,0,
c1c2c3cc-3c1-2,6,0,,0,
c1c2c3cc2c13,6,0,,0,
c1c2c3cn1n23,6,0,,0,
c1c2c3cn2n13,6,0,,0,
c1c2c3n(c#1)C23,6,0,,0,
c1c2c3n(c#1)n23,6,0,,0,
c1c2c3n(c1-2)C3,6,0,,0,
c1c2c3n(c1-2)N3,6,0,,0,
c1c2c3n(c1-2)O3,6,0,,0,
c1c2c3n(c1-3)C2,6,0,,0,
c1c2c3n(c1=3)C2,6,0,,0,
c1c2c3n-2c1C3,6,0,,0,
c1c2c3nc-3c1-2,6,0,,0,
c1c2c3nc2c13,6,0,,0,
c1c2c3nn1n23,6,0,,0,
c1c2c3nn2n13,6,0,,0,
c1c2c3oc1n3-2,6,0,,0,
c1c2c3on1c3-2,6,0,,0,
c1c2c3on2c13,6,0,,0,
c1c2cc3c-2c1-3,6,0,,0,
c1c2ccc-2c#1,6,0,,0,
c1c2ccc=2c#1,6,0,,0,
c1c2cn(c#1)C2,6,0,,0,
c1c2cn(c#1)[nH]2,6,0,,0,
c1c2cn(c#1)o2,6,0,,0,
c1c2cnc-2c#1,6,0,,0,
c1c2cnc=2c#1,6,0,,0,
c1c2n3[nH]c1c3-2,6,0,,0,
c1c2n3[nH]c1c3=2,6,0,,0,
c1c2n3[nH]n2n13,6,0,,0,
c1c2n3[nH]n3n1-2,6,0,,0,
c1c2n3cc1n3-2,6,0,,0,
c1c2n3n(n13)C2,6,0,,0,
c1c2n3n-2[nH]n13,6,0,,0,
c1c2n3n-2on13,6,0,,0,
c1c2n3n1C2C3,6,0,,0,
c1c2n3n1C2N3,6,0,,0,
c1c2n3n1C2O3,6,0,,0,
c1c2n3n1C3C2,6,0,,0,
c1c2n3n1C3N2,6,0,,0,
c1c2n3n1C3O2,6,0,,0,
c1c2n3n1CC23,6,0,,0,
c1c2n3n1CN23,6,0,,0,
c1c2n3n1NC23,6,0,,0,
c1c2n3n1OC23,6,0,,0,
c1c2n3n1n2C3,6,0,,0,
c1c2n3nc1n3-2,6,0,,0,
c1c2n3oc1c3-2,6,0,,0,
c1c2n3oc1c3=2,6,0,,0,
c1c2n3on2n13,6,0,,0,
c1c2n3on3n1-2,6,0,,0,
c1c2n[nH]c1C2,6,0,,0,
c1c2n[nH]c1N2,6,0,,0,
c1c2n[nH]c1O2,6,0,,0,
c1c2nc3c-2c1-3,6,0,,0,
c1c2nc3n1n2-3,6,0,,0,
c1c2nn(c#1)C2,6,0,,0,
c1c2nn(c#1)[nH]2,6,0,,0,
c1c2nn(c#1)o2,6,0,,0,
c1c2nnc-2c#1,6,0,,0,
c1c2nnc=2c#1,6,0,,0,
c1c2nnn1C2,6,0,,0,
c1c2nnn1[nH]2,6,0,,0,
c1c2nnn1o2,6,0,,0,
c1c2nnnc1-2,6,0,,0,
c1c2noc1C2,6,0,,0,
c1c2noc1N2,6,0,,0,
c1c2noc1O2,6,0,,0,
c1c2o[nH][nH]n1-2,6,0,,0,
c1c2o[nH]on1-2,6,0,,0,
c1c2on1CC2,6,0,,0,
c1c2on1CN2,6,0,,0,
c1c2on1CO2,6,0,,0,
c1c2on1NC2,6,0,,0,
c1c2on1NN2,6,0,,0,
c1c2on1NO2,6,0,,0,
c1c2on1OC2,6,0,,0,
c1c2on1ON2,6,0,,0,
c1c2on1OO2,6,0,,0,
c1c2on3n1n23,6,0,,0,
c1c2oo[nH]n1-2,6,0,,0,
c1c2ooon1-2,6,0,,0,
c1c[nH][nH][nH][nH]1,6,0,,0,
c1c[nH]o[nH][nH]1,6,0,,0,
c1c[nH]oo[nH]1,6,0,,0,
c1cc2[nH]c1C2,6,0,,0,
c1cc2[nH]c1[nH]2,6,0,,0,
c1cc2[nH]c1o2,6,0,,0,
c1cc2c([nH]1)C2,6,0,,0,
c1cc2c([nH]1)N2,6,0,,0,
c1cc2c([nH]1)O2,6,0,,0,
c1cc2c(o1)C2,6,0,,0,
c1cc2c(o1)N2,6,0,,0,
c1cc2c(o1)O2,6,0,,0,
c1cc2c3c1c23,6,0,,0,
c1cc2cc-2c#1,6,0,,0,
c1cc2cc-2c1,6,0,,0,
c1cc2cc-2n1,6,0,,0,
c1cc2ccc1-2,6,0,,0,
c1cc2ccc1=2,6,0,,0,
c1cc2n(c#1)C2,6,0,,0,
c1cc2n(c#1)N2,6,0,,0,
c1cc2n(c#1)O2,6,0,,0,
c1cc2n(c1)C2,6,0,,0,
c1cc2n(c1)N2,6,0,,0,
c1cc2n(c1)O2,6,0,,0,
c1cc2n(n1)C2,6,0,,0,
c1cc2n(n1)N2,6,0,,0,
c1cc2n(n1)O2,6,0,,0,
c1cc2n3c1C23,6,0,,0,
c1cc2n3c1n2-3,6,0,,0,
c1cc2nc-2c#1,6,0,,0,
c1cc2nc-2c1,6,0,,0,
c1cc2nc-2n1,6,0,,0,
c1cc2ncc1-2,6,0,,0,
c1cc2ncc1=2,6,0,,0,
c1cc2nnc1-2,6,0,,0,
c1cc2nnc1=2,6,0,,0,
c1cc2oc1C2,6,0,,0,
c1cc2oc1o2,6,0,,0,
c1ccccc#1,6,1,ortho-benzyne,2021,
c1ccccc1,6,1,benzene,2001,
c1cccnc#1,6,0,,0,
c1ccncc#1,6,0,,0,
c1ccncc1,6,0,,0,
c1ccnnc#1,6,0,,0,
c1ccnnc1,6,0,,0,
c1cn2[nH][nH]n12,6,0,,0,
c1cn2[nH]n2[nH]1,6,0,,0,
c1cn2[nH]n2o1,6,0,,0,
c1cn2c(n1)C2,6,0,,0,
c1cn2c(n1)N2,6,0,,0,
c1cn2c(n1)O2,6,0,,0,
c1cn2c3c1C32,6,0,,0,
c1cn2c3c1n32,6,0,,0,
c1cn2cc1C2,6,0,,0,
c1cn2cc1[nH]2,6,0,,0,
c1cn2cc1o2,6,0,,0,
c1cn2ccn12,6,0,,0,
c1cn2n1CC2,6,0,,0,
c1cn2n1CN2,6,0,,0,
c1cn2n1CO2,6,0,,0,
c1cn2n3n1n23,6,0,,0,
c1cn2nc1C2,6,0,,0,
c1cn2nc1[nH]2,6,0,,0,
c1cn2nc1o2,6,0,,0,
c1cn2ncn12,6,0,,0,
c1cn2nnn12,6,0,,0,
c1cn2o[nH]n12,6,0,,0,
c1cn2on2[nH]1,6,0,,0,
c1cn2on2o1,6,0,,0,
c1cn2oon12,6,0,,0,
c1cnccn1,6,0,,0,
c1cncnc#1,6,0,,0,
c1cncnc1,6,0,,0,
c1cnncc#1,6,0,,0,
c1cnncn1,6,0,,0,
c1cnnnc#1,6,0,,0,
c1cnnnc1,6,0,,0,
c1cnnnn1,6,0,,0,
c1co[nH][nH][nH]1,6,0,,0,
c1co[nH][nH]o1,6,0,,0,
c1co[nH]o[nH]1,6,0,,0,
c1coo[nH][nH]1,6,0,,0,
c1coo[nH]o1,6,0,,0,
c1cooo[nH]1,6,0,,0,
c1coooo1,6,0,,0,
c1n2[nH][nH]n2c#1,6,0,,0,
c1n2[nH]on2c#1,6,0,,0,
c1n2c#cn2c#1,6,0,,0,
c1n2ccn2c#1,6,0,,0,
c1n2cnn2c#1,6,0,,0,
c1n2n(c#1)CC2,6,0,,0,
c1n2n(c#1)NC2,6,0,,0,
c1n2n(c#1)OC2,6,0,,0,
c1n2n3n(c#1)n23,6,0,,0,
c1n2nnn2c#1,6,0,,0,
c1n2oon2c#1,6,0,,0,
c1n[nH][nH][nH][nH]1,6,0,,0,
c1n[nH][nH][nH]o1,6,0,,0,
c1n[nH][nH]o[nH]1,6,0,,0,
c1n[nH][nH]oo1,6,0,,0,
c1n[nH]c2c1C2,6,0,,0,
c1n[nH]c2c1N2,6,0,,0,
c1n[nH]c2c1O2,6,0,,0,
c1n[nH]n2[nH]n12,6,0,,0,
c1n[nH]n2on12,6,0,,0,
c1n[nH]o[nH][nH]1,6,0,,0,
c1n[nH]o[nH]o1,6,0,,0,
c1n[nH]oo[nH]1,6,0,,0,
c1n[nH]ooo1,6,0,,0,
c1nc2[nH]c1C2,6,0,,0,
c1nc2[nH]c1[nH]2,6,0,,0,
c1nc2[nH]c1o2,6,0,,0,
c1nc2c([nH]1)C2,6,0,,0,
c1nc2c([nH]1)N2,6,0,,0,
c1nc2c([nH]1)O2,6,0,,0,
c1nc2c(o1)C2,6,0,,0,
c1nc2c(o1)N2,6,0,,0,
c1nc2c(o1)O2,6,0,,0,
c1nc2c3c1c23,6,0,,0,
c1nc2c3n1C23,6,0,,0,
c1nc2c3n1n23,6,0,,0,
c1nc2cc-2c#1,6,0,,0,
c1nc2cc-2n1,6,0,,0,
c1nc2cn1C2,6,0,,0,
c1nc2cn1[nH]2,6,0,,0,
c1nc2cn1o2,6,0,,0,
c1nc2cnc1-2,6,0,,0,
c1nc2cnc1=2,6,0,,0,
c1nc2n(c#1)C2,6,0,,0,
c1nc2n(c#1)N2,6,0,,0,
c1nc2n(c#1)O2,6,0,,0,
c1nc2n(n1)C2,6,0,,0,
c1nc2n(n1)N2,6,0,,0,
c1nc2n(n1)O2,6,0,,0,
c1nc2n3c1C23,6,0,,0,
c1nc2n3c1n2-3,6,0,,0,
c1nc2nc-2c#1,6,0,,0,
c1nc2nc-2n1,6,0,,0,
c1nc2ncc1-2,6,0,,0,
c1nc2ncc1=2,6,0,,0,
c1nc2nn1C2,6,0,,0,
c1nc2nn1[nH]2,6,0,,0,
c1nc2nn1o2,6,0,,0,
c1nc2nnc1-2,6,0,,0,
c1nc2nnc1=2,6,0,,0,
c1nc2oc1C2,6,0,,0,
c1nc2oc1o2,6,0,,0,
c1ncc2cc1-2,6,0,,0,
c1ncc2nc1-2,6,0,,0,
c1nccnc#1,6,0,,0,
c1ncn2c1C2,6,0,,0,
c1ncn2c1N2,6,0,,0,
c1ncn2c1O2,6,0,,0,
c1ncncn1,6,0,,0,
c1ncnnc#1,6,0,,0,
c1ncnnn1,6,0,,0,
c1nn2[nH][nH]n12,6,0,,0,
c1nn2[nH]n2[nH]1,6,0,,0,
c1nn2[nH]n2o1,6,0,,0,
c1nn2[nH]on12,6,0,,0,
c1nn2c3c1C32,6,0,,0,
c1nn2c3c1n32,6,0,,0,
c1nn2cc1C2,6,0,,0,
c1nn2cc1[nH]2,6,0,,0,
c1nn2cc1o2,6,0,,0,
c1nn2cnn12,6,0,,0,
c1nn2n1CC2,6,0,,0,
c1nn2n1CN2,6,0,,0,
c1nn2n1CO2,6,0,,0,
c1nn2n1NC2,6,0,,0,
c1nn2n1OC2,6,0,,0,
c1nn2n3n1n23,6,0,,0,
c1nn2nc1C2,6,0,,0,
c1nn2nc1[nH]2,6,0,,0,
c1nn2nc1o2,6,0,,0,
c1nn2ncn12,6,0,,0,
c1nn2nnn12,6,0,,0,
c1nn2o[nH]n12,6,0,,0,
c1nn2on2[nH]1,6,0,,0,
c1nn2on2o1,6,0,,0,
c1nn2oon12,6,0,,0,
c1nnc2cc1-2,6,0,,0,
c1nnc2n1C2,6,0,,0,
c1nnc2n1N2,6,0,,0,
c1nnc2n1O2,6,0,,0,
c1nnc2nc1-2,6,0,,0,
c1nncnn1,6,0,,0,
c1nnn2c1C2,6,0,,0,
c1nnn2c1N2,6,0,,0,
c1nnn2c1O2,6,0,,0,
c1nnnnc#1,6,0,,0,
c1nnnnn1,6,0,,0,
c1no[nH][nH][nH]1,6,0,,0,
c1no[nH][nH]o1,6,0,,0,
c1no[nH]o[nH]1,6,0,,0,
c1no[nH]oo1,6,0,,0,
c1noc2c1C2,6,0,,0,
c1noc2c1N2,6,0,,0,
c1noc2c1O2,6,0,,0,
c1non2[nH]n12,6,0,,0,
c1non2on12,6,0,,0,
c1noo[nH][nH]1,6,0,,0,
c1noo[nH]o1,6,0,,0,
c1nooo[nH]1,6,0,,0,
c1noooo1,6,0,,0,
c1o[nH][nH]oc#1,6,0,,0,
c1o[nH]n2[nH]c1-2,6,0,,0,
c1o[nH]n2oc1-2,6,0,,0,
c1o[nH]ooc#1,6,0,,0,
c1oc2c(c#1)C2,6,0,,0,
c1oc2c(c#1)N2,6,0,,0,
c1oc2c(c#1)O2,6,0,,0,
c1oc2c3c1C23,6,0,,0,
c1oc2c3c1N23,6,0,,0,
c1oc2cc1C2,6,0,,0,
c1oc2cc1N2,6,0,,0,
c1oc2cc1O2,6,0,,0,
c1oc2nc1C2,6,0,,0,
c1oc2nc1N2,6,0,,0,
c1oc2nc1O2,6,0,,0,
c1occ2c1C2,6,0,,0,
c1occ2c1N2,6,0,,0,
c1occ2c1O2,6,0,,0,
c1on2[nH][nH]c12,6,0,,0,
c1on2[nH]n2c#1,6,0,,0,
c1on2[nH]oc12,6,0,,0,
c1on2c1CC2,6,0,,0,
c1on2c1CN2,6,0,,0,
c1on2c1CO2,6,0,,0,
c1on2c1N=N2,6,0,,0,
c1on2c1NC2,6,0,,0,
c1on2c1OC2,6,0,,0,
c1on2n3c1n23,6,0,,0,
c1on2o[nH]c12,6,0,,0,
c1on2on2c#1,6,0,,0,
c1on2ooc12,6,0,,0,
c1onc2c1C2,6,0,,0,
c1onc2c1N2,6,0,,0,
c1onc2c1O2,6,0,,0,
c1oon2[nH]c1-2,6,0,,0,
c1oon2oc1-2,6,0,,0,
c1ooooc#1,6,0,,0,
n12n3n1n1n2n31,6,0,,0,
n12n3n4n1n3n24,6,0,,0,
n1[nH][nH]n2[nH]c1-2,6,0,,0,
n1[nH][nH]n2oc1-2,6,0,,0,
n1[nH]c2c3c1C23,6,0,,0,
n1[nH]c2c3c1N23,6,0,,0,
n1[nH]c2nc1N2,6,0,,0,
n1[nH]c2nc1O2,6,0,,0,
n1[nH]n2[nH][nH]c12,6,0,,0,
n1[nH]n2[nH]oc12,6,0,,0,
n1[nH]n2n3c1n23,6,0,,0,
n1[nH]n2o[nH]c12,6,0,,0,
n1[nH]n2ooc12,6,0,,0,
n1[nH]nc2c1N2,6,0,,0,
n1[nH]nc2c1O2,6,0,,0,
n1[nH]on2[nH]c1-2,6,0,,0,
n1[nH]on2oc1-2,6,0,,0,
n1c2[nH][nH][nH]n1-2,6,0,,0,
n1c2[nH][nH]on1-2,6,0,,0,
n1c2[nH]n1NN2,6,0,,0,
n1c2[nH]n1NO2,6,0,,0,
n1c2[nH]n1ON2,6,0,,0,
n1c2[nH]n1OO2,6,0,,0,
n1c2[nH]n3n1n23,6,0,,0,
n1c2[nH]o[nH]n1-2,6,0,,0,
n1c2[nH]oon1-2,6,0,,0,
n1c2c3[nH]c1n3-2,6,0,,0,
n1c2c3[nH]n1c3-2,6,0,,0,
n1c2c3[nH]n2c13,6,0,,0,
n1c2c3c(n1-2)N3,6,0,,0,
n1c2c3c(n1-2)O3,6,0,,0,
n1c2c3c(n1-3)N2,6,0,,0,
n1c2c3c(n1-3)O2,6,0,,0,
n1c2c3c-2nc1=3,6,0,,0,
n1c2c3n(c1-2)N3,6,0,,0,
n1c2c3n(c1-2)O3,6,0,,0,
n1c2c3nc-3c1-2,6,0,,0,
n1c2c3nc2c13,6,0,,0,
n1c2c3nn1n23,6,0,,0,
n1c2c3nn2n13,6,0,,0,
n1c2c3oc1n3-2,6,0,,0,
n1c2c3on1c3-2,6,0,,0,
n1c2c3on2c13,6,0,,0,
n1c2n3[nH]c1c3-2,6,0,,0,
n1c2n3[nH]c1c3=2,6,0,,0,
n1c2n3[nH]n2n13,6,0,,0,
n1c2n3[nH]n3n1-2,6,0,,0,
n1c2n3n-2[nH]n13,6,0,,0,
n1c2n3n-2on13,6,0,,0,
n1c2n3n1C2N3,6,0,,0,
n1c2n3n1C2O3,6,0,,0,
n1c2n3n1C3N2,6,0,,0,
n1c2n3n1C3O2,6,0,,0,
n1c2n3n1NC23,6,0,,0,
n1c2n3n1OC23,6,0,,0,
n1c2n3nc1n3-2,6,0,,0,
n1c2n3oc1c3-2,6,0,,0,
n1c2n3oc1c3=2,6,0,,0,
n1c2n3on2n13,6,0,,0,
n1c2n3on3n1-2,6,0,,0,
n1c2nc3c-2c1-3,6,0,,0,
n1c2o[nH][nH]n1-2,6,0,,0,
n1c2o[nH]on1-2,6,0,,0,
n1c2on1NN2,6,0,,0,
n1c2on1NO2,6,0,,0,
n1c2on1ON2,6,0,,0,
n1c2on1OO2,6,0,,0,
n1c2on3n1n23,6,0,,0,
n1c2oo[nH]n1-2,6,0,,0,
n1c2ooon1-2,6,0,,0,
n1n[nH][nH][nH][nH]1,6,0,,0,
n1n[nH]o[nH][nH]1,6,0,,0,
n1n[nH]oo[nH]1,6,0,,0,
n1nc2[nH]c1[nH]2,6,0,,0,
n1nc2[nH]c1o2,6,0,,0,
n1nc2c([nH]1)N2,6,0,,0,
n1nc2c([nH]1)O2,6,0,,0,
n1nc2c(o1)N2,6,0,,0,
n1nc2c(o1)O2,6,0,,0,
n1nc2c3c1c23,6,0,,0,
n1nc2n(n1)N2,6,0,,0,
n1nc2n(n1)O2,6,0,,0,
n1nc2n3c1C23,6,0,,0,
n1nc2n3c1n2-3,6,0,,0,
n1nc2nc-2n1,6,0,,0,
n1nc2nnc1-2,6,0,,0,
n1nc2nnc1=2,6,0,,0,
n1nc2oc1o2,6,0,,0,
n1nn2[nH][nH]n12,6,0,,0,
n1nn2[nH]n2[nH]1,6,0,,0,
n1nn2[nH]n2o1,6,0,,0,
n1nn2c3c1C32,6,0,,0,
n1nn2c3c1n32,6,0,,0,
n1nn2n3n1n23,6,0,,0,
n1nn2nc1[nH]2,6,0,,0,
n1nn2nc1o2,6,0,,0,
n1nn2nnn12,6,0,,0,
n1nn2o[nH]n12,6,0,,0,
n1nn2on2[nH]1,6,0,,0,
n1nn2on2o1,6,0,,0,
n1nn2oon12,6,0,,0,
n1nnnnn1,6,0,,0,
n1no[nH][nH][nH]1,6,0,,0,
n1no[nH][nH]o1,6,0,,0,
n1no[nH]o[nH]1,6,0,,0,
n1noo[nH][nH]1,6,0,,0,
n1noo[nH]o1,6,0,,0,
n1nooo[nH]1,6,0,,0,
n1noooo1,6,0,,0,
n1o[nH]n2[nH]c1-2,6,0,,0,
n1o[nH]n2oc1-2,6,0,,0,
n1oc2c3c1C23,6,0,,0,
n1oc2c3c1N23,6,0,,0,
n1oc2nc1N2,6,0,,0,
n1oc2nc1O2,6,0,,0,
n1on2[nH][nH]c12,6,0,,0,
n1on2[nH]oc12,6,0,,0,
n1on2n3c1n23,6,0,,0,
n1on2o[nH]c12,6,0,,0,
n1on2ooc12,6,0,,0,
n1onc2c1N2,6,0,,0,
n1onc2c1O2,6,0,,0,
n1oon2[nH]c1-2,6,0,,0,
n1oon2oc1-2,6,0,,0,
o1c2c1c1oc21,6,0,,0,
o1c2c1n1on21,6,0,,0,
o1c2c3n-2on13,6,0,,0,
o1c2c3on2n13,6,0,,0,
o1c2c3on3n12,6,0,,0,
o1c2n3c=2on1-3,6,0,,0,
o1c2oc3c1c23,6,0,,0,
o1c2on3c2n1-3,6,0,,0,
o1n2n1n1on21,6,0,,0,
o1n2n3on2n13,6,0,,0,
o1n2on3n1n23,6,0,,0,
o1oc2oc=2o1,6,0,,0,
o1oc2ooc12,6,0,,0,
o1on1-n1oo1,6,0,,0,
o1on2c3c1n32,6,0,,0,
o1on2c3c2n13,6,0,,0,
o1on2n3n1C23,6,0,,0,
o1on2n3n1n23,6,0,,0,
o1on2on1o2,6,0,,0,
o1on2on2o1,6,0,,0,
